submitted: GPU-skinned actor part race=0 file=d:\ymir work\pc\warrior\warrior_4-1.gr2 vid=0 part=0 category=0 position=0,70,30 vertices=2582 deform_vertices=2582 rigid_vertices=0
material group=1 stage=3 alpha_test=0 blend=0 rigid=0 mesh=7 cull=0 depth_write=1 texture=d:\ymir work\pc\warrior\warrior_4-2.dds race=0 file=d:\ymir work\pc\warrior\warrior_4-1.gr2 vid=0 part=0 category=0 position=0,70,30 vertices=2582 deform_vertices=2582 rigid_vertices=0
material group=1 stage=3 alpha_test=0 blend=0 rigid=0 mesh=6 cull=0 depth_write=1 texture=d:\ymir work\pc\warrior\warrior_4-2.dds race=0 file=d:\ymir work\pc\warrior\warrior_4-1.gr2 vid=0 part=0 category=0 position=0,70,30 vertices=2582 deform_vertices=2582 rigid_vertices=0
material group=1 stage=3 alpha_test=0 blend=0 rigid=0 mesh=5 cull=0 depth_write=1 texture=d:\ymir work\pc\warrior\warrior_4-2.dds race=0 file=d:\ymir work\pc\warrior\warrior_4-1.gr2 vid=0 part=0 category=0 position=0,70,30 vertices=2582 deform_vertices=2582 rigid_vertices=0
material group=1 stage=3 alpha_test=0 blend=0 rigid=0 mesh=4 cull=0 depth_write=1 texture=d:\ymir work\pc\warrior\warrior_4-2.dds race=0 file=d:\ymir work\pc\warrior\warrior_4-1.gr2 vid=0 part=0 category=0 position=0,70,30 vertices=2582 deform_vertices=2582 rigid_vertices=0
material group=1 stage=3 alpha_test=0 blend=0 rigid=0 mesh=3 cull=0 depth_write=1 texture=d:\ymir work\pc\warrior\warrior_4-2.dds race=0 file=d:\ymir work\pc\warrior\warrior_4-1.gr2 vid=0 part=0 category=0 position=0,70,30 vertices=2582 deform_vertices=2582 rigid_vertices=0
material group=1 stage=3 alpha_test=0 blend=0 rigid=0 mesh=2 cull=0 depth_write=1 texture=d:\ymir work\pc\warrior\warrior_4-2.dds race=0 file=d:\ymir work\pc\warrior\warrior_4-1.gr2 vid=0 part=0 category=0 position=0,70,30 vertices=2582 deform_vertices=2582 rigid_vertices=0
material group=1 stage=3 alpha_test=0 blend=0 rigid=0 mesh=1 cull=0 depth_write=1 texture=d:\ymir work\pc\warrior\warrior_4-2.dds race=0 file=d:\ymir work\pc\warrior\warrior_4-1.gr2 vid=0 part=0 category=0 position=0,70,30 vertices=2582 deform_vertices=2582 rigid_vertices=0
material group=0 stage=0 alpha_test=0 blend=0 rigid=0 mesh=0 cull=0 depth_write=1 texture=d:\ymir work\pc\warrior\warrior_face.dds race=0 file=d:\ymir work\pc\warrior\warrior_4-1.gr2 vid=0 part=0 category=0 position=0,70,30 vertices=2582 deform_vertices=2582 rigid_vertices=0
submitted: GPU-skinned actor part race=0 file=d:\ymir work\pc\warrior\warrior_4-1.gr2 vid=0 part=4 category=0 position=0,70,30 vertices=427 deform_vertices=427 rigid_vertices=0
material group=0 stage=0 alpha_test=0 blend=0 rigid=0 mesh=0 cull=0 depth_write=1 texture=d:\ymir work\pc\warrior\warrior_hair_01.dds race=0 file=d:\ymir work\pc\warrior\warrior_4-1.gr2 vid=0 part=4 category=0 position=0,70,30 vertices=427 deform_vertices=427 rigid_vertices=0
submitted: GPU-skinned actor part race=101 file=d:\ymir work\monster\stray_dog\stray_dog.gr2 vid=22904 part=0 category=2 position=39421.2,-61946.5,17821.7 vertices=499 deform_vertices=499 rigid_vertices=0
material group=0 stage=0 alpha_test=0 blend=0 rigid=0 mesh=0 cull=0 depth_write=1 texture=d:\ymir work\monster\stray_dog\stray_dog.dds race=101 file=d:\ymir work\monster\stray_dog\stray_dog.gr2 vid=22904 part=0 category=2 position=39421.2,-61946.5,17821.7 vertices=499 deform_vertices=499 rigid_vertices=0
submitted: GPU-skinned actor part race=101 file=d:\ymir work\monster\stray_dog\stray_dog.gr2 vid=22471 part=0 category=2 position=39202,-61927,17827 vertices=499 deform_vertices=499 rigid_vertices=0
material group=0 stage=0 alpha_test=0 blend=0 rigid=0 mesh=0 cull=0 depth_write=1 texture=d:\ymir work\monster\stray_dog\stray_dog.dds race=101 file=d:\ymir work\monster\stray_dog\stray_dog.gr2 vid=22471 part=0 category=2 position=39202,-61927,17827 vertices=499 deform_vertices=499 rigid_vertices=0
submitted: GPU-skinned actor part race=101 file=d:\ymir work\monster\stray_dog\stray_dog.gr2 vid=23375 part=0 category=2 position=39946,-61497,17789.5 vertices=682 deform_vertices=682 rigid_vertices=0
material group=0 stage=0 alpha_test=0 blend=0 rigid=0 mesh=0 cull=0 depth_write=1 texture=d:\ymir work\monster\stray_dog\stray_dog.dds race=101 file=d:\ymir work\monster\stray_dog\stray_dog.gr2 vid=23375 part=0 category=2 position=39946,-61497,17789.5 vertices=682 deform_vertices=682 rigid_vertices=0
submitted: GPU-skinned actor part race=101 file=d:\ymir work\monster\stray_dog\stray_dog.gr2 vid=22715 part=0 category=2 position=39508,-61389,17794.9 vertices=682 deform_vertices=682 rigid_vertices=0
material group=0 stage=0 alpha_test=0 blend=0 rigid=0 mesh=0 cull=0 depth_write=1 texture=d:\ymir work\monster\stray_dog\stray_dog.dds race=101 file=d:\ymir work\monster\stray_dog\stray_dog.gr2 vid=22715 part=0 category=2 position=39508,-61389,17794.9 vertices=682 deform_vertices=682 rigid_vertices=0
submitted: GPU-skinned actor part race=101 file=d:\ymir work\monster\stray_dog\stray_dog.gr2 vid=23349 part=0 category=2 position=39973.1,-61377,17785.5 vertices=682 deform_vertices=682 rigid_vertices=0
material group=0 stage=0 alpha_test=0 blend=0 rigid=0 mesh=0 cull=0 depth_write=1 texture=d:\ymir work\monster\stray_dog\stray_dog.dds race=101 file=d:\ymir work\monster\stray_dog\stray_dog.gr2 vid=23349 part=0 category=2 position=39973.1,-61377,17785.5 vertices=682 deform_vertices=682 rigid_vertices=0
submitted: GPU-skinned actor part race=101 file=d:\ymir work\monster\stray_dog\stray_dog.gr2 vid=22961 part=0 category=2 position=39814,-61308,17786.5 vertices=682 deform_vertices=682 rigid_vertices=0
material group=0 stage=0 alpha_test=0 blend=0 rigid=0 mesh=0 cull=0 depth_write=1 texture=d:\ymir work\monster\stray_dog\stray_dog.dds race=101 file=d:\ymir work\monster\stray_dog\stray_dog.gr2 vid=22961 part=0 category=2 position=39814,-61308,17786.5 vertices=682 deform_vertices=682 rigid_vertices=0
submitted: GPU-skinned actor part race=101 file=d:\ymir work\monster\stray_dog\stray_dog.gr2 vid=22797 part=0 category=2 position=40045,-61318,17782.7 vertices=682 deform_vertices=682 rigid_vertices=0
material group=0 stage=0 alpha_test=0 blend=0 rigid=0 mesh=0 cull=0 depth_write=1 texture=d:\ymir work\monster\stray_dog\stray_dog.dds race=101 file=d:\ymir work\monster\stray_dog\stray_dog.gr2 vid=22797 part=0 category=2 position=40045,-61318,17782.7 vertices=682 deform_vertices=682 rigid_vertices=0
submitted: GPU-skinned actor part race=0 file=d:\ymir work\pc\warrior\warrior_4-1.gr2 vid=24598 part=0 category=0 position=39682,-61235,17786.3 vertices=2582 deform_vertices=2582 rigid_vertices=0
material group=1 stage=0 alpha_test=0 blend=1 rigid=0 mesh=7 cull=0 depth_write=1 texture=d:\ymir work\pc\warrior\warrior_4-2.dds race=0 file=d:\ymir work\pc\warrior\warrior_4-1.gr2 vid=24598 part=0 category=0 position=39682,-61235,17786.3 vertices=2582 deform_vertices=2582 rigid_vertices=0
material group=1 stage=0 alpha_test=0 blend=1 rigid=0 mesh=6 cull=0 depth_write=1 texture=d:\ymir work\pc\warrior\warrior_4-2.dds race=0 file=d:\ymir work\pc\warrior\warrior_4-1.gr2 vid=24598 part=0 category=0 position=39682,-61235,17786.3 vertices=2582 deform_vertices=2582 rigid_vertices=0
material group=1 stage=0 alpha_test=0 blend=1 rigid=0 mesh=5 cull=0 depth_write=1 texture=d:\ymir work\pc\warrior\warrior_4-2.dds race=0 file=d:\ymir work\pc\warrior\warrior_4-1.gr2 vid=24598 part=0 category=0 position=39682,-61235,17786.3 vertices=2582 deform_vertices=2582 rigid_vertices=0
material group=1 stage=0 alpha_test=0 blend=1 rigid=0 mesh=4 cull=0 depth_write=1 texture=d:\ymir work\pc\warrior\warrior_4-2.dds race=0 file=d:\ymir work\pc\warrior\warrior_4-1.gr2 vid=24598 part=0 category=0 position=39682,-61235,17786.3 vertices=2582 deform_vertices=2582 rigid_vertices=0
material group=1 stage=0 alpha_test=0 blend=1 rigid=0 mesh=3 cull=0 depth_write=1 texture=d:\ymir work\pc\warrior\warrior_4-2.dds race=0 file=d:\ymir work\pc\warrior\warrior_4-1.gr2 vid=24598 part=0 category=0 position=39682,-61235,17786.3 vertices=2582 deform_vertices=2582 rigid_vertices=0
material group=1 stage=0 alpha_test=0 blend=1 rigid=0 mesh=2 cull=0 depth_write=1 texture=d:\ymir work\pc\warrior\warrior_4-2.dds race=0 file=d:\ymir work\pc\warrior\warrior_4-1.gr2 vid=24598 part=0 category=0 position=39682,-61235,17786.3 vertices=2582 deform_vertices=2582 rigid_vertices=0
material group=1 stage=0 alpha_test=0 blend=1 rigid=0 mesh=1 cull=0 depth_write=1 texture=d:\ymir work\pc\warrior\warrior_4-2.dds race=0 file=d:\ymir work\pc\warrior\warrior_4-1.gr2 vid=24598 part=0 category=0 position=39682,-61235,17786.3 vertices=2582 deform_vertices=2582 rigid_vertices=0
material group=0 stage=0 alpha_test=0 blend=1 rigid=0 mesh=0 cull=0 depth_write=1 texture=d:\ymir work\pc\warrior\warrior_face.dds race=0 file=d:\ymir work\pc\warrior\warrior_4-1.gr2 vid=24598 part=0 category=0 position=39682,-61235,17786.3 vertices=2582 deform_vertices=2582 rigid_vertices=0
submitted: rigid attachment race=0 file=d:\ymir work\pc\warrior\warrior_4-1.gr2 vid=24598 part=1 category=0 position=39682,-61235,17786.3 vertices=625 deform_vertices=0 rigid_vertices=625
material group=0 stage=0 alpha_test=0 blend=1 rigid=1 mesh=0 cull=0 depth_write=1 texture=d:\ymir work\item\weapon\weapon_choegogeup01_01.dds race=0 file=d:\ymir work\pc\warrior\warrior_4-1.gr2 vid=24598 part=1 category=0 position=39682,-61235,17786.3 vertices=625 deform_vertices=0 rigid_vertices=625
submitted: GPU-skinned actor part race=0 file=d:\ymir work\pc\warrior\warrior_4-1.gr2 vid=24598 part=4 category=0 position=39682,-61235,17786.3 vertices=427 deform_vertices=427 rigid_vertices=0
material group=0 stage=0 alpha_test=0 blend=1 rigid=0 mesh=0 cull=0 depth_write=1 texture=d:\ymir work\pc\warrior\warrior_hair_01.dds race=0 file=d:\ymir work\pc\warrior\warrior_4-1.gr2 vid=24598 part=4 category=0 position=39682,-61235,17786.3 vertices=427 deform_vertices=427 rigid_vertices=0
submitted: GPU-skinned actor part race=101 file=d:\ymir work\monster\stray_dog\stray_dog.gr2 vid=22573 part=0 category=2 position=39186,-61290,17796.5 vertices=682 deform_vertices=682 rigid_vertices=0
material group=0 stage=0 alpha_test=0 blend=0 rigid=0 mesh=0 cull=0 depth_write=1 texture=d:\ymir work\monster\stray_dog\stray_dog.dds race=101 file=d:\ymir work\monster\stray_dog\stray_dog.gr2 vid=22573 part=0 category=2 position=39186,-61290,17796.5 vertices=682 deform_vertices=682 rigid_vertices=0
submitted: GPU-skinned actor part race=101 file=d:\ymir work\monster\stray_dog\stray_dog.gr2 vid=23028 part=0 category=2 position=39221,-61266,17794.9 vertices=682 deform_vertices=682 rigid_vertices=0
material group=0 stage=0 alpha_test=0 blend=0 rigid=0 mesh=0 cull=0 depth_write=1 texture=d:\ymir work\monster\stray_dog\stray_dog.dds race=101 file=d:\ymir work\monster\stray_dog\stray_dog.gr2 vid=23028 part=0 category=2 position=39221,-61266,17794.9 vertices=682 deform_vertices=682 rigid_vertices=0
submitted: GPU-skinned actor part race=101 file=d:\ymir work\monster\stray_dog\stray_dog.gr2 vid=22520 part=0 category=2 position=39865,-61132,17780.8 vertices=682 deform_vertices=682 rigid_vertices=0
material group=0 stage=0 alpha_test=0 blend=0 rigid=0 mesh=0 cull=0 depth_write=1 texture=d:\ymir work\monster\stray_dog\stray_dog.dds race=101 file=d:\ymir work\monster\stray_dog\stray_dog.gr2 vid=22520 part=0 category=2 position=39865,-61132,17780.8 vertices=682 deform_vertices=682 rigid_vertices=0
submitted: GPU-skinned actor part race=101 file=d:\ymir work\monster\stray_dog\stray_dog.gr2 vid=23210 part=0 category=2 position=39148,-61111,17789.7 vertices=682 deform_vertices=682 rigid_vertices=0
material group=0 stage=0 alpha_test=0 blend=0 rigid=0 mesh=0 cull=0 depth_write=1 texture=d:\ymir work\monster\stray_dog\stray_dog.dds race=101 file=d:\ymir work\monster\stray_dog\stray_dog.gr2 vid=23210 part=0 category=2 position=39148,-61111,17789.7 vertices=682 deform_vertices=682 rigid_vertices=0
submitted: GPU-skinned actor part race=101 file=d:\ymir work\monster\stray_dog\stray_dog.gr2 vid=22541 part=0 category=2 position=40207,-61032,17774.1 vertices=682 deform_vertices=682 rigid_vertices=0
material group=0 stage=0 alpha_test=0 blend=0 rigid=0 mesh=0 cull=0 depth_write=1 texture=d:\ymir work\monster\stray_dog\stray_dog.dds race=101 file=d:\ymir work\monster\stray_dog\stray_dog.gr2 vid=22541 part=0 category=2 position=40207,-61032,17774.1 vertices=682 deform_vertices=682 rigid_vertices=0
submitted: GPU-skinned actor part race=101 file=d:\ymir work\monster\stray_dog\stray_dog.gr2 vid=23040 part=0 category=2 position=39158,-60894,17782.1 vertices=682 deform_vertices=682 rigid_vertices=0
material group=0 stage=0 alpha_test=0 blend=0 rigid=0 mesh=0 cull=0 depth_write=1 texture=d:\ymir work\monster\stray_dog\stray_dog.dds race=101 file=d:\ymir work\monster\stray_dog\stray_dog.gr2 vid=23040 part=0 category=2 position=39158,-60894,17782.1 vertices=682 deform_vertices=682 rigid_vertices=0
submitted: GPU-skinned actor part race=101 file=d:\ymir work\monster\stray_dog\stray_dog.gr2 vid=22514 part=0 category=2 position=38912,-60973,17786.9 vertices=682 deform_vertices=682 rigid_vertices=0
material group=0 stage=0 alpha_test=0 blend=0 rigid=0 mesh=0 cull=0 depth_write=1 texture=d:\ymir work\monster\stray_dog\stray_dog.dds race=101 file=d:\ymir work\monster\stray_dog\stray_dog.gr2 vid=22514 part=0 category=2 position=38912,-60973,17786.9 vertices=682 deform_vertices=682 rigid_vertices=0
submitted: GPU-skinned actor part race=101 file=d:\ymir work\monster\stray_dog\stray_dog.gr2 vid=23107 part=0 category=2 position=37898,-62102,17850.4 vertices=682 deform_vertices=682 rigid_vertices=0
material group=0 stage=0 alpha_test=0 blend=0 rigid=0 mesh=0 cull=0 depth_write=1 texture=d:\ymir work\monster\stray_dog\stray_dog.dds race=101 file=d:\ymir work\monster\stray_dog\stray_dog.gr2 vid=23107 part=0 category=2 position=37898,-62102,17850.4 vertices=682 deform_vertices=682 rigid_vertices=0
submitted: GPU-skinned actor part race=101 file=d:\ymir work\monster\stray_dog\stray_dog.gr2 vid=23229 part=0 category=2 position=39183.1,-60818.8,17779.7 vertices=682 deform_vertices=682 rigid_vertices=0
material group=0 stage=0 alpha_test=0 blend=0 rigid=0 mesh=0 cull=0 depth_write=1 texture=d:\ymir work\monster\stray_dog\stray_dog.dds race=101 file=d:\ymir work\monster\stray_dog\stray_dog.gr2 vid=23229 part=0 category=2 position=39183.1,-60818.8,17779.7 vertices=682 deform_vertices=682 rigid_vertices=0
submitted: GPU-skinned actor part race=101 file=d:\ymir work\monster\stray_dog\stray_dog.gr2 vid=22490 part=0 category=2 position=38033,-61658,17826.3 vertices=682 deform_vertices=682 rigid_vertices=0
material group=0 stage=0 alpha_test=0 blend=0 rigid=0 mesh=0 cull=0 depth_write=1 texture=d:\ymir work\monster\stray_dog\stray_dog.dds race=101 file=d:\ymir work\monster\stray_dog\stray_dog.gr2 vid=22490 part=0 category=2 position=38033,-61658,17826.3 vertices=682 deform_vertices=682 rigid_vertices=0
submitted: GPU-skinned actor part race=101 file=d:\ymir work\monster\stray_dog\stray_dog.gr2 vid=23127 part=0 category=2 position=39139.5,-60804,17779.8 vertices=682 deform_vertices=682 rigid_vertices=0
material group=0 stage=0 alpha_test=0 blend=0 rigid=0 mesh=0 cull=0 depth_write=1 texture=d:\ymir work\monster\stray_dog\stray_dog.dds race=101 file=d:\ymir work\monster\stray_dog\stray_dog.gr2 vid=23127 part=0 category=2 position=39139.5,-60804,17779.8 vertices=682 deform_vertices=682 rigid_vertices=0
submitted: GPU-skinned actor part race=101 file=d:\ymir work\monster\stray_dog\stray_dog.gr2 vid=22995 part=0 category=2 position=39286,-60765,17777.6 vertices=682 deform_vertices=682 rigid_vertices=0
material group=0 stage=0 alpha_test=0 blend=0 rigid=0 mesh=0 cull=0 depth_write=1 texture=d:\ymir work\monster\stray_dog\stray_dog.dds race=101 file=d:\ymir work\monster\stray_dog\stray_dog.gr2 vid=22995 part=0 category=2 position=39286,-60765,17777.6 vertices=682 deform_vertices=682 rigid_vertices=0
submitted: GPU-skinned actor part race=101 file=d:\ymir work\monster\stray_dog\stray_dog.gr2 vid=22992 part=0 category=2 position=37927,-61809,17834.8 vertices=682 deform_vertices=682 rigid_vertices=0
material group=0 stage=0 alpha_test=0 blend=0 rigid=0 mesh=0 cull=0 depth_write=1 texture=d:\ymir work\monster\stray_dog\stray_dog.dds race=101 file=d:\ymir work\monster\stray_dog\stray_dog.gr2 vid=22992 part=0 category=2 position=37927,-61809,17834.8 vertices=682 deform_vertices=682 rigid_vertices=0
submitted: GPU-skinned actor part race=101 file=d:\ymir work\monster\stray_dog\stray_dog.gr2 vid=22906 part=0 category=2 position=39142,-60785,17779.1 vertices=682 deform_vertices=682 rigid_vertices=0
material group=0 stage=0 alpha_test=0 blend=0 rigid=0 mesh=0 cull=0 depth_write=1 texture=d:\ymir work\monster\stray_dog\stray_dog.dds race=101 file=d:\ymir work\monster\stray_dog\stray_dog.gr2 vid=22906 part=0 category=2 position=39142,-60785,17779.1 vertices=682 deform_vertices=682 rigid_vertices=0
submitted: GPU-skinned actor part race=101 file=d:\ymir work\monster\stray_dog\stray_dog.gr2 vid=22618 part=0 category=2 position=39694,-60703,17773.6 vertices=682 deform_vertices=682 rigid_vertices=0
material group=0 stage=0 alpha_test=0 blend=0 rigid=0 mesh=0 cull=0 depth_write=1 texture=d:\ymir work\monster\stray_dog\stray_dog.dds race=101 file=d:\ymir work\monster\stray_dog\stray_dog.gr2 vid=22618 part=0 category=2 position=39694,-60703,17773.6 vertices=682 deform_vertices=682 rigid_vertices=0
submitted: GPU-skinned actor part race=101 file=d:\ymir work\monster\stray_dog\stray_dog.gr2 vid=22842 part=0 category=2 position=39611.8,-60697,17774 vertices=682 deform_vertices=682 rigid_vertices=0
material group=0 stage=0 alpha_test=0 blend=0 rigid=0 mesh=0 cull=0 depth_write=1 texture=d:\ymir work\monster\stray_dog\stray_dog.dds race=101 file=d:\ymir work\monster\stray_dog\stray_dog.gr2 vid=22842 part=0 category=2 position=39611.8,-60697,17774 vertices=682 deform_vertices=682 rigid_vertices=0
submitted: GPU-skinned actor part race=101 file=d:\ymir work\monster\stray_dog\stray_dog.gr2 vid=22732 part=0 category=2 position=39510,-60700,17774.7 vertices=682 deform_vertices=682 rigid_vertices=0
material group=0 stage=0 alpha_test=0 blend=0 rigid=0 mesh=0 cull=0 depth_write=1 texture=d:\ymir work\monster\stray_dog\stray_dog.dds race=101 file=d:\ymir work\monster\stray_dog\stray_dog.gr2 vid=22732 part=0 category=2 position=39510,-60700,17774.7 vertices=682 deform_vertices=682 rigid_vertices=0
submitted: GPU-skinned actor part race=101 file=d:\ymir work\monster\stray_dog\stray_dog.gr2 vid=22967 part=0 category=2 position=39338,-60703,17775.9 vertices=682 deform_vertices=682 rigid_vertices=0
material group=0 stage=0 alpha_test=0 blend=0 rigid=0 mesh=0 cull=0 depth_write=1 texture=d:\ymir work\monster\stray_dog\stray_dog.dds race=101 file=d:\ymir work\monster\stray_dog\stray_dog.gr2 vid=22967 part=0 category=2 position=39338,-60703,17775.9 vertices=682 deform_vertices=682 rigid_vertices=0
submitted: GPU-skinned actor part race=101 file=d:\ymir work\monster\stray_dog\stray_dog.gr2 vid=22855 part=0 category=2 position=38113.3,-61410,17812 vertices=682 deform_vertices=682 rigid_vertices=0
material group=0 stage=0 alpha_test=0 blend=0 rigid=0 mesh=0 cull=0 depth_write=1 texture=d:\ymir work\monster\stray_dog\stray_dog.dds race=101 file=d:\ymir work\monster\stray_dog\stray_dog.gr2 vid=22855 part=0 category=2 position=38113.3,-61410,17812 vertices=682 deform_vertices=682 rigid_vertices=0
submitted: GPU-skinned actor part race=101 file=d:\ymir work\monster\stray_dog\stray_dog.gr2 vid=22483 part=0 category=2 position=38980,-60752,17779.4 vertices=682 deform_vertices=682 rigid_vertices=0
material group=0 stage=0 alpha_test=0 blend=0 rigid=0 mesh=0 cull=0 depth_write=1 texture=d:\ymir work\monster\stray_dog\stray_dog.dds race=101 file=d:\ymir work\monster\stray_dog\stray_dog.gr2 vid=22483 part=0 category=2 position=38980,-60752,17779.4 vertices=682 deform_vertices=682 rigid_vertices=0
submitted: GPU-skinned actor part race=101 file=d:\ymir work\monster\stray_dog\stray_dog.gr2 vid=23153 part=0 category=2 position=40506.9,-60789.2,17768.4 vertices=682 deform_vertices=682 rigid_vertices=0
material group=0 stage=0 alpha_test=0 blend=0 rigid=0 mesh=0 cull=0 depth_write=1 texture=d:\ymir work\monster\stray_dog\stray_dog.dds race=101 file=d:\ymir work\monster\stray_dog\stray_dog.gr2 vid=23153 part=0 category=2 position=40506.9,-60789.2,17768.4 vertices=682 deform_vertices=682 rigid_vertices=0
submitted: GPU-skinned actor part race=101 file=d:\ymir work\monster\stray_dog\stray_dog.gr2 vid=22579 part=0 category=2 position=40257,-60677,17768.8 vertices=682 deform_vertices=682 rigid_vertices=0
material group=0 stage=0 alpha_test=0 blend=0 rigid=0 mesh=0 cull=0 depth_write=1 texture=d:\ymir work\monster\stray_dog\stray_dog.dds race=101 file=d:\ymir work\monster\stray_dog\stray_dog.gr2 vid=22579 part=0 category=2 position=40257,-60677,17768.8 vertices=682 deform_vertices=682 rigid_vertices=0
submitted: GPU-skinned actor part race=101 file=d:\ymir work\monster\stray_dog\stray_dog.gr2 vid=23417 part=0 category=2 position=39181,-60647,17775.7 vertices=682 deform_vertices=682 rigid_vertices=0
material group=0 stage=0 alpha_test=0 blend=0 rigid=0 mesh=0 cull=0 depth_write=1 texture=d:\ymir work\monster\stray_dog\stray_dog.dds race=101 file=d:\ymir work\monster\stray_dog\stray_dog.gr2 vid=23417 part=0 category=2 position=39181,-60647,17775.7 vertices=682 deform_vertices=682 rigid_vertices=0
submitted: GPU-skinned actor part race=101 file=d:\ymir work\monster\stray_dog\stray_dog.gr2 vid=23184 part=0 category=2 position=39190,-60636,17775.4 vertices=682 deform_vertices=682 rigid_vertices=0
material group=0 stage=0 alpha_test=0 blend=0 rigid=0 mesh=0 cull=0 depth_write=1 texture=d:\ymir work\monster\stray_dog\stray_dog.dds race=101 file=d:\ymir work\monster\stray_dog\stray_dog.gr2 vid=23184 part=0 category=2 position=39190,-60636,17775.4 vertices=682 deform_vertices=682 rigid_vertices=0
submitted: GPU-skinned actor part race=101 file=d:\ymir work\monster\stray_dog\stray_dog.gr2 vid=22789 part=0 category=2 position=38073,-61332,17807.9 vertices=682 deform_vertices=682 rigid_vertices=0
material group=0 stage=0 alpha_test=0 blend=0 rigid=0 mesh=0 cull=0 depth_write=1 texture=d:\ymir work\monster\stray_dog\stray_dog.dds race=101 file=d:\ymir work\monster\stray_dog\stray_dog.gr2 vid=22789 part=0 category=2 position=38073,-61332,17807.9 vertices=682 deform_vertices=682 rigid_vertices=0
submitted: GPU-skinned actor part race=101 file=d:\ymir work\monster\stray_dog\stray_dog.gr2 vid=22788 part=0 category=2 position=38983,-60687,17777.8 vertices=682 deform_vertices=682 rigid_vertices=0
material group=0 stage=0 alpha_test=0 blend=0 rigid=0 mesh=0 cull=0 depth_write=1 texture=d:\ymir work\monster\stray_dog\stray_dog.dds race=101 file=d:\ymir work\monster\stray_dog\stray_dog.gr2 vid=22788 part=0 category=2 position=38983,-60687,17777.8 vertices=682 deform_vertices=682 rigid_vertices=0
submitted: GPU-skinned actor part race=101 file=d:\ymir work\monster\stray_dog\stray_dog.gr2 vid=22666 part=0 category=2 position=39126,-60637,17775.7 vertices=682 deform_vertices=682 rigid_vertices=0
material group=0 stage=0 alpha_test=0 blend=0 rigid=0 mesh=0 cull=0 depth_write=1 texture=d:\ymir work\monster\stray_dog\stray_dog.dds race=101 file=d:\ymir work\monster\stray_dog\stray_dog.gr2 vid=22666 part=0 category=2 position=39126,-60637,17775.7 vertices=682 deform_vertices=682 rigid_vertices=0
submitted: GPU-skinned actor part race=101 file=d:\ymir work\monster\stray_dog\stray_dog.gr2 vid=22973 part=0 category=2 position=38026.6,-61355.6,17808.8 vertices=682 deform_vertices=682 rigid_vertices=0
material group=0 stage=0 alpha_test=0 blend=0 rigid=0 mesh=0 cull=0 depth_write=1 texture=d:\ymir work\monster\stray_dog\stray_dog.dds race=101 file=d:\ymir work\monster\stray_dog\stray_dog.gr2 vid=22973 part=0 category=2 position=38026.6,-61355.6,17808.8 vertices=682 deform_vertices=682 rigid_vertices=0
submitted: GPU-skinned actor part race=101 file=d:\ymir work\monster\stray_dog\stray_dog.gr2 vid=23418 part=0 category=2 position=38964,-60676,17777.6 vertices=682 deform_vertices=682 rigid_vertices=0
material group=0 stage=0 alpha_test=0 blend=0 rigid=0 mesh=0 cull=0 depth_write=1 texture=d:\ymir work\monster\stray_dog\stray_dog.dds race=101 file=d:\ymir work\monster\stray_dog\stray_dog.gr2 vid=23418 part=0 category=2 position=38964,-60676,17777.6 vertices=682 deform_vertices=682 rigid_vertices=0
submitted: GPU-skinned actor part race=101 file=d:\ymir work\monster\stray_dog\stray_dog.gr2 vid=22876 part=0 category=2 position=40457,-60689,17767.9 vertices=682 deform_vertices=682 rigid_vertices=0
material group=0 stage=0 alpha_test=0 blend=0 rigid=0 mesh=0 cull=0 depth_write=1 texture=d:\ymir work\monster\stray_dog\stray_dog.dds race=101 file=d:\ymir work\monster\stray_dog\stray_dog.gr2 vid=22876 part=0 category=2 position=40457,-60689,17767.9 vertices=682 deform_vertices=682 rigid_vertices=0
submitted: GPU-skinned actor part race=101 file=d:\ymir work\monster\stray_dog\stray_dog.gr2 vid=22955 part=0 category=2 position=39739,-60533,17771 vertices=682 deform_vertices=682 rigid_vertices=0
material group=0 stage=0 alpha_test=0 blend=0 rigid=0 mesh=0 cull=0 depth_write=1 texture=d:\ymir work\monster\stray_dog\stray_dog.dds race=101 file=d:\ymir work\monster\stray_dog\stray_dog.gr2 vid=22955 part=0 category=2 position=39739,-60533,17771 vertices=682 deform_vertices=682 rigid_vertices=0
submitted: GPU-skinned actor part race=101 file=d:\ymir work\monster\stray_dog\stray_dog.gr2 vid=22993 part=0 category=2 position=37694,-61884,17838.1 vertices=682 deform_vertices=682 rigid_vertices=0
material group=0 stage=0 alpha_test=0 blend=0 rigid=0 mesh=0 cull=0 depth_write=1 texture=d:\ymir work\monster\stray_dog\stray_dog.dds race=101 file=d:\ymir work\monster\stray_dog\stray_dog.gr2 vid=22993 part=0 category=2 position=37694,-61884,17838.1 vertices=682 deform_vertices=682 rigid_vertices=0
submitted: GPU-skinned actor part race=101 file=d:\ymir work\monster\stray_dog\stray_dog.gr2 vid=22536 part=0 category=2 position=40081,-60558,17769 vertices=682 deform_vertices=682 rigid_vertices=0
material group=0 stage=0 alpha_test=0 blend=0 rigid=0 mesh=0 cull=0 depth_write=1 texture=d:\ymir work\monster\stray_dog\stray_dog.dds race=101 file=d:\ymir work\monster\stray_dog\stray_dog.gr2 vid=22536 part=0 category=2 position=40081,-60558,17769 vertices=682 deform_vertices=682 rigid_vertices=0
submitted: GPU-skinned actor part race=101 file=d:\ymir work\monster\stray_dog\stray_dog.gr2 vid=23317 part=0 category=2 position=37985,-61331,17807.9 vertices=682 deform_vertices=682 rigid_vertices=0
material group=0 stage=0 alpha_test=0 blend=0 rigid=0 mesh=0 cull=0 depth_write=1 texture=d:\ymir work\monster\stray_dog\stray_dog.dds race=101 file=d:\ymir work\monster\stray_dog\stray_dog.gr2 vid=23317 part=0 category=2 position=37985,-61331,17807.9 vertices=682 deform_vertices=682 rigid_vertices=0
submitted: GPU-skinned actor part race=101 file=d:\ymir work\monster\stray_dog\stray_dog.gr2 vid=22681 part=0 category=2 position=39793,-60461,17769.8 vertices=682 deform_vertices=682 rigid_vertices=0
material group=0 stage=0 alpha_test=0 blend=0 rigid=0 mesh=0 cull=0 depth_write=1 texture=d:\ymir work\monster\stray_dog\stray_dog.dds race=101 file=d:\ymir work\monster\stray_dog\stray_dog.gr2 vid=22681 part=0 category=2 position=39793,-60461,17769.8 vertices=682 deform_vertices=682 rigid_vertices=0
submitted: GPU-skinned actor part race=101 file=d:\ymir work\monster\stray_dog\stray_dog.gr2 vid=22727 part=0 category=2 position=38920,-60593,17775.8 vertices=682 deform_vertices=682 rigid_vertices=0
material group=0 stage=0 alpha_test=0 blend=0 rigid=0 mesh=0 cull=0 depth_write=1 texture=d:\ymir work\monster\stray_dog\stray_dog.dds race=101 file=d:\ymir work\monster\stray_dog\stray_dog.gr2 vid=22727 part=0 category=2 position=38920,-60593,17775.8 vertices=682 deform_vertices=682 rigid_vertices=0
submitted: GPU-skinned actor part race=101 file=d:\ymir work\monster\stray_dog\stray_dog.gr2 vid=23201 part=0 category=2 position=37964.2,-61267.3,17804.2 vertices=682 deform_vertices=682 rigid_vertices=0
material group=0 stage=0 alpha_test=0 blend=0 rigid=0 mesh=0 cull=0 depth_write=1 texture=d:\ymir work\monster\stray_dog\stray_dog.dds race=101 file=d:\ymir work\monster\stray_dog\stray_dog.gr2 vid=23201 part=0 category=2 position=37964.2,-61267.3,17804.2 vertices=682 deform_vertices=682 rigid_vertices=0
submitted: GPU-skinned actor part race=101 file=d:\ymir work\monster\stray_dog\stray_dog.gr2 vid=23004 part=0 category=2 position=38906,-60584,17775.7 vertices=682 deform_vertices=682 rigid_vertices=0
material group=0 stage=0 alpha_test=0 blend=0 rigid=0 mesh=0 cull=0 depth_write=1 texture=d:\ymir work\monster\stray_dog\stray_dog.dds race=101 file=d:\ymir work\monster\stray_dog\stray_dog.gr2 vid=23004 part=0 category=2 position=38906,-60584,17775.7 vertices=682 deform_vertices=682 rigid_vertices=0
submitted: GPU-skinned actor part race=101 file=d:\ymir work\monster\stray_dog\stray_dog.gr2 vid=22612 part=0 category=2 position=38867,-60597,17776.1 vertices=682 deform_vertices=682 rigid_vertices=0
material group=0 stage=0 alpha_test=0 blend=0 rigid=0 mesh=0 cull=0 depth_write=1 texture=d:\ymir work\monster\stray_dog\stray_dog.dds race=101 file=d:\ymir work\monster\stray_dog\stray_dog.gr2 vid=22612 part=0 category=2 position=38867,-60597,17776.1 vertices=682 deform_vertices=682 rigid_vertices=0
submitted: GPU-skinned actor part race=101 file=d:\ymir work\monster\stray_dog\stray_dog.gr2 vid=23006 part=0 category=2 position=37935,-61277,17805 vertices=682 deform_vertices=682 rigid_vertices=0
material group=0 stage=0 alpha_test=0 blend=0 rigid=0 mesh=0 cull=0 depth_write=1 texture=d:\ymir work\monster\stray_dog\stray_dog.dds race=101 file=d:\ymir work\monster\stray_dog\stray_dog.gr2 vid=23006 part=0 category=2 position=37935,-61277,17805 vertices=682 deform_vertices=682 rigid_vertices=0
submitted: GPU-skinned actor part race=101 file=d:\ymir work\monster\stray_dog\stray_dog.gr2 vid=23092 part=0 category=2 position=39421,-60387,17770.3 vertices=682 deform_vertices=682 rigid_vertices=0
material group=0 stage=0 alpha_test=0 blend=0 rigid=0 mesh=0 cull=0 depth_write=1 texture=d:\ymir work\monster\stray_dog\stray_dog.dds race=101 file=d:\ymir work\monster\stray_dog\stray_dog.gr2 vid=23092 part=0 category=2 position=39421,-60387,17770.3 vertices=682 deform_vertices=682 rigid_vertices=0
submitted: GPU-skinned actor part race=101 file=d:\ymir work\monster\stray_dog\stray_dog.gr2 vid=22945 part=0 category=2 position=39574,-60334,17769.4 vertices=682 deform_vertices=682 rigid_vertices=0
material group=0 stage=0 alpha_test=0 blend=0 rigid=0 mesh=0 cull=0 depth_write=1 texture=d:\ymir work\monster\stray_dog\stray_dog.dds race=101 file=d:\ymir work\monster\stray_dog\stray_dog.gr2 vid=22945 part=0 category=2 position=39574,-60334,17769.4 vertices=682 deform_vertices=682 rigid_vertices=0
submitted: GPU-skinned actor part race=101 file=d:\ymir work\monster\stray_dog\stray_dog.gr2 vid=23434 part=0 category=2 position=40083,-60358,17767.6 vertices=682 deform_vertices=682 rigid_vertices=0
material group=0 stage=0 alpha_test=0 blend=0 rigid=0 mesh=0 cull=0 depth_write=1 texture=d:\ymir work\monster\stray_dog\stray_dog.dds race=101 file=d:\ymir work\monster\stray_dog\stray_dog.gr2 vid=23434 part=0 category=2 position=40083,-60358,17767.6 vertices=682 deform_vertices=682 rigid_vertices=0
submitted: GPU-skinned actor part race=101 file=d:\ymir work\monster\stray_dog\stray_dog.gr2 vid=23168 part=0 category=2 position=39445,-60328,17769.7 vertices=682 deform_vertices=682 rigid_vertices=0
material group=0 stage=0 alpha_test=0 blend=0 rigid=0 mesh=0 cull=0 depth_write=1 texture=d:\ymir work\monster\stray_dog\stray_dog.dds race=101 file=d:\ymir work\monster\stray_dog\stray_dog.gr2 vid=23168 part=0 category=2 position=39445,-60328,17769.7 vertices=682 deform_vertices=682 rigid_vertices=0
submitted: GPU-skinned actor part race=101 file=d:\ymir work\monster\stray_dog\stray_dog.gr2 vid=22954 part=0 category=2 position=39215,-60332,17770.6 vertices=682 deform_vertices=682 rigid_vertices=0
material group=0 stage=0 alpha_test=0 blend=0 rigid=0 mesh=0 cull=0 depth_write=1 texture=d:\ymir work\monster\stray_dog\stray_dog.dds race=101 file=d:\ymir work\monster\stray_dog\stray_dog.gr2 vid=22954 part=0 category=2 position=39215,-60332,17770.6 vertices=682 deform_vertices=682 rigid_vertices=0
submitted: GPU-skinned actor part race=101 file=d:\ymir work\monster\stray_dog\stray_dog.gr2 vid=22814 part=0 category=2 position=40382,-60392,17767 vertices=682 deform_vertices=682 rigid_vertices=0
material group=0 stage=0 alpha_test=0 blend=0 rigid=0 mesh=0 cull=0 depth_write=1 texture=d:\ymir work\monster\stray_dog\stray_dog.dds race=101 file=d:\ymir work\monster\stray_dog\stray_dog.gr2 vid=22814 part=0 category=2 position=40382,-60392,17767 vertices=682 deform_vertices=682 rigid_vertices=0
submitted: GPU-skinned actor part race=101 file=d:\ymir work\monster\stray_dog\stray_dog.gr2 vid=22803 part=0 category=2 position=39506,-60286,17769.1 vertices=682 deform_vertices=682 rigid_vertices=0
material group=0 stage=0 alpha_test=0 blend=0 rigid=0 mesh=0 cull=0 depth_write=1 texture=d:\ymir work\monster\stray_dog\stray_dog.dds race=101 file=d:\ymir work\monster\stray_dog\stray_dog.gr2 vid=22803 part=0 category=2 position=39506,-60286,17769.1 vertices=682 deform_vertices=682 rigid_vertices=0
submitted: GPU-skinned actor part race=101 file=d:\ymir work\monster\stray_dog\stray_dog.gr2 vid=22696 part=0 category=2 position=39219,-60323,17770.4 vertices=682 deform_vertices=682 rigid_vertices=0
material group=0 stage=0 alpha_test=0 blend=0 rigid=0 mesh=0 cull=0 depth_write=1 texture=d:\ymir work\monster\stray_dog\stray_dog.dds race=101 file=d:\ymir work\monster\stray_dog\stray_dog.gr2 vid=22696 part=0 category=2 position=39219,-60323,17770.4 vertices=682 deform_vertices=682 rigid_vertices=0
submitted: GPU-skinned actor part race=101 file=d:\ymir work\monster\stray_dog\stray_dog.gr2 vid=23082 part=0 category=2 position=38871.9,-60416.6,17772.6 vertices=682 deform_vertices=682 rigid_vertices=0
material group=0 stage=0 alpha_test=0 blend=0 rigid=0 mesh=0 cull=0 depth_write=1 texture=d:\ymir work\monster\stray_dog\stray_dog.dds race=101 file=d:\ymir work\monster\stray_dog\stray_dog.gr2 vid=23082 part=0 category=2 position=38871.9,-60416.6,17772.6 vertices=682 deform_vertices=682 rigid_vertices=0
submitted: GPU-skinned actor part race=101 file=d:\ymir work\monster\stray_dog\stray_dog.gr2 vid=22759 part=0 category=2 position=39293,-60299,17769.8 vertices=682 deform_vertices=682 rigid_vertices=0
material group=0 stage=0 alpha_test=0 blend=0 rigid=0 mesh=0 cull=0 depth_write=1 texture=d:\ymir work\monster\stray_dog\stray_dog.dds race=101 file=d:\ymir work\monster\stray_dog\stray_dog.gr2 vid=22759 part=0 category=2 position=39293,-60299,17769.8 vertices=682 deform_vertices=682 rigid_vertices=0
submitted: GPU-skinned actor part race=101 file=d:\ymir work\monster\stray_dog\stray_dog.gr2 vid=23277 part=0 category=2 position=40111,-60303,17767.3 vertices=682 deform_vertices=682 rigid_vertices=0
material group=0 stage=0 alpha_test=0 blend=0 rigid=0 mesh=0 cull=0 depth_write=1 texture=d:\ymir work\monster\stray_dog\stray_dog.dds race=101 file=d:\ymir work\monster\stray_dog\stray_dog.gr2 vid=23277 part=0 category=2 position=40111,-60303,17767.3 vertices=682 deform_vertices=682 rigid_vertices=0
submitted: GPU-skinned actor part race=101 file=d:\ymir work\monster\stray_dog\stray_dog.gr2 vid=22608 part=0 category=2 position=38771,-60420,17773 vertices=682 deform_vertices=682 rigid_vertices=0
material group=0 stage=0 alpha_test=0 blend=0 rigid=0 mesh=0 cull=0 depth_write=1 texture=d:\ymir work\monster\stray_dog\stray_dog.dds race=101 file=d:\ymir work\monster\stray_dog\stray_dog.gr2 vid=22608 part=0 category=2 position=38771,-60420,17773 vertices=682 deform_vertices=682 rigid_vertices=0
submitted: GPU-skinned actor part race=101 file=d:\ymir work\monster\stray_dog\stray_dog.gr2 vid=23069 part=0 category=2 position=39064,-60319,17770.8 vertices=682 deform_vertices=682 rigid_vertices=0
material group=0 stage=0 alpha_test=0 blend=0 rigid=0 mesh=0 cull=0 depth_write=1 texture=d:\ymir work\monster\stray_dog\stray_dog.dds race=101 file=d:\ymir work\monster\stray_dog\stray_dog.gr2 vid=23069 part=0 category=2 position=39064,-60319,17770.8 vertices=682 deform_vertices=682 rigid_vertices=0
submitted: GPU-skinned actor part race=101 file=d:\ymir work\monster\stray_dog\stray_dog.gr2 vid=23088 part=0 category=2 position=37452,-61726,17827.4 vertices=682 deform_vertices=682 rigid_vertices=0
material group=0 stage=0 alpha_test=0 blend=0 rigid=0 mesh=0 cull=0 depth_write=1 texture=d:\ymir work\monster\stray_dog\stray_dog.dds race=101 file=d:\ymir work\monster\stray_dog\stray_dog.gr2 vid=23088 part=0 category=2 position=37452,-61726,17827.4 vertices=682 deform_vertices=682 rigid_vertices=0
submitted: GPU-skinned actor part race=101 file=d:\ymir work\monster\stray_dog\stray_dog.gr2 vid=23056 part=0 category=2 position=39840,-60236,17767.6 vertices=682 deform_vertices=682 rigid_vertices=0
material group=0 stage=0 alpha_test=0 blend=0 rigid=0 mesh=0 cull=0 depth_write=1 texture=d:\ymir work\monster\stray_dog\stray_dog.dds race=101 file=d:\ymir work\monster\stray_dog\stray_dog.gr2 vid=23056 part=0 category=2 position=39840,-60236,17767.6 vertices=682 deform_vertices=682 rigid_vertices=0
submitted: GPU-skinned actor part race=101 file=d:\ymir work\monster\stray_dog\stray_dog.gr2 vid=22539 part=0 category=2 position=37559,-61477,17814.5 vertices=682 deform_vertices=682 rigid_vertices=0
material group=0 stage=0 alpha_test=0 blend=0 rigid=0 mesh=0 cull=0 depth_write=1 texture=d:\ymir work\monster\stray_dog\stray_dog.dds race=101 file=d:\ymir work\monster\stray_dog\stray_dog.gr2 vid=22539 part=0 category=2 position=37559,-61477,17814.5 vertices=682 deform_vertices=682 rigid_vertices=0
submitted: GPU-skinned actor part race=101 file=d:\ymir work\monster\stray_dog\stray_dog.gr2 vid=23269 part=0 category=2 position=39354,-60242,17769 vertices=682 deform_vertices=682 rigid_vertices=0
material group=0 stage=0 alpha_test=0 blend=0 rigid=0 mesh=0 cull=0 depth_write=1 texture=d:\ymir work\monster\stray_dog\stray_dog.dds race=101 file=d:\ymir work\monster\stray_dog\stray_dog.gr2 vid=23269 part=0 category=2 position=39354,-60242,17769 vertices=682 deform_vertices=682 rigid_vertices=0
submitted: GPU-skinned actor part race=101 file=d:\ymir work\monster\stray_dog\stray_dog.gr2 vid=23401 part=0 category=2 position=40276,-60293,17767 vertices=682 deform_vertices=682 rigid_vertices=0
material group=0 stage=0 alpha_test=0 blend=0 rigid=0 mesh=0 cull=0 depth_write=1 texture=d:\ymir work\monster\stray_dog\stray_dog.dds race=101 file=d:\ymir work\monster\stray_dog\stray_dog.gr2 vid=23401 part=0 category=2 position=40276,-60293,17767 vertices=682 deform_vertices=682 rigid_vertices=0
submitted: GPU-skinned actor part race=101 file=d:\ymir work\monster\stray_dog\stray_dog.gr2 vid=23134 part=0 category=2 position=39489,-60217,17768.4 vertices=682 deform_vertices=682 rigid_vertices=0
material group=0 stage=0 alpha_test=0 blend=0 rigid=0 mesh=0 cull=0 depth_write=1 texture=d:\ymir work\monster\stray_dog\stray_dog.dds race=101 file=d:\ymir work\monster\stray_dog\stray_dog.gr2 vid=23134 part=0 category=2 position=39489,-60217,17768.4 vertices=682 deform_vertices=682 rigid_vertices=0
submitted: GPU-skinned actor part race=101 file=d:\ymir work\monster\stray_dog\stray_dog.gr2 vid=23382 part=0 category=2 position=39741,-60206,17767.7 vertices=682 deform_vertices=682 rigid_vertices=0
material group=0 stage=0 alpha_test=0 blend=0 rigid=0 mesh=0 cull=0 depth_write=1 texture=d:\ymir work\monster\stray_dog\stray_dog.dds race=101 file=d:\ymir work\monster\stray_dog\stray_dog.gr2 vid=23382 part=0 category=2 position=39741,-60206,17767.7 vertices=682 deform_vertices=682 rigid_vertices=0
submitted: GPU-skinned actor part race=101 file=d:\ymir work\monster\stray_dog\stray_dog.gr2 vid=22801 part=0 category=2 position=37742,-61161,17799.2 vertices=682 deform_vertices=682 rigid_vertices=0
material group=0 stage=0 alpha_test=0 blend=0 rigid=0 mesh=0 cull=0 depth_write=1 texture=d:\ymir work\monster\stray_dog\stray_dog.dds race=101 file=d:\ymir work\monster\stray_dog\stray_dog.gr2 vid=22801 part=0 category=2 position=37742,-61161,17799.2 vertices=682 deform_vertices=682 rigid_vertices=0
submitted: GPU-skinned actor part race=101 file=d:\ymir work\monster\stray_dog\stray_dog.gr2 vid=22853 part=0 category=2 position=39742,-60181,17767.6 vertices=682 deform_vertices=682 rigid_vertices=0
material group=0 stage=0 alpha_test=0 blend=0 rigid=0 mesh=0 cull=0 depth_write=1 texture=d:\ymir work\monster\stray_dog\stray_dog.dds race=101 file=d:\ymir work\monster\stray_dog\stray_dog.gr2 vid=22853 part=0 category=2 position=39742,-60181,17767.6 vertices=682 deform_vertices=682 rigid_vertices=0
submitted: GPU-skinned actor part race=101 file=d:\ymir work\monster\stray_dog\stray_dog.gr2 vid=23352 part=0 category=2 position=39908,-60163,17767.1 vertices=682 deform_vertices=682 rigid_vertices=0
material group=0 stage=0 alpha_test=0 blend=0 rigid=0 mesh=0 cull=0 depth_write=1 texture=d:\ymir work\monster\stray_dog\stray_dog.dds race=101 file=d:\ymir work\monster\stray_dog\stray_dog.gr2 vid=23352 part=0 category=2 position=39908,-60163,17767.1 vertices=682 deform_vertices=682 rigid_vertices=0
submitted: GPU-skinned actor part race=101 file=d:\ymir work\monster\stray_dog\stray_dog.gr2 vid=23266 part=0 category=2 position=37629,-61222,17801.7 vertices=682 deform_vertices=682 rigid_vertices=0
material group=0 stage=0 alpha_test=0 blend=0 rigid=0 mesh=0 cull=0 depth_write=1 texture=d:\ymir work\monster\stray_dog\stray_dog.dds race=101 file=d:\ymir work\monster\stray_dog\stray_dog.gr2 vid=23266 part=0 category=2 position=37629,-61222,17801.7 vertices=682 deform_vertices=682 rigid_vertices=0
submitted: GPU-skinned actor part race=101 file=d:\ymir work\monster\stray_dog\stray_dog.gr2 vid=22637 part=0 category=2 position=38710,-60334,17771.7 vertices=682 deform_vertices=682 rigid_vertices=0
material group=0 stage=0 alpha_test=0 blend=0 rigid=0 mesh=0 cull=0 depth_write=1 texture=d:\ymir work\monster\stray_dog\stray_dog.dds race=101 file=d:\ymir work\monster\stray_dog\stray_dog.gr2 vid=22637 part=0 category=2 position=38710,-60334,17771.7 vertices=682 deform_vertices=682 rigid_vertices=0
submitted: GPU-skinned actor part race=101 file=d:\ymir work\monster\stray_dog\stray_dog.gr2 vid=22895 part=0 category=2 position=39716,-60133,17767.4 vertices=682 deform_vertices=682 rigid_vertices=0
material group=0 stage=0 alpha_test=0 blend=0 rigid=0 mesh=0 cull=0 depth_write=1 texture=d:\ymir work\monster\stray_dog\stray_dog.dds race=101 file=d:\ymir work\monster\stray_dog\stray_dog.gr2 vid=22895 part=0 category=2 position=39716,-60133,17767.4 vertices=682 deform_vertices=682 rigid_vertices=0
submitted: GPU-skinned actor part race=101 file=d:\ymir work\monster\stray_dog\stray_dog.gr2 vid=23432 part=0 category=2 position=38872,-60242,17770.3 vertices=682 deform_vertices=682 rigid_vertices=0
material group=0 stage=0 alpha_test=0 blend=0 rigid=0 mesh=0 cull=0 depth_write=1 texture=d:\ymir work\monster\stray_dog\stray_dog.dds race=101 file=d:\ymir work\monster\stray_dog\stray_dog.gr2 vid=23432 part=0 category=2 position=38872,-60242,17770.3 vertices=682 deform_vertices=682 rigid_vertices=0
submitted: GPU-skinned actor part race=101 file=d:\ymir work\monster\stray_dog\stray_dog.gr2 vid=23336 part=0 category=2 position=39487,-60093,17767.7 vertices=682 deform_vertices=682 rigid_vertices=0
material group=0 stage=0 alpha_test=0 blend=0 rigid=0 mesh=0 cull=0 depth_write=1 texture=d:\ymir work\monster\stray_dog\stray_dog.dds race=101 file=d:\ymir work\monster\stray_dog\stray_dog.gr2 vid=23336 part=0 category=2 position=39487,-60093,17767.7 vertices=682 deform_vertices=682 rigid_vertices=0
submitted: GPU-skinned actor part race=101 file=d:\ymir work\monster\stray_dog\stray_dog.gr2 vid=22542 part=0 category=2 position=38760,-60257,17770.7 vertices=682 deform_vertices=682 rigid_vertices=0
material group=0 stage=0 alpha_test=0 blend=0 rigid=0 mesh=0 cull=0 depth_write=1 texture=d:\ymir work\monster\stray_dog\stray_dog.dds race=101 file=d:\ymir work\monster\stray_dog\stray_dog.gr2 vid=22542 part=0 category=2 position=38760,-60257,17770.7 vertices=682 deform_vertices=682 rigid_vertices=0
submitted: GPU-skinned actor part race=101 file=d:\ymir work\monster\stray_dog\stray_dog.gr2 vid=22884 part=0 category=2 position=39619,-60081,17767.4 vertices=682 deform_vertices=682 rigid_vertices=0
material group=0 stage=0 alpha_test=0 blend=0 rigid=0 mesh=0 cull=0 depth_write=1 texture=d:\ymir work\monster\stray_dog\stray_dog.dds race=101 file=d:\ymir work\monster\stray_dog\stray_dog.gr2 vid=22884 part=0 category=2 position=39619,-60081,17767.4 vertices=682 deform_vertices=682 rigid_vertices=0
submitted: GPU-skinned actor part race=101 file=d:\ymir work\monster\stray_dog\stray_dog.gr2 vid=23309 part=0 category=2 position=37277,-61743,17826.5 vertices=682 deform_vertices=682 rigid_vertices=0
material group=0 stage=0 alpha_test=0 blend=0 rigid=0 mesh=0 cull=0 depth_write=1 texture=d:\ymir work\monster\stray_dog\stray_dog.dds race=101 file=d:\ymir work\monster\stray_dog\stray_dog.gr2 vid=23309 part=0 category=2 position=37277,-61743,17826.5 vertices=682 deform_vertices=682 rigid_vertices=0
submitted: GPU-skinned actor part race=101 file=d:\ymir work\monster\stray_dog\stray_dog.gr2 vid=22941 part=0 category=2 position=37587,-61153,17798.5 vertices=682 deform_vertices=682 rigid_vertices=0
material group=0 stage=0 alpha_test=0 blend=0 rigid=0 mesh=0 cull=0 depth_write=1 texture=d:\ymir work\monster\stray_dog\stray_dog.dds race=101 file=d:\ymir work\monster\stray_dog\stray_dog.gr2 vid=22941 part=0 category=2 position=37587,-61153,17798.5 vertices=682 deform_vertices=682 rigid_vertices=0
submitted: GPU-skinned actor part race=101 file=d:\ymir work\monster\stray_dog\stray_dog.gr2 vid=23191 part=0 category=2 position=39577,-60073,17767.4 vertices=682 deform_vertices=682 rigid_vertices=0
material group=0 stage=0 alpha_test=0 blend=0 rigid=0 mesh=0 cull=0 depth_write=1 texture=d:\ymir work\monster\stray_dog\stray_dog.dds race=101 file=d:\ymir work\monster\stray_dog\stray_dog.gr2 vid=23191 part=0 category=2 position=39577,-60073,17767.4 vertices=682 deform_vertices=682 rigid_vertices=0
submitted: GPU-skinned actor part race=101 file=d:\ymir work\monster\stray_dog\stray_dog.gr2 vid=23315 part=0 category=2 position=37807,-60850,17786.4 vertices=682 deform_vertices=682 rigid_vertices=0
material group=0 stage=0 alpha_test=0 blend=0 rigid=0 mesh=0 cull=0 depth_write=1 texture=d:\ymir work\monster\stray_dog\stray_dog.dds race=101 file=d:\ymir work\monster\stray_dog\stray_dog.gr2 vid=23315 part=0 category=2 position=37807,-60850,17786.4 vertices=682 deform_vertices=682 rigid_vertices=0
submitted: GPU-skinned actor part race=101 file=d:\ymir work\monster\stray_dog\stray_dog.gr2 vid=22603 part=0 category=2 position=39786,-60048,17767.1 vertices=682 deform_vertices=682 rigid_vertices=0
material group=0 stage=0 alpha_test=0 blend=0 rigid=0 mesh=0 cull=0 depth_write=1 texture=d:\ymir work\monster\stray_dog\stray_dog.dds race=101 file=d:\ymir work\monster\stray_dog\stray_dog.gr2 vid=22603 part=0 category=2 position=39786,-60048,17767.1 vertices=682 deform_vertices=682 rigid_vertices=0
submitted: GPU-skinned actor part race=101 file=d:\ymir work\monster\stray_dog\stray_dog.gr2 vid=23008 part=0 category=2 position=39651,-60037,17767.1 vertices=682 deform_vertices=682 rigid_vertices=0
material group=0 stage=0 alpha_test=0 blend=0 rigid=0 mesh=0 cull=0 depth_write=1 texture=d:\ymir work\monster\stray_dog\stray_dog.dds race=101 file=d:\ymir work\monster\stray_dog\stray_dog.gr2 vid=23008 part=0 category=2 position=39651,-60037,17767.1 vertices=682 deform_vertices=682 rigid_vertices=0
submitted: GPU-skinned actor part race=101 file=d:\ymir work\monster\stray_dog\stray_dog.gr2 vid=23072 part=0 category=2 position=39146,-60085,17768.3 vertices=682 deform_vertices=682 rigid_vertices=0
material group=0 stage=0 alpha_test=0 blend=0 rigid=0 mesh=0 cull=0 depth_write=1 texture=d:\ymir work\monster\stray_dog\stray_dog.dds race=101 file=d:\ymir work\monster\stray_dog\stray_dog.gr2 vid=23072 part=0 category=2 position=39146,-60085,17768.3 vertices=682 deform_vertices=682 rigid_vertices=0
submitted: GPU-skinned actor part race=101 file=d:\ymir work\monster\stray_dog\stray_dog.gr2 vid=22760 part=0 category=2 position=39236,-60066,17767.9 vertices=682 deform_vertices=682 rigid_vertices=0
material group=0 stage=0 alpha_test=0 blend=0 rigid=0 mesh=0 cull=0 depth_write=1 texture=d:\ymir work\monster\stray_dog\stray_dog.dds race=101 file=d:\ymir work\monster\stray_dog\stray_dog.gr2 vid=22760 part=0 category=2 position=39236,-60066,17767.9 vertices=682 deform_vertices=682 rigid_vertices=0
submitted: GPU-skinned actor part race=101 file=d:\ymir work\monster\stray_dog\stray_dog.gr2 vid=22733 part=0 category=2 position=37650,-60997,17791.9 vertices=682 deform_vertices=682 rigid_vertices=0
material group=0 stage=0 alpha_test=0 blend=0 rigid=0 mesh=0 cull=0 depth_write=1 texture=d:\ymir work\monster\stray_dog\stray_dog.dds race=101 file=d:\ymir work\monster\stray_dog\stray_dog.gr2 vid=22733 part=0 category=2 position=37650,-60997,17791.9 vertices=682 deform_vertices=682 rigid_vertices=0
submitted: GPU-skinned actor part race=101 file=d:\ymir work\monster\stray_dog\stray_dog.gr2 vid=22660 part=0 category=2 position=37217,-61710,17824 vertices=682 deform_vertices=682 rigid_vertices=0
material group=0 stage=0 alpha_test=0 blend=0 rigid=0 mesh=0 cull=0 depth_write=1 texture=d:\ymir work\monster\stray_dog\stray_dog.dds race=101 file=d:\ymir work\monster\stray_dog\stray_dog.gr2 vid=22660 part=0 category=2 position=37217,-61710,17824 vertices=682 deform_vertices=682 rigid_vertices=0
submitted: GPU-skinned actor part race=101 file=d:\ymir work\monster\stray_dog\stray_dog.gr2 vid=22939 part=0 category=2 position=38762,-60155,17769.6 vertices=682 deform_vertices=682 rigid_vertices=0
material group=0 stage=0 alpha_test=0 blend=0 rigid=0 mesh=0 cull=0 depth_write=1 texture=d:\ymir work\monster\stray_dog\stray_dog.dds race=101 file=d:\ymir work\monster\stray_dog\stray_dog.gr2 vid=22939 part=0 category=2 position=38762,-60155,17769.6 vertices=682 deform_vertices=682 rigid_vertices=0
submitted: GPU-skinned actor part race=101 file=d:\ymir work\monster\stray_dog\stray_dog.gr2 vid=22634 part=0 category=2 position=38955,-60081,17768.6 vertices=682 deform_vertices=682 rigid_vertices=0
material group=0 stage=0 alpha_test=0 blend=0 rigid=0 mesh=0 cull=0 depth_write=1 texture=d:\ymir work\monster\stray_dog\stray_dog.dds race=101 file=d:\ymir work\monster\stray_dog\stray_dog.gr2 vid=22634 part=0 category=2 position=38955,-60081,17768.6 vertices=682 deform_vertices=682 rigid_vertices=0
submitted: GPU-skinned actor part race=101 file=d:\ymir work\monster\stray_dog\stray_dog.gr2 vid=22839 part=0 category=2 position=39078,-60049,17768.2 vertices=682 deform_vertices=682 rigid_vertices=0
material group=0 stage=0 alpha_test=0 blend=0 rigid=0 mesh=0 cull=0 depth_write=1 texture=d:\ymir work\monster\stray_dog\stray_dog.dds race=101 file=d:\ymir work\monster\stray_dog\stray_dog.gr2 vid=22839 part=0 category=2 position=39078,-60049,17768.2 vertices=682 deform_vertices=682 rigid_vertices=0
submitted: GPU-skinned actor part race=101 file=d:\ymir work\monster\stray_dog\stray_dog.gr2 vid=23013 part=0 category=2 position=37676,-60884,17787.7 vertices=682 deform_vertices=682 rigid_vertices=0
material group=0 stage=0 alpha_test=0 blend=0 rigid=0 mesh=0 cull=0 depth_write=1 texture=d:\ymir work\monster\stray_dog\stray_dog.dds race=101 file=d:\ymir work\monster\stray_dog\stray_dog.gr2 vid=23013 part=0 category=2 position=37676,-60884,17787.7 vertices=682 deform_vertices=682 rigid_vertices=0
submitted: GPU-skinned actor part race=101 file=d:\ymir work\monster\stray_dog\stray_dog.gr2 vid=22511 part=0 category=2 position=39055,-60025,17768.1 vertices=682 deform_vertices=682 rigid_vertices=0
material group=0 stage=0 alpha_test=0 blend=0 rigid=0 mesh=0 cull=0 depth_write=1 texture=d:\ymir work\monster\stray_dog\stray_dog.dds race=101 file=d:\ymir work\monster\stray_dog\stray_dog.gr2 vid=22511 part=0 category=2 position=39055,-60025,17768.1 vertices=682 deform_vertices=682 rigid_vertices=0
submitted: GPU-skinned actor part race=101 file=d:\ymir work\monster\stray_dog\stray_dog.gr2 vid=22498 part=0 category=2 position=39032,-60029,17768.1 vertices=682 deform_vertices=682 rigid_vertices=0
material group=0 stage=0 alpha_test=0 blend=0 rigid=0 mesh=0 cull=0 depth_write=1 texture=d:\ymir work\monster\stray_dog\stray_dog.dds race=101 file=d:\ymir work\monster\stray_dog\stray_dog.gr2 vid=22498 part=0 category=2 position=39032,-60029,17768.1 vertices=682 deform_vertices=682 rigid_vertices=0
submitted: GPU-skinned actor part race=101 file=d:\ymir work\monster\stray_dog\stray_dog.gr2 vid=22662 part=0 category=2 position=38676,-60145,17769.4 vertices=682 deform_vertices=682 rigid_vertices=0
material group=0 stage=0 alpha_test=0 blend=0 rigid=0 mesh=0 cull=0 depth_write=1 texture=d:\ymir work\monster\stray_dog\stray_dog.dds race=101 file=d:\ymir work\monster\stray_dog\stray_dog.gr2 vid=22662 part=0 category=2 position=38676,-60145,17769.4 vertices=682 deform_vertices=682 rigid_vertices=0
submitted: GPU-skinned actor part race=101 file=d:\ymir work\monster\stray_dog\stray_dog.gr2 vid=22650 part=0 category=2 position=38741,-60096,17769 vertices=682 deform_vertices=682 rigid_vertices=0
material group=0 stage=0 alpha_test=0 blend=0 rigid=0 mesh=0 cull=0 depth_write=1 texture=d:\ymir work\monster\stray_dog\stray_dog.dds race=101 file=d:\ymir work\monster\stray_dog\stray_dog.gr2 vid=22650 part=0 category=2 position=38741,-60096,17769 vertices=682 deform_vertices=682 rigid_vertices=0
submitted: GPU-skinned actor part race=101 file=d:\ymir work\monster\stray_dog\stray_dog.gr2 vid=22554 part=0 category=2 position=39054,-59998,17767.9 vertices=682 deform_vertices=682 rigid_vertices=0
material group=0 stage=0 alpha_test=0 blend=0 rigid=0 mesh=0 cull=0 depth_write=1 texture=d:\ymir work\monster\stray_dog\stray_dog.dds race=101 file=d:\ymir work\monster\stray_dog\stray_dog.gr2 vid=22554 part=0 category=2 position=39054,-59998,17767.9 vertices=682 deform_vertices=682 rigid_vertices=0
submitted: GPU-skinned actor part race=101 file=d:\ymir work\monster\stray_dog\stray_dog.gr2 vid=23188 part=0 category=2 position=40389,-60014,17767 vertices=682 deform_vertices=682 rigid_vertices=0
material group=0 stage=0 alpha_test=0 blend=0 rigid=0 mesh=0 cull=0 depth_write=1 texture=d:\ymir work\monster\stray_dog\stray_dog.dds race=101 file=d:\ymir work\monster\stray_dog\stray_dog.gr2 vid=23188 part=0 category=2 position=40389,-60014,17767 vertices=682 deform_vertices=682 rigid_vertices=0
submitted: GPU-skinned actor part race=101 file=d:\ymir work\monster\stray_dog\stray_dog.gr2 vid=23294 part=0 category=2 position=37348,-61237,17801.5 vertices=682 deform_vertices=682 rigid_vertices=0
material group=0 stage=0 alpha_test=0 blend=0 rigid=0 mesh=0 cull=0 depth_write=1 texture=d:\ymir work\monster\stray_dog\stray_dog.dds race=101 file=d:\ymir work\monster\stray_dog\stray_dog.gr2 vid=23294 part=0 category=2 position=37348,-61237,17801.5 vertices=682 deform_vertices=682 rigid_vertices=0
submitted: GPU-skinned actor part race=101 file=d:\ymir work\monster\stray_dog\stray_dog.gr2 vid=23247 part=0 category=2 position=39360,-59932,17767.3 vertices=682 deform_vertices=682 rigid_vertices=0
material group=0 stage=0 alpha_test=0 blend=0 rigid=0 mesh=0 cull=0 depth_write=1 texture=d:\ymir work\monster\stray_dog\stray_dog.dds race=101 file=d:\ymir work\monster\stray_dog\stray_dog.gr2 vid=23247 part=0 category=2 position=39360,-59932,17767.3 vertices=682 deform_vertices=682 rigid_vertices=0
submitted: GPU-skinned actor part race=101 file=d:\ymir work\monster\stray_dog\stray_dog.gr2 vid=22629 part=0 category=2 position=39744,-59908,17767 vertices=682 deform_vertices=682 rigid_vertices=0
material group=0 stage=0 alpha_test=0 blend=0 rigid=0 mesh=0 cull=0 depth_write=1 texture=d:\ymir work\monster\stray_dog\stray_dog.dds race=101 file=d:\ymir work\monster\stray_dog\stray_dog.gr2 vid=22629 part=0 category=2 position=39744,-59908,17767 vertices=682 deform_vertices=682 rigid_vertices=0
submitted: GPU-skinned actor part race=101 file=d:\ymir work\monster\stray_dog\stray_dog.gr2 vid=23430 part=0 category=2 position=37411,-61120,17796.6 vertices=682 deform_vertices=682 rigid_vertices=0
material group=0 stage=0 alpha_test=0 blend=0 rigid=0 mesh=0 cull=0 depth_write=1 texture=d:\ymir work\monster\stray_dog\stray_dog.dds race=101 file=d:\ymir work\monster\stray_dog\stray_dog.gr2 vid=23430 part=0 category=2 position=37411,-61120,17796.6 vertices=682 deform_vertices=682 rigid_vertices=0
submitted: GPU-skinned actor part race=101 file=d:\ymir work\monster\stray_dog\stray_dog.gr2 vid=23059 part=0 category=2 position=39223,-59935,17767.3 vertices=682 deform_vertices=682 rigid_vertices=0
material group=0 stage=0 alpha_test=0 blend=0 rigid=0 mesh=0 cull=0 depth_write=1 texture=d:\ymir work\monster\stray_dog\stray_dog.dds race=101 file=d:\ymir work\monster\stray_dog\stray_dog.gr2 vid=23059 part=0 category=2 position=39223,-59935,17767.3 vertices=682 deform_vertices=682 rigid_vertices=0
submitted: GPU-skinned actor part race=101 file=d:\ymir work\monster\stray_dog\stray_dog.gr2 vid=22794 part=0 category=2 position=38844,-60014,17768.1 vertices=682 deform_vertices=682 rigid_vertices=0
material group=0 stage=0 alpha_test=0 blend=0 rigid=0 mesh=0 cull=0 depth_write=1 texture=d:\ymir work\monster\stray_dog\stray_dog.dds race=101 file=d:\ymir work\monster\stray_dog\stray_dog.gr2 vid=22794 part=0 category=2 position=38844,-60014,17768.1 vertices=682 deform_vertices=682 rigid_vertices=0
submitted: GPU-skinned actor part race=101 file=d:\ymir work\monster\stray_dog\stray_dog.gr2 vid=23438 part=0 category=2 position=40173.2,-59925.8,17767 vertices=682 deform_vertices=682 rigid_vertices=0
material group=0 stage=0 alpha_test=0 blend=0 rigid=0 mesh=0 cull=0 depth_write=1 texture=d:\ymir work\monster\stray_dog\stray_dog.dds race=101 file=d:\ymir work\monster\stray_dog\stray_dog.gr2 vid=23438 part=0 category=2 position=40173.2,-59925.8,17767 vertices=682 deform_vertices=682 rigid_vertices=0
submitted: GPU-skinned actor part race=101 file=d:\ymir work\monster\stray_dog\stray_dog.gr2 vid=23403 part=0 category=2 position=39833,-59883,17767 vertices=682 deform_vertices=682 rigid_vertices=0
material group=0 stage=0 alpha_test=0 blend=0 rigid=0 mesh=0 cull=0 depth_write=1 texture=d:\ymir work\monster\stray_dog\stray_dog.dds race=101 file=d:\ymir work\monster\stray_dog\stray_dog.gr2 vid=23403 part=0 category=2 position=39833,-59883,17767 vertices=682 deform_vertices=682 rigid_vertices=0
submitted: GPU-skinned actor part race=101 file=d:\ymir work\monster\stray_dog\stray_dog.gr2 vid=23436 part=0 category=2 position=37119,-61604.5,17817.5 vertices=682 deform_vertices=682 rigid_vertices=0
material group=0 stage=0 alpha_test=0 blend=0 rigid=0 mesh=0 cull=0 depth_write=1 texture=d:\ymir work\monster\stray_dog\stray_dog.dds race=101 file=d:\ymir work\monster\stray_dog\stray_dog.gr2 vid=23436 part=0 category=2 position=37119,-61604.5,17817.5 vertices=682 deform_vertices=682 rigid_vertices=0
submitted: GPU-skinned actor part race=101 file=d:\ymir work\monster\stray_dog\stray_dog.gr2 vid=22649 part=0 category=2 position=39646,-59875,17767 vertices=682 deform_vertices=682 rigid_vertices=0
material group=0 stage=0 alpha_test=0 blend=0 rigid=0 mesh=0 cull=0 depth_write=1 texture=d:\ymir work\monster\stray_dog\stray_dog.dds race=101 file=d:\ymir work\monster\stray_dog\stray_dog.gr2 vid=22649 part=0 category=2 position=39646,-59875,17767 vertices=682 deform_vertices=682 rigid_vertices=0
submitted: GPU-skinned actor part race=101 file=d:\ymir work\monster\stray_dog\stray_dog.gr2 vid=22663 part=0 category=2 position=40303,-59945,17767 vertices=682 deform_vertices=682 rigid_vertices=0
material group=0 stage=0 alpha_test=0 blend=0 rigid=0 mesh=0 cull=0 depth_write=1 texture=d:\ymir work\monster\stray_dog\stray_dog.dds race=101 file=d:\ymir work\monster\stray_dog\stray_dog.gr2 vid=22663 part=0 category=2 position=40303,-59945,17767 vertices=682 deform_vertices=682 rigid_vertices=0
submitted: GPU-skinned actor part race=101 file=d:\ymir work\monster\stray_dog\stray_dog.gr2 vid=22868 part=0 category=2 position=40065,-59892,17767 vertices=682 deform_vertices=682 rigid_vertices=0
material group=0 stage=0 alpha_test=0 blend=0 rigid=0 mesh=0 cull=0 depth_write=1 texture=d:\ymir work\monster\stray_dog\stray_dog.dds race=101 file=d:\ymir work\monster\stray_dog\stray_dog.gr2 vid=22868 part=0 category=2 position=40065,-59892,17767 vertices=682 deform_vertices=682 rigid_vertices=0
submitted: GPU-skinned actor part race=101 file=d:\ymir work\monster\stray_dog\stray_dog.gr2 vid=23000 part=0 category=2 position=37542,-60877,17787.4 vertices=682 deform_vertices=682 rigid_vertices=0
material group=0 stage=0 alpha_test=0 blend=0 rigid=0 mesh=0 cull=0 depth_write=1 texture=d:\ymir work\monster\stray_dog\stray_dog.dds race=101 file=d:\ymir work\monster\stray_dog\stray_dog.gr2 vid=23000 part=0 category=2 position=37542,-60877,17787.4 vertices=682 deform_vertices=682 rigid_vertices=0
submitted: GPU-skinned actor part race=101 file=d:\ymir work\monster\stray_dog\stray_dog.gr2 vid=23305 part=0 category=2 position=39160,-59911,17767.3 vertices=682 deform_vertices=682 rigid_vertices=0
material group=0 stage=0 alpha_test=0 blend=0 rigid=0 mesh=0 cull=0 depth_write=1 texture=d:\ymir work\monster\stray_dog\stray_dog.dds race=101 file=d:\ymir work\monster\stray_dog\stray_dog.gr2 vid=23305 part=0 category=2 position=39160,-59911,17767.3 vertices=682 deform_vertices=682 rigid_vertices=0
submitted: GPU-skinned actor part race=101 file=d:\ymir work\monster\stray_dog\stray_dog.gr2 vid=23283 part=0 category=2 position=37105,-61534,17813.9 vertices=682 deform_vertices=682 rigid_vertices=0
material group=0 stage=0 alpha_test=0 blend=0 rigid=0 mesh=0 cull=0 depth_write=1 texture=d:\ymir work\monster\stray_dog\stray_dog.dds race=101 file=d:\ymir work\monster\stray_dog\stray_dog.gr2 vid=23283 part=0 category=2 position=37105,-61534,17813.9 vertices=682 deform_vertices=682 rigid_vertices=0
submitted: GPU-skinned actor part race=101 file=d:\ymir work\monster\stray_dog\stray_dog.gr2 vid=23292 part=0 category=2 position=38628,-60027,17768.3 vertices=682 deform_vertices=682 rigid_vertices=0
material group=0 stage=0 alpha_test=0 blend=0 rigid=0 mesh=0 cull=0 depth_write=1 texture=d:\ymir work\monster\stray_dog\stray_dog.dds race=101 file=d:\ymir work\monster\stray_dog\stray_dog.gr2 vid=23292 part=0 category=2 position=38628,-60027,17768.3 vertices=682 deform_vertices=682 rigid_vertices=0
submitted: GPU-skinned actor part race=101 file=d:\ymir work\monster\stray_dog\stray_dog.gr2 vid=23209 part=0 category=2 position=38670,-60005,17768.1 vertices=682 deform_vertices=682 rigid_vertices=0
material group=0 stage=0 alpha_test=0 blend=0 rigid=0 mesh=0 cull=0 depth_write=1 texture=d:\ymir work\monster\stray_dog\stray_dog.dds race=101 file=d:\ymir work\monster\stray_dog\stray_dog.gr2 vid=23209 part=0 category=2 position=38670,-60005,17768.1 vertices=682 deform_vertices=682 rigid_vertices=0
submitted: GPU-skinned actor part race=101 file=d:\ymir work\monster\stray_dog\stray_dog.gr2 vid=23287 part=0 category=2 position=37266,-61179,17798.5 vertices=682 deform_vertices=682 rigid_vertices=0
material group=0 stage=0 alpha_test=0 blend=0 rigid=0 mesh=0 cull=0 depth_write=1 texture=d:\ymir work\monster\stray_dog\stray_dog.dds race=101 file=d:\ymir work\monster\stray_dog\stray_dog.gr2 vid=23287 part=0 category=2 position=37266,-61179,17798.5 vertices=682 deform_vertices=682 rigid_vertices=0
submitted: GPU-skinned actor part race=101 file=d:\ymir work\monster\stray_dog\stray_dog.gr2 vid=23416 part=0 category=2 position=40294,-59881,17767 vertices=682 deform_vertices=682 rigid_vertices=0
material group=0 stage=0 alpha_test=0 blend=0 rigid=0 mesh=0 cull=0 depth_write=1 texture=d:\ymir work\monster\stray_dog\stray_dog.dds race=101 file=d:\ymir work\monster\stray_dog\stray_dog.gr2 vid=23416 part=0 category=2 position=40294,-59881,17767 vertices=682 deform_vertices=682 rigid_vertices=0
submitted: GPU-skinned actor part race=101 file=d:\ymir work\monster\stray_dog\stray_dog.gr2 vid=23185 part=0 category=2 position=38691,-59989,17767.9 vertices=682 deform_vertices=682 rigid_vertices=0
material group=0 stage=0 alpha_test=0 blend=0 rigid=0 mesh=0 cull=0 depth_write=1 texture=d:\ymir work\monster\stray_dog\stray_dog.dds race=101 file=d:\ymir work\monster\stray_dog\stray_dog.gr2 vid=23185 part=0 category=2 position=38691,-59989,17767.9 vertices=682 deform_vertices=682 rigid_vertices=0
submitted: GPU-skinned actor part race=101 file=d:\ymir work\monster\stray_dog\stray_dog.gr2 vid=23177 part=0 category=2 position=39737,-59808,17767 vertices=682 deform_vertices=682 rigid_vertices=0
material group=0 stage=0 alpha_test=0 blend=0 rigid=0 mesh=0 cull=0 depth_write=1 texture=d:\ymir work\monster\stray_dog\stray_dog.dds race=101 file=d:\ymir work\monster\stray_dog\stray_dog.gr2 vid=23177 part=0 category=2 position=39737,-59808,17767 vertices=682 deform_vertices=682 rigid_vertices=0
submitted: GPU-skinned actor part race=101 file=d:\ymir work\monster\stray_dog\stray_dog.gr2 vid=23200 part=0 category=2 position=38853,-59922,17767.6 vertices=682 deform_vertices=682 rigid_vertices=0
material group=0 stage=0 alpha_test=0 blend=0 rigid=0 mesh=0 cull=0 depth_write=1 texture=d:\ymir work\monster\stray_dog\stray_dog.dds race=101 file=d:\ymir work\monster\stray_dog\stray_dog.gr2 vid=23200 part=0 category=2 position=38853,-59922,17767.6 vertices=682 deform_vertices=682 rigid_vertices=0
submitted: GPU-skinned actor part race=101 file=d:\ymir work\monster\stray_dog\stray_dog.gr2 vid=23347 part=0 category=2 position=39285,-59825,17767.1 vertices=682 deform_vertices=682 rigid_vertices=0
material group=0 stage=0 alpha_test=0 blend=0 rigid=0 mesh=0 cull=0 depth_write=1 texture=d:\ymir work\monster\stray_dog\stray_dog.dds race=101 file=d:\ymir work\monster\stray_dog\stray_dog.gr2 vid=23347 part=0 category=2 position=39285,-59825,17767.1 vertices=682 deform_vertices=682 rigid_vertices=0
submitted: GPU-skinned actor part race=101 file=d:\ymir work\monster\stray_dog\stray_dog.gr2 vid=22981 part=0 category=2 position=39683,-59787,17767 vertices=682 deform_vertices=682 rigid_vertices=0
material group=0 stage=0 alpha_test=0 blend=0 rigid=0 mesh=0 cull=0 depth_write=1 texture=d:\ymir work\monster\stray_dog\stray_dog.dds race=101 file=d:\ymir work\monster\stray_dog\stray_dog.gr2 vid=22981 part=0 category=2 position=39683,-59787,17767 vertices=682 deform_vertices=682 rigid_vertices=0
submitted: GPU-skinned actor part race=101 file=d:\ymir work\monster\stray_dog\stray_dog.gr2 vid=23118 part=0 category=2 position=37318.5,-61027.5,17792.1 vertices=682 deform_vertices=682 rigid_vertices=0
material group=0 stage=0 alpha_test=0 blend=0 rigid=0 mesh=0 cull=0 depth_write=1 texture=d:\ymir work\monster\stray_dog\stray_dog.dds race=101 file=d:\ymir work\monster\stray_dog\stray_dog.gr2 vid=23118 part=0 category=2 position=37318.5,-61027.5,17792.1 vertices=682 deform_vertices=682 rigid_vertices=0
submitted: GPU-skinned actor part race=101 file=d:\ymir work\monster\stray_dog\stray_dog.gr2 vid=22878 part=0 category=2 position=38656,-59952,17767.8 vertices=682 deform_vertices=682 rigid_vertices=0
material group=0 stage=0 alpha_test=0 blend=0 rigid=0 mesh=0 cull=0 depth_write=1 texture=d:\ymir work\monster\stray_dog\stray_dog.dds race=101 file=d:\ymir work\monster\stray_dog\stray_dog.gr2 vid=22878 part=0 category=2 position=38656,-59952,17767.8 vertices=682 deform_vertices=682 rigid_vertices=0
submitted: GPU-skinned actor part race=101 file=d:\ymir work\monster\stray_dog\stray_dog.gr2 vid=22740 part=0 category=2 position=37464,-60803,17784.6 vertices=682 deform_vertices=682 rigid_vertices=0
material group=0 stage=0 alpha_test=0 blend=0 rigid=0 mesh=0 cull=0 depth_write=1 texture=d:\ymir work\monster\stray_dog\stray_dog.dds race=101 file=d:\ymir work\monster\stray_dog\stray_dog.gr2 vid=22740 part=0 category=2 position=37464,-60803,17784.6 vertices=682 deform_vertices=682 rigid_vertices=0
submitted: GPU-skinned actor part race=101 file=d:\ymir work\monster\stray_dog\stray_dog.gr2 vid=22508 part=0 category=2 position=37470,-60784,17784 vertices=682 deform_vertices=682 rigid_vertices=0
material group=0 stage=0 alpha_test=0 blend=0 rigid=0 mesh=0 cull=0 depth_write=1 texture=d:\ymir work\monster\stray_dog\stray_dog.dds race=101 file=d:\ymir work\monster\stray_dog\stray_dog.gr2 vid=22508 part=0 category=2 position=37470,-60784,17784 vertices=682 deform_vertices=682 rigid_vertices=0
submitted: GPU-skinned actor part race=101 file=d:\ymir work\monster\stray_dog\stray_dog.gr2 vid=22473 part=0 category=2 position=39148.8,-59797.3,17767 vertices=682 deform_vertices=682 rigid_vertices=0
material group=0 stage=0 alpha_test=0 blend=0 rigid=0 mesh=0 cull=0 depth_write=1 texture=d:\ymir work\monster\stray_dog\stray_dog.dds race=101 file=d:\ymir work\monster\stray_dog\stray_dog.gr2 vid=22473 part=0 category=2 position=39148.8,-59797.3,17767 vertices=682 deform_vertices=682 rigid_vertices=0
submitted: GPU-skinned actor part race=101 file=d:\ymir work\monster\stray_dog\stray_dog.gr2 vid=23367 part=0 category=2 position=38981,-59814,17767.1 vertices=682 deform_vertices=682 rigid_vertices=0
material group=0 stage=0 alpha_test=0 blend=0 rigid=0 mesh=0 cull=0 depth_write=1 texture=d:\ymir work\monster\stray_dog\stray_dog.dds race=101 file=d:\ymir work\monster\stray_dog\stray_dog.gr2 vid=23367 part=0 category=2 position=38981,-59814,17767.1 vertices=682 deform_vertices=682 rigid_vertices=0
submitted: GPU-skinned actor part race=101 file=d:\ymir work\monster\stray_dog\stray_dog.gr2 vid=23286 part=0 category=2 position=38733,-59876,17767.4 vertices=682 deform_vertices=682 rigid_vertices=0
material group=0 stage=0 alpha_test=0 blend=0 rigid=0 mesh=0 cull=0 depth_write=1 texture=d:\ymir work\monster\stray_dog\stray_dog.dds race=101 file=d:\ymir work\monster\stray_dog\stray_dog.gr2 vid=23286 part=0 category=2 position=38733,-59876,17767.4 vertices=682 deform_vertices=682 rigid_vertices=0
submitted: GPU-skinned actor part race=101 file=d:\ymir work\monster\stray_dog\stray_dog.gr2 vid=23392 part=0 category=2 position=37395,-60818,17785.1 vertices=682 deform_vertices=682 rigid_vertices=0
material group=0 stage=0 alpha_test=0 blend=0 rigid=0 mesh=0 cull=0 depth_write=1 texture=d:\ymir work\monster\stray_dog\stray_dog.dds race=101 file=d:\ymir work\monster\stray_dog\stray_dog.gr2 vid=23392 part=0 category=2 position=37395,-60818,17785.1 vertices=682 deform_vertices=682 rigid_vertices=0
submitted: GPU-skinned actor part race=101 file=d:\ymir work\monster\stray_dog\stray_dog.gr2 vid=23404 part=0 category=2 position=39575,-59708,17767 vertices=682 deform_vertices=682 rigid_vertices=0
material group=0 stage=0 alpha_test=0 blend=0 rigid=0 mesh=0 cull=0 depth_write=1 texture=d:\ymir work\monster\stray_dog\stray_dog.dds race=101 file=d:\ymir work\monster\stray_dog\stray_dog.gr2 vid=23404 part=0 category=2 position=39575,-59708,17767 vertices=682 deform_vertices=682 rigid_vertices=0
submitted: GPU-skinned actor part race=101 file=d:\ymir work\monster\stray_dog\stray_dog.gr2 vid=22757 part=0 category=2 position=39089,-59761,17767 vertices=682 deform_vertices=682 rigid_vertices=0
material group=0 stage=0 alpha_test=0 blend=0 rigid=0 mesh=0 cull=0 depth_write=1 texture=d:\ymir work\monster\stray_dog\stray_dog.dds race=101 file=d:\ymir work\monster\stray_dog\stray_dog.gr2 vid=22757 part=0 category=2 position=39089,-59761,17767 vertices=682 deform_vertices=682 rigid_vertices=0
submitted: GPU-skinned actor part race=101 file=d:\ymir work\monster\stray_dog\stray_dog.gr2 vid=23136 part=0 category=2 position=39523.3,-59700.5,17767 vertices=682 deform_vertices=682 rigid_vertices=0
material group=0 stage=0 alpha_test=0 blend=0 rigid=0 mesh=0 cull=0 depth_write=1 texture=d:\ymir work\monster\stray_dog\stray_dog.dds race=101 file=d:\ymir work\monster\stray_dog\stray_dog.gr2 vid=23136 part=0 category=2 position=39523.3,-59700.5,17767 vertices=682 deform_vertices=682 rigid_vertices=0
submitted: GPU-skinned actor part race=101 file=d:\ymir work\monster\stray_dog\stray_dog.gr2 vid=22720 part=0 category=2 position=39147,-59743,17767 vertices=682 deform_vertices=682 rigid_vertices=0
material group=0 stage=0 alpha_test=0 blend=0 rigid=0 mesh=0 cull=0 depth_write=1 texture=d:\ymir work\monster\stray_dog\stray_dog.dds race=101 file=d:\ymir work\monster\stray_dog\stray_dog.gr2 vid=22720 part=0 category=2 position=39147,-59743,17767 vertices=682 deform_vertices=682 rigid_vertices=0
submitted: GPU-skinned actor part race=101 file=d:\ymir work\monster\stray_dog\stray_dog.gr2 vid=23284 part=0 category=2 position=39930,-59694,17767 vertices=682 deform_vertices=682 rigid_vertices=0
material group=0 stage=0 alpha_test=0 blend=0 rigid=0 mesh=0 cull=0 depth_write=1 texture=d:\ymir work\monster\stray_dog\stray_dog.dds race=101 file=d:\ymir work\monster\stray_dog\stray_dog.gr2 vid=23284 part=0 category=2 position=39930,-59694,17767 vertices=682 deform_vertices=682 rigid_vertices=0
submitted: GPU-skinned actor part race=101 file=d:\ymir work\monster\stray_dog\stray_dog.gr2 vid=22529 part=0 category=2 position=39349.2,-59701.7,17767 vertices=682 deform_vertices=682 rigid_vertices=0
material group=0 stage=0 alpha_test=0 blend=0 rigid=0 mesh=0 cull=0 depth_write=1 texture=d:\ymir work\monster\stray_dog\stray_dog.dds race=101 file=d:\ymir work\monster\stray_dog\stray_dog.gr2 vid=22529 part=0 category=2 position=39349.2,-59701.7,17767 vertices=682 deform_vertices=682 rigid_vertices=0
submitted: GPU-skinned actor part race=101 file=d:\ymir work\monster\stray_dog\stray_dog.gr2 vid=22669 part=0 category=2 position=38747,-59820,17767.1 vertices=682 deform_vertices=682 rigid_vertices=0
material group=0 stage=0 alpha_test=0 blend=0 rigid=0 mesh=0 cull=0 depth_write=1 texture=d:\ymir work\monster\stray_dog\stray_dog.dds race=101 file=d:\ymir work\monster\stray_dog\stray_dog.gr2 vid=22669 part=0 category=2 position=38747,-59820,17767.1 vertices=682 deform_vertices=682 rigid_vertices=0
submitted: GPU-skinned actor part race=101 file=d:\ymir work\monster\stray_dog\stray_dog.gr2 vid=23271 part=0 category=2 position=38827,-59786,17767 vertices=682 deform_vertices=682 rigid_vertices=0
material group=0 stage=0 alpha_test=0 blend=0 rigid=0 mesh=0 cull=0 depth_write=1 texture=d:\ymir work\monster\stray_dog\stray_dog.dds race=101 file=d:\ymir work\monster\stray_dog\stray_dog.gr2 vid=23271 part=0 category=2 position=38827,-59786,17767 vertices=682 deform_vertices=682 rigid_vertices=0
submitted: GPU-skinned actor part race=101 file=d:\ymir work\monster\stray_dog\stray_dog.gr2 vid=22845 part=0 category=2 position=38684,-59828,17767.1 vertices=682 deform_vertices=682 rigid_vertices=0
material group=0 stage=0 alpha_test=0 blend=0 rigid=0 mesh=0 cull=0 depth_write=1 texture=d:\ymir work\monster\stray_dog\stray_dog.dds race=101 file=d:\ymir work\monster\stray_dog\stray_dog.gr2 vid=22845 part=0 category=2 position=38684,-59828,17767.1 vertices=682 deform_vertices=682 rigid_vertices=0
submitted: GPU-skinned actor part race=101 file=d:\ymir work\monster\stray_dog\stray_dog.gr2 vid=22816 part=0 category=2 position=39188,-59695,17767 vertices=682 deform_vertices=682 rigid_vertices=0
material group=0 stage=0 alpha_test=0 blend=0 rigid=0 mesh=0 cull=0 depth_write=1 texture=d:\ymir work\monster\stray_dog\stray_dog.dds race=101 file=d:\ymir work\monster\stray_dog\stray_dog.gr2 vid=22816 part=0 category=2 position=39188,-59695,17767 vertices=682 deform_vertices=682 rigid_vertices=0
submitted: GPU-skinned actor part race=101 file=d:\ymir work\monster\stray_dog\stray_dog.gr2 vid=23051 part=0 category=2 position=38768.5,-59797.6,17767 vertices=682 deform_vertices=682 rigid_vertices=0
material group=0 stage=0 alpha_test=0 blend=0 rigid=0 mesh=0 cull=0 depth_write=1 texture=d:\ymir work\monster\stray_dog\stray_dog.dds race=101 file=d:\ymir work\monster\stray_dog\stray_dog.gr2 vid=23051 part=0 category=2 position=38768.5,-59797.6,17767 vertices=682 deform_vertices=682 rigid_vertices=0
submitted: GPU-skinned actor part race=101 file=d:\ymir work\monster\stray_dog\stray_dog.gr2 vid=23281 part=0 category=2 position=39168,-59694,17767 vertices=682 deform_vertices=682 rigid_vertices=0
material group=0 stage=0 alpha_test=0 blend=0 rigid=0 mesh=0 cull=0 depth_write=1 texture=d:\ymir work\monster\stray_dog\stray_dog.dds race=101 file=d:\ymir work\monster\stray_dog\stray_dog.gr2 vid=23281 part=0 category=2 position=39168,-59694,17767 vertices=682 deform_vertices=682 rigid_vertices=0
submitted: GPU-skinned actor part race=101 file=d:\ymir work\monster\stray_dog\stray_dog.gr2 vid=23342 part=0 category=2 position=39998,-59661,17767 vertices=682 deform_vertices=682 rigid_vertices=0
material group=0 stage=0 alpha_test=0 blend=0 rigid=0 mesh=0 cull=0 depth_write=1 texture=d:\ymir work\monster\stray_dog\stray_dog.dds race=101 file=d:\ymir work\monster\stray_dog\stray_dog.gr2 vid=23342 part=0 category=2 position=39998,-59661,17767 vertices=682 deform_vertices=682 rigid_vertices=0
submitted: GPU-skinned actor part race=101 file=d:\ymir work\monster\stray_dog\stray_dog.gr2 vid=22568 part=0 category=2 position=39342,-59659,17767 vertices=682 deform_vertices=682 rigid_vertices=0
material group=0 stage=0 alpha_test=0 blend=0 rigid=0 mesh=0 cull=0 depth_write=1 texture=d:\ymir work\monster\stray_dog\stray_dog.dds race=101 file=d:\ymir work\monster\stray_dog\stray_dog.gr2 vid=22568 part=0 category=2 position=39342,-59659,17767 vertices=682 deform_vertices=682 rigid_vertices=0
submitted: GPU-skinned actor part race=101 file=d:\ymir work\monster\stray_dog\stray_dog.gr2 vid=23097 part=0 category=2 position=39772,-59627,17767 vertices=682 deform_vertices=682 rigid_vertices=0
material group=0 stage=0 alpha_test=0 blend=0 rigid=0 mesh=0 cull=0 depth_write=1 texture=d:\ymir work\monster\stray_dog\stray_dog.dds race=101 file=d:\ymir work\monster\stray_dog\stray_dog.gr2 vid=23097 part=0 category=2 position=39772,-59627,17767 vertices=682 deform_vertices=682 rigid_vertices=0
submitted: GPU-skinned actor part race=101 file=d:\ymir work\monster\stray_dog\stray_dog.gr2 vid=22890 part=0 category=2 position=38819,-59750,17767 vertices=682 deform_vertices=682 rigid_vertices=0
material group=0 stage=0 alpha_test=0 blend=0 rigid=0 mesh=0 cull=0 depth_write=1 texture=d:\ymir work\monster\stray_dog\stray_dog.dds race=101 file=d:\ymir work\monster\stray_dog\stray_dog.gr2 vid=22890 part=0 category=2 position=38819,-59750,17767 vertices=682 deform_vertices=682 rigid_vertices=0
submitted: GPU-skinned actor part race=101 file=d:\ymir work\monster\stray_dog\stray_dog.gr2 vid=22888 part=0 category=2 position=40454,-59723,17767 vertices=682 deform_vertices=682 rigid_vertices=0
material group=0 stage=0 alpha_test=0 blend=0 rigid=0 mesh=0 cull=0 depth_write=1 texture=d:\ymir work\monster\stray_dog\stray_dog.dds race=101 file=d:\ymir work\monster\stray_dog\stray_dog.gr2 vid=22888 part=0 category=2 position=40454,-59723,17767 vertices=682 deform_vertices=682 rigid_vertices=0
submitted: GPU-skinned actor part race=101 file=d:\ymir work\monster\stray_dog\stray_dog.gr2 vid=22515 part=0 category=2 position=39741,-59622,17767 vertices=682 deform_vertices=682 rigid_vertices=0
material group=0 stage=0 alpha_test=0 blend=0 rigid=0 mesh=0 cull=0 depth_write=1 texture=d:\ymir work\monster\stray_dog\stray_dog.dds race=101 file=d:\ymir work\monster\stray_dog\stray_dog.gr2 vid=22515 part=0 category=2 position=39741,-59622,17767 vertices=682 deform_vertices=682 rigid_vertices=0
submitted: GPU-skinned actor part race=101 file=d:\ymir work\monster\stray_dog\stray_dog.gr2 vid=22938 part=0 category=2 position=39170,-59663,17767 vertices=682 deform_vertices=682 rigid_vertices=0
material group=0 stage=0 alpha_test=0 blend=0 rigid=0 mesh=0 cull=0 depth_write=1 texture=d:\ymir work\monster\stray_dog\stray_dog.dds race=101 file=d:\ymir work\monster\stray_dog\stray_dog.gr2 vid=22938 part=0 category=2 position=39170,-59663,17767 vertices=682 deform_vertices=682 rigid_vertices=0
submitted: GPU-skinned actor part race=101 file=d:\ymir work\monster\stray_dog\stray_dog.gr2 vid=22909 part=0 category=2 position=37099,-61060,17793.1 vertices=682 deform_vertices=682 rigid_vertices=0
material group=0 stage=0 alpha_test=0 blend=0 rigid=0 mesh=0 cull=0 depth_write=1 texture=d:\ymir work\monster\stray_dog\stray_dog.dds race=101 file=d:\ymir work\monster\stray_dog\stray_dog.gr2 vid=22909 part=0 category=2 position=37099,-61060,17793.1 vertices=682 deform_vertices=682 rigid_vertices=0
submitted: GPU-skinned actor part race=101 file=d:\ymir work\monster\stray_dog\stray_dog.gr2 vid=23345 part=0 category=2 position=38558,-59819,17767.1 vertices=682 deform_vertices=682 rigid_vertices=0
material group=0 stage=0 alpha_test=0 blend=0 rigid=0 mesh=0 cull=0 depth_write=1 texture=d:\ymir work\monster\stray_dog\stray_dog.dds race=101 file=d:\ymir work\monster\stray_dog\stray_dog.gr2 vid=23345 part=0 category=2 position=38558,-59819,17767.1 vertices=682 deform_vertices=682 rigid_vertices=0
submitted: GPU-skinned actor part race=101 file=d:\ymir work\monster\stray_dog\stray_dog.gr2 vid=23022 part=0 category=2 position=39362,-59603,17767 vertices=682 deform_vertices=682 rigid_vertices=0
material group=0 stage=0 alpha_test=0 blend=0 rigid=0 mesh=0 cull=0 depth_write=1 texture=d:\ymir work\monster\stray_dog\stray_dog.dds race=101 file=d:\ymir work\monster\stray_dog\stray_dog.gr2 vid=23022 part=0 category=2 position=39362,-59603,17767 vertices=682 deform_vertices=682 rigid_vertices=0
submitted: GPU-skinned actor part race=101 file=d:\ymir work\monster\stray_dog\stray_dog.gr2 vid=23140 part=0 category=2 position=38992,-59663,17767 vertices=682 deform_vertices=682 rigid_vertices=0
material group=0 stage=0 alpha_test=0 blend=0 rigid=0 mesh=0 cull=0 depth_write=1 texture=d:\ymir work\monster\stray_dog\stray_dog.dds race=101 file=d:\ymir work\monster\stray_dog\stray_dog.gr2 vid=23140 part=0 category=2 position=38992,-59663,17767 vertices=682 deform_vertices=682 rigid_vertices=0
submitted: GPU-skinned actor part race=101 file=d:\ymir work\monster\stray_dog\stray_dog.gr2 vid=22552 part=0 category=2 position=39422,-59572,17767 vertices=682 deform_vertices=682 rigid_vertices=0
material group=0 stage=0 alpha_test=0 blend=0 rigid=0 mesh=0 cull=0 depth_write=1 texture=d:\ymir work\monster\stray_dog\stray_dog.dds race=101 file=d:\ymir work\monster\stray_dog\stray_dog.gr2 vid=22552 part=0 category=2 position=39422,-59572,17767 vertices=682 deform_vertices=682 rigid_vertices=0
submitted: GPU-skinned actor part race=101 file=d:\ymir work\monster\stray_dog\stray_dog.gr2 vid=23348 part=0 category=2 position=38928,-59654,17767 vertices=682 deform_vertices=682 rigid_vertices=0
material group=0 stage=0 alpha_test=0 blend=0 rigid=0 mesh=0 cull=0 depth_write=1 texture=d:\ymir work\monster\stray_dog\stray_dog.dds race=101 file=d:\ymir work\monster\stray_dog\stray_dog.gr2 vid=23348 part=0 category=2 position=38928,-59654,17767 vertices=682 deform_vertices=682 rigid_vertices=0
submitted: GPU-skinned actor part race=101 file=d:\ymir work\monster\stray_dog\stray_dog.gr2 vid=23272 part=0 category=2 position=40246,-59585,17767 vertices=682 deform_vertices=682 rigid_vertices=0
material group=0 stage=0 alpha_test=0 blend=0 rigid=0 mesh=0 cull=0 depth_write=1 texture=d:\ymir work\monster\stray_dog\stray_dog.dds race=101 file=d:\ymir work\monster\stray_dog\stray_dog.gr2 vid=23272 part=0 category=2 position=40246,-59585,17767 vertices=682 deform_vertices=682 rigid_vertices=0
submitted: GPU-skinned actor part race=101 file=d:\ymir work\monster\stray_dog\stray_dog.gr2 vid=23152 part=0 category=2 position=40427.1,-59616.9,17767 vertices=682 deform_vertices=682 rigid_vertices=0
material group=0 stage=0 alpha_test=0 blend=0 rigid=0 mesh=0 cull=0 depth_write=1 texture=d:\ymir work\monster\stray_dog\stray_dog.dds race=101 file=d:\ymir work\monster\stray_dog\stray_dog.gr2 vid=23152 part=0 category=2 position=40427.1,-59616.9,17767 vertices=682 deform_vertices=682 rigid_vertices=0
submitted: GPU-skinned actor part race=101 file=d:\ymir work\monster\stray_dog\stray_dog.gr2 vid=22976 part=0 category=2 position=39034,-59589,17767 vertices=682 deform_vertices=682 rigid_vertices=0
material group=0 stage=0 alpha_test=0 blend=0 rigid=0 mesh=0 cull=0 depth_write=1 texture=d:\ymir work\monster\stray_dog\stray_dog.dds race=101 file=d:\ymir work\monster\stray_dog\stray_dog.gr2 vid=22976 part=0 category=2 position=39034,-59589,17767 vertices=682 deform_vertices=682 rigid_vertices=0
submitted: GPU-skinned actor part race=101 file=d:\ymir work\monster\stray_dog\stray_dog.gr2 vid=23198 part=0 category=2 position=38622,-59704,17767 vertices=682 deform_vertices=682 rigid_vertices=0
material group=0 stage=0 alpha_test=0 blend=0 rigid=0 mesh=0 cull=0 depth_write=1 texture=d:\ymir work\monster\stray_dog\stray_dog.dds race=101 file=d:\ymir work\monster\stray_dog\stray_dog.gr2 vid=23198 part=0 category=2 position=38622,-59704,17767 vertices=682 deform_vertices=682 rigid_vertices=0
submitted: GPU-skinned actor part race=101 file=d:\ymir work\monster\stray_dog\stray_dog.gr2 vid=22768 part=0 category=2 position=36939,-61143,17795.9 vertices=682 deform_vertices=682 rigid_vertices=0
material group=0 stage=0 alpha_test=0 blend=0 rigid=0 mesh=0 cull=0 depth_write=1 texture=d:\ymir work\monster\stray_dog\stray_dog.dds race=101 file=d:\ymir work\monster\stray_dog\stray_dog.gr2 vid=22768 part=0 category=2 position=36939,-61143,17795.9 vertices=682 deform_vertices=682 rigid_vertices=0
submitted: GPU-skinned actor part race=11005 file=d:\ymir work\npc\sinsu_patrol_bow\sinsu_patrol_bow.gr2 vid=20263 part=0 category=1 position=36700,-61700,17818.8 vertices=1833 deform_vertices=1593 rigid_vertices=240
material group=0 stage=0 alpha_test=0 blend=0 rigid=0 mesh=0 cull=0 depth_write=1 texture=d:\ymir work\npc\sinsu_patrol_bow\sinsu_patrol_bow.dds race=11005 file=d:\ymir work\npc\sinsu_patrol_bow\sinsu_patrol_bow.gr2 vid=20263 part=0 category=1 position=36700,-61700,17818.8 vertices=1833 deform_vertices=1593 rigid_vertices=240
material group=1 stage=0 alpha_test=0 blend=0 rigid=1 mesh=1 cull=0 depth_write=1 texture=d:\ymir work\npc\sinsu_patrol_bow\sinsu_patrol_weapon.dds race=11005 file=d:\ymir work\npc\sinsu_patrol_bow\sinsu_patrol_bow.gr2 vid=20263 part=0 category=1 position=36700,-61700,17818.8 vertices=1833 deform_vertices=1593 rigid_vertices=240
submitted: GPU-skinned actor part race=101 file=d:\ymir work\monster\stray_dog\stray_dog.gr2 vid=23325 part=0 category=2 position=39322,-59524,17767 vertices=682 deform_vertices=682 rigid_vertices=0
material group=0 stage=0 alpha_test=0 blend=0 rigid=0 mesh=0 cull=0 depth_write=1 texture=d:\ymir work\monster\stray_dog\stray_dog.dds race=101 file=d:\ymir work\monster\stray_dog\stray_dog.gr2 vid=23325 part=0 category=2 position=39322,-59524,17767 vertices=682 deform_vertices=682 rigid_vertices=0
submitted: GPU-skinned actor part race=101 file=d:\ymir work\monster\stray_dog\stray_dog.gr2 vid=23413 part=0 category=2 position=38929,-59592,17767 vertices=682 deform_vertices=682 rigid_vertices=0
material group=0 stage=0 alpha_test=0 blend=0 rigid=0 mesh=0 cull=0 depth_write=1 texture=d:\ymir work\monster\stray_dog\stray_dog.dds race=101 file=d:\ymir work\monster\stray_dog\stray_dog.gr2 vid=23413 part=0 category=2 position=38929,-59592,17767 vertices=682 deform_vertices=682 rigid_vertices=0
submitted: GPU-skinned actor part race=101 file=d:\ymir work\monster\stray_dog\stray_dog.gr2 vid=22496 part=0 category=2 position=39979,-59494,17767 vertices=682 deform_vertices=682 rigid_vertices=0
material group=0 stage=0 alpha_test=0 blend=0 rigid=0 mesh=0 cull=0 depth_write=1 texture=d:\ymir work\monster\stray_dog\stray_dog.dds race=101 file=d:\ymir work\monster\stray_dog\stray_dog.gr2 vid=22496 part=0 category=2 position=39979,-59494,17767 vertices=682 deform_vertices=682 rigid_vertices=0
submitted: GPU-skinned actor part race=101 file=d:\ymir work\monster\stray_dog\stray_dog.gr2 vid=23341 part=0 category=2 position=39458,-59481,17767 vertices=682 deform_vertices=682 rigid_vertices=0
material group=0 stage=0 alpha_test=0 blend=0 rigid=0 mesh=0 cull=0 depth_write=1 texture=d:\ymir work\monster\stray_dog\stray_dog.dds race=101 file=d:\ymir work\monster\stray_dog\stray_dog.gr2 vid=23341 part=0 category=2 position=39458,-59481,17767 vertices=682 deform_vertices=682 rigid_vertices=0
submitted: GPU-skinned actor part race=101 file=d:\ymir work\monster\stray_dog\stray_dog.gr2 vid=23071 part=0 category=2 position=38862,-59579,17767 vertices=682 deform_vertices=682 rigid_vertices=0
material group=0 stage=0 alpha_test=0 blend=0 rigid=0 mesh=0 cull=0 depth_write=1 texture=d:\ymir work\monster\stray_dog\stray_dog.dds race=101 file=d:\ymir work\monster\stray_dog\stray_dog.gr2 vid=23071 part=0 category=2 position=38862,-59579,17767 vertices=682 deform_vertices=682 rigid_vertices=0
submitted: GPU-skinned actor part race=101 file=d:\ymir work\monster\stray_dog\stray_dog.gr2 vid=22936 part=0 category=2 position=38579,-59648,17767 vertices=682 deform_vertices=682 rigid_vertices=0
material group=0 stage=0 alpha_test=0 blend=0 rigid=0 mesh=0 cull=0 depth_write=1 texture=d:\ymir work\monster\stray_dog\stray_dog.dds race=101 file=d:\ymir work\monster\stray_dog\stray_dog.gr2 vid=22936 part=0 category=2 position=38579,-59648,17767 vertices=682 deform_vertices=682 rigid_vertices=0
submitted: GPU-skinned actor part race=101 file=d:\ymir work\monster\stray_dog\stray_dog.gr2 vid=22915 part=0 category=2 position=38760,-59585,17767 vertices=682 deform_vertices=682 rigid_vertices=0
material group=0 stage=0 alpha_test=0 blend=0 rigid=0 mesh=0 cull=0 depth_write=1 texture=d:\ymir work\monster\stray_dog\stray_dog.dds race=101 file=d:\ymir work\monster\stray_dog\stray_dog.gr2 vid=22915 part=0 category=2 position=38760,-59585,17767 vertices=682 deform_vertices=682 rigid_vertices=0
submitted: GPU-skinned actor part race=101 file=d:\ymir work\monster\stray_dog\stray_dog.gr2 vid=23005 part=0 category=2 position=40453,-59542,17767 vertices=682 deform_vertices=682 rigid_vertices=0
material group=0 stage=0 alpha_test=0 blend=0 rigid=0 mesh=0 cull=0 depth_write=1 texture=d:\ymir work\monster\stray_dog\stray_dog.dds race=101 file=d:\ymir work\monster\stray_dog\stray_dog.gr2 vid=23005 part=0 category=2 position=40453,-59542,17767 vertices=682 deform_vertices=682 rigid_vertices=0
submitted: GPU-skinned actor part race=101 file=d:\ymir work\monster\stray_dog\stray_dog.gr2 vid=22486 part=0 category=2 position=39163,-59476,17767 vertices=682 deform_vertices=682 rigid_vertices=0
material group=0 stage=0 alpha_test=0 blend=0 rigid=0 mesh=0 cull=0 depth_write=1 texture=d:\ymir work\monster\stray_dog\stray_dog.dds race=101 file=d:\ymir work\monster\stray_dog\stray_dog.gr2 vid=22486 part=0 category=2 position=39163,-59476,17767 vertices=682 deform_vertices=682 rigid_vertices=0
submitted: GPU-skinned actor part race=101 file=d:\ymir work\monster\stray_dog\stray_dog.gr2 vid=23226 part=0 category=2 position=38492,-59659,17767 vertices=682 deform_vertices=682 rigid_vertices=0
material group=0 stage=0 alpha_test=0 blend=0 rigid=0 mesh=0 cull=0 depth_write=1 texture=d:\ymir work\monster\stray_dog\stray_dog.dds race=101 file=d:\ymir work\monster\stray_dog\stray_dog.gr2 vid=23226 part=0 category=2 position=38492,-59659,17767 vertices=682 deform_vertices=682 rigid_vertices=0
submitted: GPU-skinned actor part race=101 file=d:\ymir work\monster\stray_dog\stray_dog.gr2 vid=22704 part=0 category=2 position=40545,-59539,17767 vertices=682 deform_vertices=682 rigid_vertices=0
material group=0 stage=0 alpha_test=0 blend=0 rigid=0 mesh=0 cull=0 depth_write=1 texture=d:\ymir work\monster\stray_dog\stray_dog.dds race=101 file=d:\ymir work\monster\stray_dog\stray_dog.gr2 vid=22704 part=0 category=2 position=40545,-59539,17767 vertices=682 deform_vertices=682 rigid_vertices=0
submitted: GPU-skinned actor part race=101 file=d:\ymir work\monster\stray_dog\stray_dog.gr2 vid=22847 part=0 category=2 position=39636,-59403,17767 vertices=682 deform_vertices=682 rigid_vertices=0
material group=0 stage=0 alpha_test=0 blend=0 rigid=0 mesh=0 cull=0 depth_write=1 texture=d:\ymir work\monster\stray_dog\stray_dog.dds race=101 file=d:\ymir work\monster\stray_dog\stray_dog.gr2 vid=22847 part=0 category=2 position=39636,-59403,17767 vertices=682 deform_vertices=682 rigid_vertices=0
submitted: GPU-skinned actor part race=101 file=d:\ymir work\monster\stray_dog\stray_dog.gr2 vid=22982 part=0 category=2 position=38850,-59509,17767 vertices=682 deform_vertices=682 rigid_vertices=0
material group=0 stage=0 alpha_test=0 blend=0 rigid=0 mesh=0 cull=0 depth_write=1 texture=d:\ymir work\monster\stray_dog\stray_dog.dds race=101 file=d:\ymir work\monster\stray_dog\stray_dog.gr2 vid=22982 part=0 category=2 position=38850,-59509,17767 vertices=682 deform_vertices=682 rigid_vertices=0
submitted: GPU-skinned actor part race=101 file=d:\ymir work\monster\stray_dog\stray_dog.gr2 vid=22709 part=0 category=2 position=39972.7,-59408.3,17767 vertices=682 deform_vertices=682 rigid_vertices=0
material group=0 stage=0 alpha_test=0 blend=0 rigid=0 mesh=0 cull=0 depth_write=1 texture=d:\ymir work\monster\stray_dog\stray_dog.dds race=101 file=d:\ymir work\monster\stray_dog\stray_dog.gr2 vid=22709 part=0 category=2 position=39972.7,-59408.3,17767 vertices=682 deform_vertices=682 rigid_vertices=0
submitted: GPU-skinned actor part race=101 file=d:\ymir work\monster\stray_dog\stray_dog.gr2 vid=23048 part=0 category=2 position=36740,-61279,17800.5 vertices=682 deform_vertices=682 rigid_vertices=0
material group=0 stage=0 alpha_test=0 blend=0 rigid=0 mesh=0 cull=0 depth_write=1 texture=d:\ymir work\monster\stray_dog\stray_dog.dds race=101 file=d:\ymir work\monster\stray_dog\stray_dog.gr2 vid=23048 part=0 category=2 position=36740,-61279,17800.5 vertices=682 deform_vertices=682 rigid_vertices=0
submitted: GPU-skinned actor part race=101 file=d:\ymir work\monster\stray_dog\stray_dog.gr2 vid=22506 part=0 category=2 position=38890,-59489,17767 vertices=682 deform_vertices=682 rigid_vertices=0
material group=0 stage=0 alpha_test=0 blend=0 rigid=0 mesh=0 cull=0 depth_write=1 texture=d:\ymir work\monster\stray_dog\stray_dog.dds race=101 file=d:\ymir work\monster\stray_dog\stray_dog.gr2 vid=22506 part=0 category=2 position=38890,-59489,17767 vertices=682 deform_vertices=682 rigid_vertices=0
submitted: GPU-skinned actor part race=101 file=d:\ymir work\monster\stray_dog\stray_dog.gr2 vid=22837 part=0 category=2 position=39475,-59390,17767 vertices=682 deform_vertices=682 rigid_vertices=0
material group=0 stage=0 alpha_test=0 blend=0 rigid=0 mesh=0 cull=0 depth_write=1 texture=d:\ymir work\monster\stray_dog\stray_dog.dds race=101 file=d:\ymir work\monster\stray_dog\stray_dog.gr2 vid=22837 part=0 category=2 position=39475,-59390,17767 vertices=682 deform_vertices=682 rigid_vertices=0
submitted: GPU-skinned actor part race=101 file=d:\ymir work\monster\stray_dog\stray_dog.gr2 vid=22712 part=0 category=2 position=36645,-61461,17807.8 vertices=682 deform_vertices=682 rigid_vertices=0
material group=0 stage=0 alpha_test=0 blend=0 rigid=0 mesh=0 cull=0 depth_write=1 texture=d:\ymir work\monster\stray_dog\stray_dog.dds race=101 file=d:\ymir work\monster\stray_dog\stray_dog.gr2 vid=22712 part=0 category=2 position=36645,-61461,17807.8 vertices=682 deform_vertices=682 rigid_vertices=0
submitted: GPU-skinned actor part race=101 file=d:\ymir work\monster\stray_dog\stray_dog.gr2 vid=22826 part=0 category=2 position=40067,-59398,17767 vertices=682 deform_vertices=682 rigid_vertices=0
material group=0 stage=0 alpha_test=0 blend=0 rigid=0 mesh=0 cull=0 depth_write=1 texture=d:\ymir work\monster\stray_dog\stray_dog.dds race=101 file=d:\ymir work\monster\stray_dog\stray_dog.gr2 vid=22826 part=0 category=2 position=40067,-59398,17767 vertices=682 deform_vertices=682 rigid_vertices=0
submitted: GPU-skinned actor part race=101 file=d:\ymir work\monster\stray_dog\stray_dog.gr2 vid=22557 part=0 category=2 position=40059,-59395,17767 vertices=682 deform_vertices=682 rigid_vertices=0
material group=0 stage=0 alpha_test=0 blend=0 rigid=0 mesh=0 cull=0 depth_write=1 texture=d:\ymir work\monster\stray_dog\stray_dog.dds race=101 file=d:\ymir work\monster\stray_dog\stray_dog.gr2 vid=22557 part=0 category=2 position=40059,-59395,17767 vertices=682 deform_vertices=682 rigid_vertices=0
submitted: GPU-skinned actor part race=101 file=d:\ymir work\monster\stray_dog\stray_dog.gr2 vid=23409 part=0 category=2 position=38521.5,-59575.9,17767 vertices=682 deform_vertices=682 rigid_vertices=0
material group=0 stage=0 alpha_test=0 blend=0 rigid=0 mesh=0 cull=0 depth_write=1 texture=d:\ymir work\monster\stray_dog\stray_dog.dds race=101 file=d:\ymir work\monster\stray_dog\stray_dog.gr2 vid=23409 part=0 category=2 position=38521.5,-59575.9,17767 vertices=682 deform_vertices=682 rigid_vertices=0
submitted: GPU-skinned actor part race=101 file=d:\ymir work\monster\stray_dog\stray_dog.gr2 vid=23112 part=0 category=2 position=39694,-59360,17767 vertices=682 deform_vertices=682 rigid_vertices=0
material group=0 stage=0 alpha_test=0 blend=0 rigid=0 mesh=0 cull=0 depth_write=1 texture=d:\ymir work\monster\stray_dog\stray_dog.dds race=101 file=d:\ymir work\monster\stray_dog\stray_dog.gr2 vid=23112 part=0 category=2 position=39694,-59360,17767 vertices=682 deform_vertices=682 rigid_vertices=0
submitted: GPU-skinned actor part race=101 file=d:\ymir work\monster\stray_dog\stray_dog.gr2 vid=23314 part=0 category=2 position=38786,-59456,17767 vertices=682 deform_vertices=682 rigid_vertices=0
material group=0 stage=0 alpha_test=0 blend=0 rigid=0 mesh=0 cull=0 depth_write=1 texture=d:\ymir work\monster\stray_dog\stray_dog.dds race=101 file=d:\ymir work\monster\stray_dog\stray_dog.gr2 vid=23314 part=0 category=2 position=38786,-59456,17767 vertices=682 deform_vertices=682 rigid_vertices=0
submitted: GPU-skinned actor part race=101 file=d:\ymir work\monster\stray_dog\stray_dog.gr2 vid=23111 part=0 category=2 position=36712,-61178,17796.5 vertices=682 deform_vertices=682 rigid_vertices=0
material group=0 stage=0 alpha_test=0 blend=0 rigid=0 mesh=0 cull=0 depth_write=1 texture=d:\ymir work\monster\stray_dog\stray_dog.dds race=101 file=d:\ymir work\monster\stray_dog\stray_dog.gr2 vid=23111 part=0 category=2 position=36712,-61178,17796.5 vertices=682 deform_vertices=682 rigid_vertices=0
submitted: GPU-skinned actor part race=101 file=d:\ymir work\monster\stray_dog\stray_dog.gr2 vid=23424 part=0 category=2 position=40301,-59361,17767 vertices=682 deform_vertices=682 rigid_vertices=0
material group=0 stage=0 alpha_test=0 blend=0 rigid=0 mesh=0 cull=0 depth_write=1 texture=d:\ymir work\monster\stray_dog\stray_dog.dds race=101 file=d:\ymir work\monster\stray_dog\stray_dog.gr2 vid=23424 part=0 category=2 position=40301,-59361,17767 vertices=682 deform_vertices=682 rigid_vertices=0
submitted: GPU-skinned actor part race=101 file=d:\ymir work\monster\stray_dog\stray_dog.gr2 vid=22806 part=0 category=2 position=38679,-59453,17767 vertices=682 deform_vertices=682 rigid_vertices=0
material group=0 stage=0 alpha_test=0 blend=0 rigid=0 mesh=0 cull=0 depth_write=1 texture=d:\ymir work\monster\stray_dog\stray_dog.dds race=101 file=d:\ymir work\monster\stray_dog\stray_dog.gr2 vid=22806 part=0 category=2 position=38679,-59453,17767 vertices=682 deform_vertices=682 rigid_vertices=0
submitted: GPU-skinned actor part race=101 file=d:\ymir work\monster\stray_dog\stray_dog.gr2 vid=23427 part=0 category=2 position=39717.1,-59277.1,17767 vertices=682 deform_vertices=682 rigid_vertices=0
material group=0 stage=0 alpha_test=0 blend=0 rigid=0 mesh=0 cull=0 depth_write=1 texture=d:\ymir work\monster\stray_dog\stray_dog.dds race=101 file=d:\ymir work\monster\stray_dog\stray_dog.gr2 vid=23427 part=0 category=2 position=39717.1,-59277.1,17767 vertices=682 deform_vertices=682 rigid_vertices=0
submitted: GPU-skinned actor part race=101 file=d:\ymir work\monster\stray_dog\stray_dog.gr2 vid=23170 part=0 category=2 position=38461,-59496,17767 vertices=682 deform_vertices=682 rigid_vertices=0
material group=0 stage=0 alpha_test=0 blend=0 rigid=0 mesh=0 cull=0 depth_write=1 texture=d:\ymir work\monster\stray_dog\stray_dog.dds race=101 file=d:\ymir work\monster\stray_dog\stray_dog.gr2 vid=23170 part=0 category=2 position=38461,-59496,17767 vertices=682 deform_vertices=682 rigid_vertices=0
submitted: GPU-skinned actor part race=101 file=d:\ymir work\monster\stray_dog\stray_dog.gr2 vid=22771 part=0 category=2 position=36881,-60761.7,17782.7 vertices=682 deform_vertices=682 rigid_vertices=0
material group=0 stage=0 alpha_test=0 blend=0 rigid=0 mesh=0 cull=0 depth_write=1 texture=d:\ymir work\monster\stray_dog\stray_dog.dds race=101 file=d:\ymir work\monster\stray_dog\stray_dog.gr2 vid=22771 part=0 category=2 position=36881,-60761.7,17782.7 vertices=682 deform_vertices=682 rigid_vertices=0
submitted: GPU-skinned actor part race=101 file=d:\ymir work\monster\stray_dog\stray_dog.gr2 vid=23219 part=0 category=2 position=39000,-59327,17767 vertices=682 deform_vertices=682 rigid_vertices=0
material group=0 stage=0 alpha_test=0 blend=0 rigid=0 mesh=0 cull=0 depth_write=1 texture=d:\ymir work\monster\stray_dog\stray_dog.dds race=101 file=d:\ymir work\monster\stray_dog\stray_dog.gr2 vid=23219 part=0 category=2 position=39000,-59327,17767 vertices=682 deform_vertices=682 rigid_vertices=0
submitted: GPU-skinned actor part race=101 file=d:\ymir work\monster\stray_dog\stray_dog.gr2 vid=23081 part=0 category=2 position=38551,-59437,17767 vertices=682 deform_vertices=682 rigid_vertices=0
material group=0 stage=0 alpha_test=0 blend=0 rigid=0 mesh=0 cull=0 depth_write=1 texture=d:\ymir work\monster\stray_dog\stray_dog.dds race=101 file=d:\ymir work\monster\stray_dog\stray_dog.gr2 vid=23081 part=0 category=2 position=38551,-59437,17767 vertices=682 deform_vertices=682 rigid_vertices=0
submitted: GPU-skinned actor part race=101 file=d:\ymir work\monster\stray_dog\stray_dog.gr2 vid=23017 part=0 category=2 position=39704,-59239,17767 vertices=682 deform_vertices=682 rigid_vertices=0
material group=0 stage=0 alpha_test=0 blend=0 rigid=0 mesh=0 cull=0 depth_write=1 texture=d:\ymir work\monster\stray_dog\stray_dog.dds race=101 file=d:\ymir work\monster\stray_dog\stray_dog.gr2 vid=23017 part=0 category=2 position=39704,-59239,17767 vertices=682 deform_vertices=682 rigid_vertices=0
submitted: GPU-skinned actor part race=101 file=d:\ymir work\monster\stray_dog\stray_dog.gr2 vid=23183 part=0 category=2 position=38843,-59340,17767 vertices=682 deform_vertices=682 rigid_vertices=0
material group=0 stage=0 alpha_test=0 blend=0 rigid=0 mesh=0 cull=0 depth_write=1 texture=d:\ymir work\monster\stray_dog\stray_dog.dds race=101 file=d:\ymir work\monster\stray_dog\stray_dog.gr2 vid=23183 part=0 category=2 position=38843,-59340,17767 vertices=682 deform_vertices=682 rigid_vertices=0
submitted: GPU-skinned actor part race=101 file=d:\ymir work\monster\stray_dog\stray_dog.gr2 vid=23411 part=0 category=2 position=39221.1,-59259.1,17767 vertices=682 deform_vertices=682 rigid_vertices=0
material group=0 stage=0 alpha_test=0 blend=0 rigid=0 mesh=0 cull=0 depth_write=1 texture=d:\ymir work\monster\stray_dog\stray_dog.dds race=101 file=d:\ymir work\monster\stray_dog\stray_dog.gr2 vid=23411 part=0 category=2 position=39221.1,-59259.1,17767 vertices=682 deform_vertices=682 rigid_vertices=0
submitted: GPU-skinned actor part race=101 file=d:\ymir work\monster\stray_dog\stray_dog.gr2 vid=22521 part=0 category=2 position=40602,-59353,17767 vertices=682 deform_vertices=682 rigid_vertices=0
material group=0 stage=0 alpha_test=0 blend=0 rigid=0 mesh=0 cull=0 depth_write=1 texture=d:\ymir work\monster\stray_dog\stray_dog.dds race=101 file=d:\ymir work\monster\stray_dog\stray_dog.gr2 vid=22521 part=0 category=2 position=40602,-59353,17767 vertices=682 deform_vertices=682 rigid_vertices=0
submitted: GPU-skinned actor part race=101 file=d:\ymir work\monster\stray_dog\stray_dog.gr2 vid=23203 part=0 category=2 position=40698,-59363,17767 vertices=682 deform_vertices=682 rigid_vertices=0
material group=0 stage=0 alpha_test=0 blend=0 rigid=0 mesh=0 cull=0 depth_write=1 texture=d:\ymir work\monster\stray_dog\stray_dog.dds race=101 file=d:\ymir work\monster\stray_dog\stray_dog.gr2 vid=23203 part=0 category=2 position=40698,-59363,17767 vertices=682 deform_vertices=682 rigid_vertices=0
submitted: GPU-skinned actor part race=101 file=d:\ymir work\monster\stray_dog\stray_dog.gr2 vid=23249 part=0 category=2 position=39984,-59213,17767 vertices=682 deform_vertices=682 rigid_vertices=0
material group=0 stage=0 alpha_test=0 blend=0 rigid=0 mesh=0 cull=0 depth_write=1 texture=d:\ymir work\monster\stray_dog\stray_dog.dds race=101 file=d:\ymir work\monster\stray_dog\stray_dog.gr2 vid=23249 part=0 category=2 position=39984,-59213,17767 vertices=682 deform_vertices=682 rigid_vertices=0
submitted: GPU-skinned actor part race=101 file=d:\ymir work\monster\stray_dog\stray_dog.gr2 vid=22501 part=0 category=2 position=40222,-59230,17767 vertices=682 deform_vertices=682 rigid_vertices=0
material group=0 stage=0 alpha_test=0 blend=0 rigid=0 mesh=0 cull=0 depth_write=1 texture=d:\ymir work\monster\stray_dog\stray_dog.dds race=101 file=d:\ymir work\monster\stray_dog\stray_dog.gr2 vid=22501 part=0 category=2 position=40222,-59230,17767 vertices=682 deform_vertices=682 rigid_vertices=0
submitted: GPU-skinned actor part race=101 file=d:\ymir work\monster\stray_dog\stray_dog.gr2 vid=23297 part=0 category=2 position=39396,-59194,17767 vertices=682 deform_vertices=682 rigid_vertices=0
material group=0 stage=0 alpha_test=0 blend=0 rigid=0 mesh=0 cull=0 depth_write=1 texture=d:\ymir work\monster\stray_dog\stray_dog.dds race=101 file=d:\ymir work\monster\stray_dog\stray_dog.gr2 vid=23297 part=0 category=2 position=39396,-59194,17767 vertices=682 deform_vertices=682 rigid_vertices=0
submitted: GPU-skinned actor part race=101 file=d:\ymir work\monster\stray_dog\stray_dog.gr2 vid=23236 part=0 category=2 position=38927,-59264,17767 vertices=682 deform_vertices=682 rigid_vertices=0
material group=0 stage=0 alpha_test=0 blend=0 rigid=0 mesh=0 cull=0 depth_write=1 texture=d:\ymir work\monster\stray_dog\stray_dog.dds race=101 file=d:\ymir work\monster\stray_dog\stray_dog.gr2 vid=23236 part=0 category=2 position=38927,-59264,17767 vertices=682 deform_vertices=682 rigid_vertices=0
submitted: GPU-skinned actor part race=101 file=d:\ymir work\monster\stray_dog\stray_dog.gr2 vid=22565 part=0 category=2 position=38967,-59246,17767 vertices=682 deform_vertices=682 rigid_vertices=0
material group=0 stage=0 alpha_test=0 blend=0 rigid=0 mesh=0 cull=0 depth_write=1 texture=d:\ymir work\monster\stray_dog\stray_dog.dds race=101 file=d:\ymir work\monster\stray_dog\stray_dog.gr2 vid=22565 part=0 category=2 position=38967,-59246,17767 vertices=682 deform_vertices=682 rigid_vertices=0
submitted: GPU-skinned actor part race=101 file=d:\ymir work\monster\stray_dog\stray_dog.gr2 vid=22903 part=0 category=2 position=39505.9,-59173.3,17767 vertices=682 deform_vertices=682 rigid_vertices=0
material group=0 stage=0 alpha_test=0 blend=0 rigid=0 mesh=0 cull=0 depth_write=1 texture=d:\ymir work\monster\stray_dog\stray_dog.dds race=101 file=d:\ymir work\monster\stray_dog\stray_dog.gr2 vid=22903 part=0 category=2 position=39505.9,-59173.3,17767 vertices=682 deform_vertices=682 rigid_vertices=0
submitted: GPU-skinned actor part race=101 file=d:\ymir work\monster\stray_dog\stray_dog.gr2 vid=22765 part=0 category=2 position=40330,-59223,17767 vertices=682 deform_vertices=682 rigid_vertices=0
material group=0 stage=0 alpha_test=0 blend=0 rigid=0 mesh=0 cull=0 depth_write=1 texture=d:\ymir work\monster\stray_dog\stray_dog.dds race=101 file=d:\ymir work\monster\stray_dog\stray_dog.gr2 vid=22765 part=0 category=2 position=40330,-59223,17767 vertices=682 deform_vertices=682 rigid_vertices=0
submitted: GPU-skinned actor part race=101 file=d:\ymir work\monster\stray_dog\stray_dog.gr2 vid=22725 part=0 category=2 position=38814,-59270,17767 vertices=682 deform_vertices=682 rigid_vertices=0
material group=0 stage=0 alpha_test=0 blend=0 rigid=0 mesh=0 cull=0 depth_write=1 texture=d:\ymir work\monster\stray_dog\stray_dog.dds race=101 file=d:\ymir work\monster\stray_dog\stray_dog.gr2 vid=22725 part=0 category=2 position=38814,-59270,17767 vertices=682 deform_vertices=682 rigid_vertices=0
submitted: GPU-skinned actor part race=101 file=d:\ymir work\monster\stray_dog\stray_dog.gr2 vid=23275 part=0 category=2 position=36863,-60610,17778.8 vertices=682 deform_vertices=682 rigid_vertices=0
material group=0 stage=0 alpha_test=0 blend=0 rigid=0 mesh=0 cull=0 depth_write=1 texture=d:\ymir work\monster\stray_dog\stray_dog.dds race=101 file=d:\ymir work\monster\stray_dog\stray_dog.gr2 vid=23275 part=0 category=2 position=36863,-60610,17778.8 vertices=682 deform_vertices=682 rigid_vertices=0
submitted: GPU-skinned actor part race=101 file=d:\ymir work\monster\stray_dog\stray_dog.gr2 vid=23372 part=0 category=2 position=39389,-59165,17767 vertices=682 deform_vertices=682 rigid_vertices=0
material group=0 stage=0 alpha_test=0 blend=0 rigid=0 mesh=0 cull=0 depth_write=1 texture=d:\ymir work\monster\stray_dog\stray_dog.dds race=101 file=d:\ymir work\monster\stray_dog\stray_dog.gr2 vid=23372 part=0 category=2 position=39389,-59165,17767 vertices=682 deform_vertices=682 rigid_vertices=0
submitted: GPU-skinned actor part race=101 file=d:\ymir work\monster\stray_dog\stray_dog.gr2 vid=23181 part=0 category=2 position=39465,-59150,17767 vertices=682 deform_vertices=682 rigid_vertices=0
material group=0 stage=0 alpha_test=0 blend=0 rigid=0 mesh=0 cull=0 depth_write=1 texture=d:\ymir work\monster\stray_dog\stray_dog.dds race=101 file=d:\ymir work\monster\stray_dog\stray_dog.gr2 vid=23181 part=0 category=2 position=39465,-59150,17767 vertices=682 deform_vertices=682 rigid_vertices=0
submitted: GPU-skinned actor part race=101 file=d:\ymir work\monster\stray_dog\stray_dog.gr2 vid=23053 part=0 category=2 position=38732,-59271,17767 vertices=682 deform_vertices=682 rigid_vertices=0
material group=0 stage=0 alpha_test=0 blend=0 rigid=0 mesh=0 cull=0 depth_write=1 texture=d:\ymir work\monster\stray_dog\stray_dog.dds race=101 file=d:\ymir work\monster\stray_dog\stray_dog.gr2 vid=23053 part=0 category=2 position=38732,-59271,17767 vertices=682 deform_vertices=682 rigid_vertices=0
submitted: GPU-skinned actor part race=101 file=d:\ymir work\monster\stray_dog\stray_dog.gr2 vid=23276 part=0 category=2 position=39518,-59129,17767 vertices=682 deform_vertices=682 rigid_vertices=0
material group=0 stage=0 alpha_test=0 blend=0 rigid=0 mesh=0 cull=0 depth_write=1 texture=d:\ymir work\monster\stray_dog\stray_dog.dds race=101 file=d:\ymir work\monster\stray_dog\stray_dog.gr2 vid=23276 part=0 category=2 position=39518,-59129,17767 vertices=682 deform_vertices=682 rigid_vertices=0
submitted: GPU-skinned actor part race=101 file=d:\ymir work\monster\stray_dog\stray_dog.gr2 vid=22934 part=0 category=2 position=40371,-59193,17767 vertices=682 deform_vertices=682 rigid_vertices=0
material group=0 stage=0 alpha_test=0 blend=0 rigid=0 mesh=0 cull=0 depth_write=1 texture=d:\ymir work\monster\stray_dog\stray_dog.dds race=101 file=d:\ymir work\monster\stray_dog\stray_dog.gr2 vid=22934 part=0 category=2 position=40371,-59193,17767 vertices=682 deform_vertices=682 rigid_vertices=0
submitted: GPU-skinned actor part race=101 file=d:\ymir work\monster\stray_dog\stray_dog.gr2 vid=22833 part=0 category=2 position=39586,-59121,17767 vertices=682 deform_vertices=682 rigid_vertices=0
material group=0 stage=0 alpha_test=0 blend=0 rigid=0 mesh=0 cull=0 depth_write=1 texture=d:\ymir work\monster\stray_dog\stray_dog.dds race=101 file=d:\ymir work\monster\stray_dog\stray_dog.gr2 vid=22833 part=0 category=2 position=39586,-59121,17767 vertices=682 deform_vertices=682 rigid_vertices=0
submitted: GPU-skinned actor part race=101 file=d:\ymir work\monster\stray_dog\stray_dog.gr2 vid=23223 part=0 category=2 position=39170,-59157,17767 vertices=682 deform_vertices=682 rigid_vertices=0
material group=0 stage=0 alpha_test=0 blend=0 rigid=0 mesh=0 cull=0 depth_write=1 texture=d:\ymir work\monster\stray_dog\stray_dog.dds race=101 file=d:\ymir work\monster\stray_dog\stray_dog.gr2 vid=23223 part=0 category=2 position=39170,-59157,17767 vertices=682 deform_vertices=682 rigid_vertices=0
submitted: GPU-skinned actor part race=101 file=d:\ymir work\monster\stray_dog\stray_dog.gr2 vid=22905 part=0 category=2 position=39586,-59115,17767 vertices=682 deform_vertices=682 rigid_vertices=0
material group=0 stage=0 alpha_test=0 blend=0 rigid=0 mesh=0 cull=0 depth_write=1 texture=d:\ymir work\monster\stray_dog\stray_dog.dds race=101 file=d:\ymir work\monster\stray_dog\stray_dog.gr2 vid=22905 part=0 category=2 position=39586,-59115,17767 vertices=682 deform_vertices=682 rigid_vertices=0
submitted: GPU-skinned actor part race=101 file=d:\ymir work\monster\stray_dog\stray_dog.gr2 vid=22883 part=0 category=2 position=39563,-59103,17767 vertices=682 deform_vertices=682 rigid_vertices=0
material group=0 stage=0 alpha_test=0 blend=0 rigid=0 mesh=0 cull=0 depth_write=1 texture=d:\ymir work\monster\stray_dog\stray_dog.dds race=101 file=d:\ymir work\monster\stray_dog\stray_dog.gr2 vid=22883 part=0 category=2 position=39563,-59103,17767 vertices=682 deform_vertices=682 rigid_vertices=0
submitted: GPU-skinned actor part race=101 file=d:\ymir work\monster\stray_dog\stray_dog.gr2 vid=22996 part=0 category=2 position=38529,-59284,17767 vertices=682 deform_vertices=682 rigid_vertices=0
material group=0 stage=0 alpha_test=0 blend=0 rigid=0 mesh=0 cull=0 depth_write=1 texture=d:\ymir work\monster\stray_dog\stray_dog.dds race=101 file=d:\ymir work\monster\stray_dog\stray_dog.gr2 vid=22996 part=0 category=2 position=38529,-59284,17767 vertices=682 deform_vertices=682 rigid_vertices=0
submitted: GPU-skinned actor part race=101 file=d:\ymir work\monster\stray_dog\stray_dog.gr2 vid=22869 part=0 category=2 position=39734,-59089,17767 vertices=682 deform_vertices=682 rigid_vertices=0
material group=0 stage=0 alpha_test=0 blend=0 rigid=0 mesh=0 cull=0 depth_write=1 texture=d:\ymir work\monster\stray_dog\stray_dog.dds race=101 file=d:\ymir work\monster\stray_dog\stray_dog.gr2 vid=22869 part=0 category=2 position=39734,-59089,17767 vertices=682 deform_vertices=682 rigid_vertices=0
submitted: GPU-skinned actor part race=101 file=d:\ymir work\monster\stray_dog\stray_dog.gr2 vid=22682 part=0 category=2 position=38515,-59274,17767 vertices=682 deform_vertices=682 rigid_vertices=0
material group=0 stage=0 alpha_test=0 blend=0 rigid=0 mesh=0 cull=0 depth_write=1 texture=d:\ymir work\monster\stray_dog\stray_dog.dds race=101 file=d:\ymir work\monster\stray_dog\stray_dog.gr2 vid=22682 part=0 category=2 position=38515,-59274,17767 vertices=682 deform_vertices=682 rigid_vertices=0
submitted: GPU-skinned actor part race=101 file=d:\ymir work\monster\stray_dog\stray_dog.gr2 vid=23244 part=0 category=2 position=39059,-59114,17767 vertices=682 deform_vertices=682 rigid_vertices=0
material group=0 stage=0 alpha_test=0 blend=0 rigid=0 mesh=0 cull=0 depth_write=1 texture=d:\ymir work\monster\stray_dog\stray_dog.dds race=101 file=d:\ymir work\monster\stray_dog\stray_dog.gr2 vid=23244 part=0 category=2 position=39059,-59114,17767 vertices=682 deform_vertices=682 rigid_vertices=0
submitted: GPU-skinned actor part race=101 file=d:\ymir work\monster\stray_dog\stray_dog.gr2 vid=22688 part=0 category=2 position=40593,-59174,17767 vertices=682 deform_vertices=682 rigid_vertices=0
material group=0 stage=0 alpha_test=0 blend=0 rigid=0 mesh=0 cull=0 depth_write=1 texture=d:\ymir work\monster\stray_dog\stray_dog.dds race=101 file=d:\ymir work\monster\stray_dog\stray_dog.gr2 vid=22688 part=0 category=2 position=40593,-59174,17767 vertices=682 deform_vertices=682 rigid_vertices=0
submitted: GPU-skinned actor part race=101 file=d:\ymir work\monster\stray_dog\stray_dog.gr2 vid=22835 part=0 category=2 position=39110,-59098,17767 vertices=682 deform_vertices=682 rigid_vertices=0
material group=0 stage=0 alpha_test=0 blend=0 rigid=0 mesh=0 cull=0 depth_write=1 texture=d:\ymir work\monster\stray_dog\stray_dog.dds race=101 file=d:\ymir work\monster\stray_dog\stray_dog.gr2 vid=22835 part=0 category=2 position=39110,-59098,17767 vertices=682 deform_vertices=682 rigid_vertices=0
submitted: GPU-skinned actor part race=101 file=d:\ymir work\monster\stray_dog\stray_dog.gr2 vid=22698 part=0 category=2 position=40322,-59109,17767 vertices=682 deform_vertices=682 rigid_vertices=0
material group=0 stage=0 alpha_test=0 blend=0 rigid=0 mesh=0 cull=0 depth_write=1 texture=d:\ymir work\monster\stray_dog\stray_dog.dds race=101 file=d:\ymir work\monster\stray_dog\stray_dog.gr2 vid=22698 part=0 category=2 position=40322,-59109,17767 vertices=682 deform_vertices=682 rigid_vertices=0
submitted: GPU-skinned actor part race=101 file=d:\ymir work\monster\stray_dog\stray_dog.gr2 vid=23282 part=0 category=2 position=39710,-59050,17767 vertices=682 deform_vertices=682 rigid_vertices=0
material group=0 stage=0 alpha_test=0 blend=0 rigid=0 mesh=0 cull=0 depth_write=1 texture=d:\ymir work\monster\stray_dog\stray_dog.dds race=101 file=d:\ymir work\monster\stray_dog\stray_dog.gr2 vid=23282 part=0 category=2 position=39710,-59050,17767 vertices=682 deform_vertices=682 rigid_vertices=0
submitted: GPU-skinned actor part race=101 file=d:\ymir work\monster\stray_dog\stray_dog.gr2 vid=22834 part=0 category=2 position=39620,-59049,17767 vertices=682 deform_vertices=682 rigid_vertices=0
material group=0 stage=0 alpha_test=0 blend=0 rigid=0 mesh=0 cull=0 depth_write=1 texture=d:\ymir work\monster\stray_dog\stray_dog.dds race=101 file=d:\ymir work\monster\stray_dog\stray_dog.gr2 vid=22834 part=0 category=2 position=39620,-59049,17767 vertices=682 deform_vertices=682 rigid_vertices=0
submitted: GPU-skinned actor part race=101 file=d:\ymir work\monster\stray_dog\stray_dog.gr2 vid=23250 part=0 category=2 position=38569,-59190,17767 vertices=682 deform_vertices=682 rigid_vertices=0
material group=0 stage=0 alpha_test=0 blend=0 rigid=0 mesh=0 cull=0 depth_write=1 texture=d:\ymir work\monster\stray_dog\stray_dog.dds race=101 file=d:\ymir work\monster\stray_dog\stray_dog.gr2 vid=23250 part=0 category=2 position=38569,-59190,17767 vertices=682 deform_vertices=682 rigid_vertices=0
submitted: GPU-skinned actor part race=101 file=d:\ymir work\monster\stray_dog\stray_dog.gr2 vid=22492 part=0 category=2 position=39063,-59059,17767 vertices=682 deform_vertices=682 rigid_vertices=0
material group=0 stage=0 alpha_test=0 blend=0 rigid=0 mesh=0 cull=0 depth_write=1 texture=d:\ymir work\monster\stray_dog\stray_dog.dds race=101 file=d:\ymir work\monster\stray_dog\stray_dog.gr2 vid=22492 part=0 category=2 position=39063,-59059,17767 vertices=682 deform_vertices=682 rigid_vertices=0
submitted: GPU-skinned actor part race=101 file=d:\ymir work\monster\stray_dog\stray_dog.gr2 vid=23144 part=0 category=2 position=40407,-59075.6,17767 vertices=682 deform_vertices=682 rigid_vertices=0
material group=0 stage=0 alpha_test=0 blend=0 rigid=0 mesh=0 cull=0 depth_write=1 texture=d:\ymir work\monster\stray_dog\stray_dog.dds race=101 file=d:\ymir work\monster\stray_dog\stray_dog.gr2 vid=23144 part=0 category=2 position=40407,-59075.6,17767 vertices=682 deform_vertices=682 rigid_vertices=0
submitted: GPU-skinned actor part race=101 file=d:\ymir work\monster\stray_dog\stray_dog.gr2 vid=22615 part=0 category=2 position=40049,-59017,17767 vertices=682 deform_vertices=682 rigid_vertices=0
material group=0 stage=0 alpha_test=0 blend=0 rigid=0 mesh=0 cull=0 depth_write=1 texture=d:\ymir work\monster\stray_dog\stray_dog.dds race=101 file=d:\ymir work\monster\stray_dog\stray_dog.gr2 vid=22615 part=0 category=2 position=40049,-59017,17767 vertices=682 deform_vertices=682 rigid_vertices=0
submitted: GPU-skinned actor part race=101 file=d:\ymir work\monster\stray_dog\stray_dog.gr2 vid=22635 part=0 category=2 position=38804,-59103,17767 vertices=682 deform_vertices=682 rigid_vertices=0
material group=0 stage=0 alpha_test=0 blend=0 rigid=0 mesh=0 cull=0 depth_write=1 texture=d:\ymir work\monster\stray_dog\stray_dog.dds race=101 file=d:\ymir work\monster\stray_dog\stray_dog.gr2 vid=22635 part=0 category=2 position=38804,-59103,17767 vertices=682 deform_vertices=682 rigid_vertices=0
submitted: GPU-skinned actor part race=101 file=d:\ymir work\monster\stray_dog\stray_dog.gr2 vid=22758 part=0 category=2 position=38512,-59186,17767 vertices=682 deform_vertices=682 rigid_vertices=0
material group=0 stage=0 alpha_test=0 blend=0 rigid=0 mesh=0 cull=0 depth_write=1 texture=d:\ymir work\monster\stray_dog\stray_dog.dds race=101 file=d:\ymir work\monster\stray_dog\stray_dog.gr2 vid=22758 part=0 category=2 position=38512,-59186,17767 vertices=682 deform_vertices=682 rigid_vertices=0
submitted: GPU-skinned actor part race=101 file=d:\ymir work\monster\stray_dog\stray_dog.gr2 vid=23232 part=0 category=2 position=39472,-58977,17767 vertices=682 deform_vertices=682 rigid_vertices=0
material group=0 stage=0 alpha_test=0 blend=0 rigid=0 mesh=0 cull=0 depth_write=1 texture=d:\ymir work\monster\stray_dog\stray_dog.dds race=101 file=d:\ymir work\monster\stray_dog\stray_dog.gr2 vid=23232 part=0 category=2 position=39472,-58977,17767 vertices=682 deform_vertices=682 rigid_vertices=0
submitted: GPU-skinned actor part race=101 file=d:\ymir work\monster\stray_dog\stray_dog.gr2 vid=22901 part=0 category=2 position=38827.7,-59072.3,17767 vertices=682 deform_vertices=682 rigid_vertices=0
material group=0 stage=0 alpha_test=0 blend=0 rigid=0 mesh=0 cull=0 depth_write=1 texture=d:\ymir work\monster\stray_dog\stray_dog.dds race=101 file=d:\ymir work\monster\stray_dog\stray_dog.gr2 vid=22901 part=0 category=2 position=38827.7,-59072.3,17767 vertices=682 deform_vertices=682 rigid_vertices=0
submitted: GPU-skinned actor part race=101 file=d:\ymir work\monster\stray_dog\stray_dog.gr2 vid=23037 part=0 category=2 position=39929,-58970,17767 vertices=682 deform_vertices=682 rigid_vertices=0
material group=0 stage=0 alpha_test=0 blend=0 rigid=0 mesh=0 cull=0 depth_write=1 texture=d:\ymir work\monster\stray_dog\stray_dog.dds race=101 file=d:\ymir work\monster\stray_dog\stray_dog.gr2 vid=23037 part=0 category=2 position=39929,-58970,17767 vertices=682 deform_vertices=682 rigid_vertices=0
submitted: GPU-skinned actor part race=101 file=d:\ymir work\monster\stray_dog\stray_dog.gr2 vid=22987 part=0 category=2 position=38881,-59039,17767 vertices=682 deform_vertices=682 rigid_vertices=0
material group=0 stage=0 alpha_test=0 blend=0 rigid=0 mesh=0 cull=0 depth_write=1 texture=d:\ymir work\monster\stray_dog\stray_dog.dds race=101 file=d:\ymir work\monster\stray_dog\stray_dog.gr2 vid=22987 part=0 category=2 position=38881,-59039,17767 vertices=682 deform_vertices=682 rigid_vertices=0
submitted: GPU-skinned actor part race=101 file=d:\ymir work\monster\stray_dog\stray_dog.gr2 vid=22978 part=0 category=2 position=39160,-58981,17767 vertices=682 deform_vertices=682 rigid_vertices=0
material group=0 stage=0 alpha_test=0 blend=0 rigid=0 mesh=0 cull=0 depth_write=1 texture=d:\ymir work\monster\stray_dog\stray_dog.dds race=101 file=d:\ymir work\monster\stray_dog\stray_dog.gr2 vid=22978 part=0 category=2 position=39160,-58981,17767 vertices=682 deform_vertices=682 rigid_vertices=0
submitted: GPU-skinned actor part race=101 file=d:\ymir work\monster\stray_dog\stray_dog.gr2 vid=23113 part=0 category=2 position=40205.3,-58976.7,17767 vertices=682 deform_vertices=682 rigid_vertices=0
material group=0 stage=0 alpha_test=0 blend=0 rigid=0 mesh=0 cull=0 depth_write=1 texture=d:\ymir work\monster\stray_dog\stray_dog.dds race=101 file=d:\ymir work\monster\stray_dog\stray_dog.gr2 vid=23113 part=0 category=2 position=40205.3,-58976.7,17767 vertices=682 deform_vertices=682 rigid_vertices=0
submitted: GPU-skinned actor part race=101 file=d:\ymir work\monster\stray_dog\stray_dog.gr2 vid=22553 part=0 category=2 position=36743,-60401,17774 vertices=682 deform_vertices=682 rigid_vertices=0
material group=0 stage=0 alpha_test=0 blend=0 rigid=0 mesh=0 cull=0 depth_write=1 texture=d:\ymir work\monster\stray_dog\stray_dog.dds race=101 file=d:\ymir work\monster\stray_dog\stray_dog.gr2 vid=22553 part=0 category=2 position=36743,-60401,17774 vertices=682 deform_vertices=682 rigid_vertices=0
submitted: GPU-skinned actor part race=101 file=d:\ymir work\monster\stray_dog\stray_dog.gr2 vid=23135 part=0 category=2 position=39519,-58936,17767 vertices=682 deform_vertices=682 rigid_vertices=0
material group=0 stage=0 alpha_test=0 blend=0 rigid=0 mesh=0 cull=0 depth_write=1 texture=d:\ymir work\monster\stray_dog\stray_dog.dds race=101 file=d:\ymir work\monster\stray_dog\stray_dog.gr2 vid=23135 part=0 category=2 position=39519,-58936,17767 vertices=682 deform_vertices=682 rigid_vertices=0
submitted: GPU-skinned actor part race=101 file=d:\ymir work\monster\stray_dog\stray_dog.gr2 vid=23042 part=0 category=2 position=40241,-58972,17767 vertices=682 deform_vertices=682 rigid_vertices=0
material group=0 stage=0 alpha_test=0 blend=0 rigid=0 mesh=0 cull=0 depth_write=1 texture=d:\ymir work\monster\stray_dog\stray_dog.dds race=101 file=d:\ymir work\monster\stray_dog\stray_dog.gr2 vid=23042 part=0 category=2 position=40241,-58972,17767 vertices=682 deform_vertices=682 rigid_vertices=0
submitted: GPU-skinned actor part race=101 file=d:\ymir work\monster\stray_dog\stray_dog.gr2 vid=23224 part=0 category=2 position=36461,-60797,17783.9 vertices=682 deform_vertices=682 rigid_vertices=0
material group=0 stage=0 alpha_test=0 blend=0 rigid=0 mesh=0 cull=0 depth_write=1 texture=d:\ymir work\monster\stray_dog\stray_dog.dds race=101 file=d:\ymir work\monster\stray_dog\stray_dog.gr2 vid=23224 part=0 category=2 position=36461,-60797,17783.9 vertices=682 deform_vertices=682 rigid_vertices=0
submitted: GPU-skinned actor part race=101 file=d:\ymir work\monster\stray_dog\stray_dog.gr2 vid=22665 part=0 category=2 position=39264,-58943,17767 vertices=682 deform_vertices=682 rigid_vertices=0
material group=0 stage=0 alpha_test=0 blend=0 rigid=0 mesh=0 cull=0 depth_write=1 texture=d:\ymir work\monster\stray_dog\stray_dog.dds race=101 file=d:\ymir work\monster\stray_dog\stray_dog.gr2 vid=22665 part=0 category=2 position=39264,-58943,17767 vertices=682 deform_vertices=682 rigid_vertices=0
submitted: GPU-skinned actor part race=101 file=d:\ymir work\monster\stray_dog\stray_dog.gr2 vid=23365 part=0 category=2 position=39262,-58927,17767 vertices=682 deform_vertices=682 rigid_vertices=0
material group=0 stage=0 alpha_test=0 blend=0 rigid=0 mesh=0 cull=0 depth_write=1 texture=d:\ymir work\monster\stray_dog\stray_dog.dds race=101 file=d:\ymir work\monster\stray_dog\stray_dog.gr2 vid=23365 part=0 category=2 position=39262,-58927,17767 vertices=682 deform_vertices=682 rigid_vertices=0
submitted: GPU-skinned actor part race=101 file=d:\ymir work\monster\stray_dog\stray_dog.gr2 vid=23278 part=0 category=2 position=36799.5,-60274,17771.8 vertices=682 deform_vertices=682 rigid_vertices=0
material group=0 stage=0 alpha_test=0 blend=0 rigid=0 mesh=0 cull=0 depth_write=1 texture=d:\ymir work\monster\stray_dog\stray_dog.dds race=101 file=d:\ymir work\monster\stray_dog\stray_dog.gr2 vid=23278 part=0 category=2 position=36799.5,-60274,17771.8 vertices=682 deform_vertices=682 rigid_vertices=0
submitted: GPU-skinned actor part race=101 file=d:\ymir work\monster\stray_dog\stray_dog.gr2 vid=22974 part=0 category=2 position=39254,-58910,17767 vertices=682 deform_vertices=682 rigid_vertices=0
material group=0 stage=0 alpha_test=0 blend=0 rigid=0 mesh=0 cull=0 depth_write=1 texture=d:\ymir work\monster\stray_dog\stray_dog.dds race=101 file=d:\ymir work\monster\stray_dog\stray_dog.gr2 vid=22974 part=0 category=2 position=39254,-58910,17767 vertices=682 deform_vertices=682 rigid_vertices=0
submitted: GPU-skinned actor part race=101 file=d:\ymir work\monster\stray_dog\stray_dog.gr2 vid=22947 part=0 category=2 position=39210,-58914,17767 vertices=682 deform_vertices=682 rigid_vertices=0
material group=0 stage=0 alpha_test=0 blend=0 rigid=0 mesh=0 cull=0 depth_write=1 texture=d:\ymir work\monster\stray_dog\stray_dog.dds race=101 file=d:\ymir work\monster\stray_dog\stray_dog.gr2 vid=22947 part=0 category=2 position=39210,-58914,17767 vertices=682 deform_vertices=682 rigid_vertices=0
submitted: GPU-skinned actor part race=101 file=d:\ymir work\monster\stray_dog\stray_dog.gr2 vid=23041 part=0 category=2 position=39018,-58941,17767 vertices=682 deform_vertices=682 rigid_vertices=0
material group=0 stage=0 alpha_test=0 blend=0 rigid=0 mesh=0 cull=0 depth_write=1 texture=d:\ymir work\monster\stray_dog\stray_dog.dds race=101 file=d:\ymir work\monster\stray_dog\stray_dog.gr2 vid=23041 part=0 category=2 position=39018,-58941,17767 vertices=682 deform_vertices=682 rigid_vertices=0
submitted: GPU-skinned actor part race=101 file=d:\ymir work\monster\stray_dog\stray_dog.gr2 vid=22969 part=0 category=2 position=38312,-59129,17767 vertices=682 deform_vertices=682 rigid_vertices=0
material group=0 stage=0 alpha_test=0 blend=0 rigid=0 mesh=0 cull=0 depth_write=1 texture=d:\ymir work\monster\stray_dog\stray_dog.dds race=101 file=d:\ymir work\monster\stray_dog\stray_dog.gr2 vid=22969 part=0 category=2 position=38312,-59129,17767 vertices=682 deform_vertices=682 rigid_vertices=0
submitted: GPU-skinned actor part race=101 file=d:\ymir work\monster\stray_dog\stray_dog.gr2 vid=22913 part=0 category=2 position=36482.9,-60626.7,17779.4 vertices=682 deform_vertices=682 rigid_vertices=0
material group=0 stage=0 alpha_test=0 blend=0 rigid=0 mesh=0 cull=0 depth_write=1 texture=d:\ymir work\monster\stray_dog\stray_dog.dds race=101 file=d:\ymir work\monster\stray_dog\stray_dog.gr2 vid=22913 part=0 category=2 position=36482.9,-60626.7,17779.4 vertices=682 deform_vertices=682 rigid_vertices=0
submitted: GPU-skinned actor part race=101 file=d:\ymir work\monster\stray_dog\stray_dog.gr2 vid=23369 part=0 category=2 position=38780.1,-58959.8,17767 vertices=682 deform_vertices=682 rigid_vertices=0
material group=0 stage=0 alpha_test=0 blend=0 rigid=0 mesh=0 cull=0 depth_write=1 texture=d:\ymir work\monster\stray_dog\stray_dog.dds race=101 file=d:\ymir work\monster\stray_dog\stray_dog.gr2 vid=23369 part=0 category=2 position=38780.1,-58959.8,17767 vertices=682 deform_vertices=682 rigid_vertices=0
submitted: GPU-skinned actor part race=101 file=d:\ymir work\monster\stray_dog\stray_dog.gr2 vid=22808 part=0 category=2 position=39033.8,-58902.2,17767 vertices=682 deform_vertices=682 rigid_vertices=0
material group=0 stage=0 alpha_test=0 blend=0 rigid=0 mesh=0 cull=0 depth_write=1 texture=d:\ymir work\monster\stray_dog\stray_dog.dds race=101 file=d:\ymir work\monster\stray_dog\stray_dog.gr2 vid=22808 part=0 category=2 position=39033.8,-58902.2,17767 vertices=682 deform_vertices=682 rigid_vertices=0
submitted: GPU-skinned actor part race=101 file=d:\ymir work\monster\stray_dog\stray_dog.gr2 vid=22986 part=0 category=2 position=38717,-58968,17767 vertices=682 deform_vertices=682 rigid_vertices=0
material group=0 stage=0 alpha_test=0 blend=0 rigid=0 mesh=0 cull=0 depth_write=1 texture=d:\ymir work\monster\stray_dog\stray_dog.dds race=101 file=d:\ymir work\monster\stray_dog\stray_dog.gr2 vid=22986 part=0 category=2 position=38717,-58968,17767 vertices=682 deform_vertices=682 rigid_vertices=0
submitted: GPU-skinned actor part race=101 file=d:\ymir work\monster\stray_dog\stray_dog.gr2 vid=23047 part=0 category=2 position=38838,-58928,17767 vertices=682 deform_vertices=682 rigid_vertices=0
material group=0 stage=0 alpha_test=0 blend=0 rigid=0 mesh=0 cull=0 depth_write=1 texture=d:\ymir work\monster\stray_dog\stray_dog.dds race=101 file=d:\ymir work\monster\stray_dog\stray_dog.gr2 vid=23047 part=0 category=2 position=38838,-58928,17767 vertices=682 deform_vertices=682 rigid_vertices=0
submitted: GPU-skinned actor part race=101 file=d:\ymir work\monster\stray_dog\stray_dog.gr2 vid=22836 part=0 category=2 position=36121.9,-61303.3,17801.5 vertices=682 deform_vertices=682 rigid_vertices=0
material group=0 stage=0 alpha_test=0 blend=0 rigid=0 mesh=0 cull=0 depth_write=1 texture=d:\ymir work\monster\stray_dog\stray_dog.dds race=101 file=d:\ymir work\monster\stray_dog\stray_dog.gr2 vid=22836 part=0 category=2 position=36121.9,-61303.3,17801.5 vertices=682 deform_vertices=682 rigid_vertices=0
submitted: GPU-skinned actor part race=101 file=d:\ymir work\monster\stray_dog\stray_dog.gr2 vid=22711 part=0 category=2 position=38420,-59040,17767 vertices=682 deform_vertices=682 rigid_vertices=0
material group=0 stage=0 alpha_test=0 blend=0 rigid=0 mesh=0 cull=0 depth_write=1 texture=d:\ymir work\monster\stray_dog\stray_dog.dds race=101 file=d:\ymir work\monster\stray_dog\stray_dog.gr2 vid=22711 part=0 category=2 position=38420,-59040,17767 vertices=682 deform_vertices=682 rigid_vertices=0
submitted: GPU-skinned actor part race=101 file=d:\ymir work\monster\stray_dog\stray_dog.gr2 vid=22566 part=0 category=2 position=38341,-59059,17767 vertices=682 deform_vertices=682 rigid_vertices=0
material group=0 stage=0 alpha_test=0 blend=0 rigid=0 mesh=0 cull=0 depth_write=1 texture=d:\ymir work\monster\stray_dog\stray_dog.dds race=101 file=d:\ymir work\monster\stray_dog\stray_dog.gr2 vid=22566 part=0 category=2 position=38341,-59059,17767 vertices=682 deform_vertices=682 rigid_vertices=0
submitted: GPU-skinned actor part race=101 file=d:\ymir work\monster\stray_dog\stray_dog.gr2 vid=22804 part=0 category=2 position=38474,-58987,17767 vertices=682 deform_vertices=682 rigid_vertices=0
material group=0 stage=0 alpha_test=0 blend=0 rigid=0 mesh=0 cull=0 depth_write=1 texture=d:\ymir work\monster\stray_dog\stray_dog.dds race=101 file=d:\ymir work\monster\stray_dog\stray_dog.gr2 vid=22804 part=0 category=2 position=38474,-58987,17767 vertices=682 deform_vertices=682 rigid_vertices=0
submitted: GPU-skinned actor part race=101 file=d:\ymir work\monster\stray_dog\stray_dog.gr2 vid=23406 part=0 category=2 position=39890,-58792,17767 vertices=682 deform_vertices=682 rigid_vertices=0
material group=0 stage=0 alpha_test=0 blend=0 rigid=0 mesh=0 cull=0 depth_write=1 texture=d:\ymir work\monster\stray_dog\stray_dog.dds race=101 file=d:\ymir work\monster\stray_dog\stray_dog.gr2 vid=23406 part=0 category=2 position=39890,-58792,17767 vertices=682 deform_vertices=682 rigid_vertices=0
submitted: GPU-skinned actor part race=101 file=d:\ymir work\monster\stray_dog\stray_dog.gr2 vid=23032 part=0 category=2 position=39012,-58844,17767 vertices=682 deform_vertices=682 rigid_vertices=0
material group=0 stage=0 alpha_test=0 blend=0 rigid=0 mesh=0 cull=0 depth_write=1 texture=d:\ymir work\monster\stray_dog\stray_dog.dds race=101 file=d:\ymir work\monster\stray_dog\stray_dog.gr2 vid=23032 part=0 category=2 position=39012,-58844,17767 vertices=682 deform_vertices=682 rigid_vertices=0
submitted: GPU-skinned actor part race=9001 file=d:\ymir work\npc\arms\arms.gr2 vid=2839 part=0 category=1 position=43000,-60700,17767 vertices=1005 deform_vertices=1005 rigid_vertices=0
material group=0 stage=0 alpha_test=0 blend=0 rigid=0 mesh=0 cull=0 depth_write=1 texture=d:\ymir work\npc\arms\arms.dds race=9001 file=d:\ymir work\npc\arms\arms.gr2 vid=2839 part=0 category=1 position=43000,-60700,17767 vertices=1005 deform_vertices=1005 rigid_vertices=0
submitted: GPU-skinned actor part race=101 file=d:\ymir work\monster\stray_dog\stray_dog.gr2 vid=22569 part=0 category=2 position=39612,-58783,17767 vertices=682 deform_vertices=682 rigid_vertices=0
material group=0 stage=0 alpha_test=0 blend=0 rigid=0 mesh=0 cull=0 depth_write=1 texture=d:\ymir work\monster\stray_dog\stray_dog.dds race=101 file=d:\ymir work\monster\stray_dog\stray_dog.gr2 vid=22569 part=0 category=2 position=39612,-58783,17767 vertices=682 deform_vertices=682 rigid_vertices=0
submitted: GPU-skinned actor part race=101 file=d:\ymir work\monster\stray_dog\stray_dog.gr2 vid=22979 part=0 category=2 position=40351,-58802,17767 vertices=682 deform_vertices=682 rigid_vertices=0
material group=0 stage=0 alpha_test=0 blend=0 rigid=0 mesh=0 cull=0 depth_write=1 texture=d:\ymir work\monster\stray_dog\stray_dog.dds race=101 file=d:\ymir work\monster\stray_dog\stray_dog.gr2 vid=22979 part=0 category=2 position=40351,-58802,17767 vertices=682 deform_vertices=682 rigid_vertices=0
submitted: GPU-skinned actor part race=101 file=d:\ymir work\monster\stray_dog\stray_dog.gr2 vid=23343 part=0 category=2 position=38480,-58932,17767 vertices=682 deform_vertices=682 rigid_vertices=0
material group=0 stage=0 alpha_test=0 blend=0 rigid=0 mesh=0 cull=0 depth_write=1 texture=d:\ymir work\monster\stray_dog\stray_dog.dds race=101 file=d:\ymir work\monster\stray_dog\stray_dog.gr2 vid=23343 part=0 category=2 position=38480,-58932,17767 vertices=682 deform_vertices=682 rigid_vertices=0
submitted: GPU-skinned actor part race=101 file=d:\ymir work\monster\stray_dog\stray_dog.gr2 vid=22898 part=0 category=2 position=38660,-58876,17767 vertices=682 deform_vertices=682 rigid_vertices=0
material group=0 stage=0 alpha_test=0 blend=0 rigid=0 mesh=0 cull=0 depth_write=1 texture=d:\ymir work\monster\stray_dog\stray_dog.dds race=101 file=d:\ymir work\monster\stray_dog\stray_dog.gr2 vid=22898 part=0 category=2 position=38660,-58876,17767 vertices=682 deform_vertices=682 rigid_vertices=0
submitted: GPU-skinned actor part race=101 file=d:\ymir work\monster\stray_dog\stray_dog.gr2 vid=22584 part=0 category=2 position=38472,-58925,17767 vertices=682 deform_vertices=682 rigid_vertices=0
material group=0 stage=0 alpha_test=0 blend=0 rigid=0 mesh=0 cull=0 depth_write=1 texture=d:\ymir work\monster\stray_dog\stray_dog.dds race=101 file=d:\ymir work\monster\stray_dog\stray_dog.gr2 vid=22584 part=0 category=2 position=38472,-58925,17767 vertices=682 deform_vertices=682 rigid_vertices=0
submitted: GPU-skinned actor part race=101 file=d:\ymir work\monster\stray_dog\stray_dog.gr2 vid=22620 part=0 category=2 position=38964,-58796,17767 vertices=682 deform_vertices=682 rigid_vertices=0
material group=0 stage=0 alpha_test=0 blend=0 rigid=0 mesh=0 cull=0 depth_write=1 texture=d:\ymir work\monster\stray_dog\stray_dog.dds race=101 file=d:\ymir work\monster\stray_dog\stray_dog.gr2 vid=22620 part=0 category=2 position=38964,-58796,17767 vertices=682 deform_vertices=682 rigid_vertices=0
submitted: GPU-skinned actor part race=101 file=d:\ymir work\monster\stray_dog\stray_dog.gr2 vid=23407 part=0 category=2 position=36241,-60787,17783.6 vertices=682 deform_vertices=682 rigid_vertices=0
material group=0 stage=0 alpha_test=0 blend=0 rigid=0 mesh=0 cull=0 depth_write=1 texture=d:\ymir work\monster\stray_dog\stray_dog.dds race=101 file=d:\ymir work\monster\stray_dog\stray_dog.gr2 vid=23407 part=0 category=2 position=36241,-60787,17783.6 vertices=682 deform_vertices=682 rigid_vertices=0
submitted: GPU-skinned actor part race=101 file=d:\ymir work\monster\stray_dog\stray_dog.gr2 vid=22588 part=0 category=2 position=39348,-58734,17767 vertices=682 deform_vertices=682 rigid_vertices=0
material group=0 stage=0 alpha_test=0 blend=0 rigid=0 mesh=0 cull=0 depth_write=1 texture=d:\ymir work\monster\stray_dog\stray_dog.dds race=101 file=d:\ymir work\monster\stray_dog\stray_dog.gr2 vid=22588 part=0 category=2 position=39348,-58734,17767 vertices=682 deform_vertices=682 rigid_vertices=0
submitted: GPU-skinned actor part race=101 file=d:\ymir work\monster\stray_dog\stray_dog.gr2 vid=23026 part=0 category=2 position=38357,-58951,17767 vertices=682 deform_vertices=682 rigid_vertices=0
material group=0 stage=0 alpha_test=0 blend=0 rigid=0 mesh=0 cull=0 depth_write=1 texture=d:\ymir work\monster\stray_dog\stray_dog.dds race=101 file=d:\ymir work\monster\stray_dog\stray_dog.gr2 vid=23026 part=0 category=2 position=38357,-58951,17767 vertices=682 deform_vertices=682 rigid_vertices=0
submitted: GPU-skinned actor part race=101 file=d:\ymir work\monster\stray_dog\stray_dog.gr2 vid=23265 part=0 category=2 position=38567,-58877,17767 vertices=682 deform_vertices=682 rigid_vertices=0
material group=0 stage=0 alpha_test=0 blend=0 rigid=0 mesh=0 cull=0 depth_write=1 texture=d:\ymir work\monster\stray_dog\stray_dog.dds race=101 file=d:\ymir work\monster\stray_dog\stray_dog.gr2 vid=23265 part=0 category=2 position=38567,-58877,17767 vertices=682 deform_vertices=682 rigid_vertices=0
submitted: GPU-skinned actor part race=101 file=d:\ymir work\monster\stray_dog\stray_dog.gr2 vid=22874 part=0 category=2 position=39680,-58712,17767 vertices=682 deform_vertices=682 rigid_vertices=0
material group=0 stage=0 alpha_test=0 blend=0 rigid=0 mesh=0 cull=0 depth_write=1 texture=d:\ymir work\monster\stray_dog\stray_dog.dds race=101 file=d:\ymir work\monster\stray_dog\stray_dog.gr2 vid=22874 part=0 category=2 position=39680,-58712,17767 vertices=682 deform_vertices=682 rigid_vertices=0
submitted: GPU-skinned actor part race=101 file=d:\ymir work\monster\stray_dog\stray_dog.gr2 vid=22572 part=0 category=2 position=39005,-58771,17767 vertices=682 deform_vertices=682 rigid_vertices=0
material group=0 stage=0 alpha_test=0 blend=0 rigid=0 mesh=0 cull=0 depth_write=1 texture=d:\ymir work\monster\stray_dog\stray_dog.dds race=101 file=d:\ymir work\monster\stray_dog\stray_dog.gr2 vid=22572 part=0 category=2 position=39005,-58771,17767 vertices=682 deform_vertices=682 rigid_vertices=0
submitted: GPU-skinned actor part race=101 file=d:\ymir work\monster\stray_dog\stray_dog.gr2 vid=22610 part=0 category=2 position=38844,-58761,17767 vertices=682 deform_vertices=682 rigid_vertices=0
material group=0 stage=0 alpha_test=0 blend=0 rigid=0 mesh=0 cull=0 depth_write=1 texture=d:\ymir work\monster\stray_dog\stray_dog.dds race=101 file=d:\ymir work\monster\stray_dog\stray_dog.gr2 vid=22610 part=0 category=2 position=38844,-58761,17767 vertices=682 deform_vertices=682 rigid_vertices=0
submitted: GPU-skinned actor part race=101 file=d:\ymir work\monster\stray_dog\stray_dog.gr2 vid=22920 part=0 category=2 position=40644,-58790,17767 vertices=682 deform_vertices=682 rigid_vertices=0
material group=0 stage=0 alpha_test=0 blend=0 rigid=0 mesh=0 cull=0 depth_write=1 texture=d:\ymir work\monster\stray_dog\stray_dog.dds race=101 file=d:\ymir work\monster\stray_dog\stray_dog.gr2 vid=22920 part=0 category=2 position=40644,-58790,17767 vertices=682 deform_vertices=682 rigid_vertices=0
submitted: GPU-skinned actor part race=101 file=d:\ymir work\monster\stray_dog\stray_dog.gr2 vid=22723 part=0 category=2 position=39376,-58682,17767 vertices=682 deform_vertices=682 rigid_vertices=0
material group=0 stage=0 alpha_test=0 blend=0 rigid=0 mesh=0 cull=0 depth_write=1 texture=d:\ymir work\monster\stray_dog\stray_dog.dds race=101 file=d:\ymir work\monster\stray_dog\stray_dog.gr2 vid=22723 part=0 category=2 position=39376,-58682,17767 vertices=682 deform_vertices=682 rigid_vertices=0
submitted: GPU-skinned actor part race=101 file=d:\ymir work\monster\stray_dog\stray_dog.gr2 vid=23380 part=0 category=2 position=38544,-58817,17767 vertices=682 deform_vertices=682 rigid_vertices=0
material group=0 stage=0 alpha_test=0 blend=0 rigid=0 mesh=0 cull=0 depth_write=1 texture=d:\ymir work\monster\stray_dog\stray_dog.dds race=101 file=d:\ymir work\monster\stray_dog\stray_dog.gr2 vid=23380 part=0 category=2 position=38544,-58817,17767 vertices=682 deform_vertices=682 rigid_vertices=0
submitted: GPU-skinned actor part race=101 file=d:\ymir work\monster\stray_dog\stray_dog.gr2 vid=22820 part=0 category=2 position=39077,-58688,17767 vertices=682 deform_vertices=682 rigid_vertices=0
material group=0 stage=0 alpha_test=0 blend=0 rigid=0 mesh=0 cull=0 depth_write=1 texture=d:\ymir work\monster\stray_dog\stray_dog.dds race=101 file=d:\ymir work\monster\stray_dog\stray_dog.gr2 vid=22820 part=0 category=2 position=39077,-58688,17767 vertices=682 deform_vertices=682 rigid_vertices=0
submitted: GPU-skinned actor part race=101 file=d:\ymir work\monster\stray_dog\stray_dog.gr2 vid=22504 part=0 category=2 position=36179.8,-60712.2,17781.5 vertices=682 deform_vertices=682 rigid_vertices=0
material group=0 stage=0 alpha_test=0 blend=0 rigid=0 mesh=0 cull=0 depth_write=1 texture=d:\ymir work\monster\stray_dog\stray_dog.dds race=101 file=d:\ymir work\monster\stray_dog\stray_dog.gr2 vid=22504 part=0 category=2 position=36179.8,-60712.2,17781.5 vertices=682 deform_vertices=682 rigid_vertices=0
submitted: GPU-skinned actor part race=101 file=d:\ymir work\monster\stray_dog\stray_dog.gr2 vid=22689 part=0 category=2 position=39438,-58639,17767 vertices=682 deform_vertices=682 rigid_vertices=0
material group=0 stage=0 alpha_test=0 blend=0 rigid=0 mesh=0 cull=0 depth_write=1 texture=d:\ymir work\monster\stray_dog\stray_dog.dds race=101 file=d:\ymir work\monster\stray_dog\stray_dog.gr2 vid=22689 part=0 category=2 position=39438,-58639,17767 vertices=682 deform_vertices=682 rigid_vertices=0
submitted: GPU-skinned actor part race=101 file=d:\ymir work\monster\stray_dog\stray_dog.gr2 vid=23419 part=0 category=2 position=38458,-58822,17767 vertices=682 deform_vertices=682 rigid_vertices=0
material group=0 stage=0 alpha_test=0 blend=0 rigid=0 mesh=0 cull=0 depth_write=1 texture=d:\ymir work\monster\stray_dog\stray_dog.dds race=101 file=d:\ymir work\monster\stray_dog\stray_dog.gr2 vid=23419 part=0 category=2 position=38458,-58822,17767 vertices=682 deform_vertices=682 rigid_vertices=0
submitted: GPU-skinned actor part race=101 file=d:\ymir work\monster\stray_dog\stray_dog.gr2 vid=23324 part=0 category=2 position=40493,-58705,17767 vertices=682 deform_vertices=682 rigid_vertices=0
material group=0 stage=0 alpha_test=0 blend=0 rigid=0 mesh=0 cull=0 depth_write=1 texture=d:\ymir work\monster\stray_dog\stray_dog.dds race=101 file=d:\ymir work\monster\stray_dog\stray_dog.gr2 vid=23324 part=0 category=2 position=40493,-58705,17767 vertices=682 deform_vertices=682 rigid_vertices=0
submitted: GPU-skinned actor part race=101 file=d:\ymir work\monster\stray_dog\stray_dog.gr2 vid=23258 part=0 category=2 position=39834.7,-58621.5,17767 vertices=682 deform_vertices=682 rigid_vertices=0
material group=0 stage=0 alpha_test=0 blend=0 rigid=0 mesh=0 cull=0 depth_write=1 texture=d:\ymir work\monster\stray_dog\stray_dog.dds race=101 file=d:\ymir work\monster\stray_dog\stray_dog.gr2 vid=23258 part=0 category=2 position=39834.7,-58621.5,17767 vertices=682 deform_vertices=682 rigid_vertices=0
submitted: GPU-skinned actor part race=101 file=d:\ymir work\monster\stray_dog\stray_dog.gr2 vid=23386 part=0 category=2 position=38847,-58692,17767 vertices=682 deform_vertices=682 rigid_vertices=0
material group=0 stage=0 alpha_test=0 blend=0 rigid=0 mesh=0 cull=0 depth_write=1 texture=d:\ymir work\monster\stray_dog\stray_dog.dds race=101 file=d:\ymir work\monster\stray_dog\stray_dog.gr2 vid=23386 part=0 category=2 position=38847,-58692,17767 vertices=682 deform_vertices=682 rigid_vertices=0
submitted: GPU-skinned actor part race=101 file=d:\ymir work\monster\stray_dog\stray_dog.gr2 vid=22960 part=0 category=2 position=38348,-58830,17767 vertices=682 deform_vertices=682 rigid_vertices=0
material group=0 stage=0 alpha_test=0 blend=0 rigid=0 mesh=0 cull=0 depth_write=1 texture=d:\ymir work\monster\stray_dog\stray_dog.dds race=101 file=d:\ymir work\monster\stray_dog\stray_dog.gr2 vid=22960 part=0 category=2 position=38348,-58830,17767 vertices=682 deform_vertices=682 rigid_vertices=0
submitted: GPU-skinned actor part race=101 file=d:\ymir work\monster\stray_dog\stray_dog.gr2 vid=23058 part=0 category=2 position=38515,-58772,17767 vertices=682 deform_vertices=682 rigid_vertices=0
material group=0 stage=0 alpha_test=0 blend=0 rigid=0 mesh=0 cull=0 depth_write=1 texture=d:\ymir work\monster\stray_dog\stray_dog.dds race=101 file=d:\ymir work\monster\stray_dog\stray_dog.gr2 vid=23058 part=0 category=2 position=38515,-58772,17767 vertices=682 deform_vertices=682 rigid_vertices=0
submitted: GPU-skinned actor part race=101 file=d:\ymir work\monster\stray_dog\stray_dog.gr2 vid=22626 part=0 category=2 position=39100,-58607,17767 vertices=682 deform_vertices=682 rigid_vertices=0
material group=0 stage=0 alpha_test=0 blend=0 rigid=0 mesh=0 cull=0 depth_write=1 texture=d:\ymir work\monster\stray_dog\stray_dog.dds race=101 file=d:\ymir work\monster\stray_dog\stray_dog.gr2 vid=22626 part=0 category=2 position=39100,-58607,17767 vertices=682 deform_vertices=682 rigid_vertices=0
submitted: GPU-skinned actor part race=101 file=d:\ymir work\monster\stray_dog\stray_dog.gr2 vid=23361 part=0 category=2 position=40320,-58606,17767 vertices=682 deform_vertices=682 rigid_vertices=0
material group=0 stage=0 alpha_test=0 blend=0 rigid=0 mesh=0 cull=0 depth_write=1 texture=d:\ymir work\monster\stray_dog\stray_dog.dds race=101 file=d:\ymir work\monster\stray_dog\stray_dog.gr2 vid=23361 part=0 category=2 position=40320,-58606,17767 vertices=682 deform_vertices=682 rigid_vertices=0
submitted: GPU-skinned actor part race=9002 file=d:\ymir work\npc\defence\defence.gr2 vid=2840 part=0 category=1 position=40300,-58600,17767 vertices=1481 deform_vertices=1481 rigid_vertices=0
material group=0 stage=0 alpha_test=0 blend=0 rigid=0 mesh=0 cull=0 depth_write=1 texture=d:\ymir work\npc\defence\defence.dds race=9002 file=d:\ymir work\npc\defence\defence.gr2 vid=2840 part=0 category=1 position=40300,-58600,17767 vertices=1481 deform_vertices=1481 rigid_vertices=0
material group=1 stage=0 alpha_test=2 blend=0 rigid=0 mesh=0 cull=0 depth_write=1 texture=d:\ymir work\npc\defence\defence_hair.dds race=9002 file=d:\ymir work\npc\defence\defence.gr2 vid=2840 part=0 category=1 position=40300,-58600,17767 vertices=1481 deform_vertices=1481 rigid_vertices=0
submitted: GPU-skinned actor part race=101 file=d:\ymir work\monster\stray_dog\stray_dog.gr2 vid=23296 part=0 category=2 position=39530,-58541,17767 vertices=682 deform_vertices=682 rigid_vertices=0
material group=0 stage=0 alpha_test=0 blend=0 rigid=0 mesh=0 cull=0 depth_write=1 texture=d:\ymir work\monster\stray_dog\stray_dog.dds race=101 file=d:\ymir work\monster\stray_dog\stray_dog.gr2 vid=23296 part=0 category=2 position=39530,-58541,17767 vertices=682 deform_vertices=682 rigid_vertices=0
submitted: GPU-skinned actor part race=101 file=d:\ymir work\monster\stray_dog\stray_dog.gr2 vid=22531 part=0 category=2 position=39660,-58532,17767 vertices=682 deform_vertices=682 rigid_vertices=0
material group=0 stage=0 alpha_test=0 blend=0 rigid=0 mesh=0 cull=0 depth_write=1 texture=d:\ymir work\monster\stray_dog\stray_dog.dds race=101 file=d:\ymir work\monster\stray_dog\stray_dog.gr2 vid=22531 part=0 category=2 position=39660,-58532,17767 vertices=682 deform_vertices=682 rigid_vertices=0
submitted: GPU-skinned actor part race=101 file=d:\ymir work\monster\stray_dog\stray_dog.gr2 vid=22730 part=0 category=2 position=38790,-58624,17767 vertices=682 deform_vertices=682 rigid_vertices=0
material group=0 stage=0 alpha_test=0 blend=0 rigid=0 mesh=0 cull=0 depth_write=1 texture=d:\ymir work\monster\stray_dog\stray_dog.dds race=101 file=d:\ymir work\monster\stray_dog\stray_dog.gr2 vid=22730 part=0 category=2 position=38790,-58624,17767 vertices=682 deform_vertices=682 rigid_vertices=0
submitted: GPU-skinned actor part race=101 file=d:\ymir work\monster\stray_dog\stray_dog.gr2 vid=23262 part=0 category=2 position=36192,-60441,17774.9 vertices=682 deform_vertices=682 rigid_vertices=0
material group=0 stage=0 alpha_test=0 blend=0 rigid=0 mesh=0 cull=0 depth_write=1 texture=d:\ymir work\monster\stray_dog\stray_dog.dds race=101 file=d:\ymir work\monster\stray_dog\stray_dog.gr2 vid=23262 part=0 category=2 position=36192,-60441,17774.9 vertices=682 deform_vertices=682 rigid_vertices=0
submitted: GPU-skinned actor part race=101 file=d:\ymir work\monster\stray_dog\stray_dog.gr2 vid=23160 part=0 category=2 position=38245,-58763,17767 vertices=682 deform_vertices=682 rigid_vertices=0
material group=0 stage=0 alpha_test=0 blend=0 rigid=0 mesh=0 cull=0 depth_write=1 texture=d:\ymir work\monster\stray_dog\stray_dog.dds race=101 file=d:\ymir work\monster\stray_dog\stray_dog.gr2 vid=23160 part=0 category=2 position=38245,-58763,17767 vertices=682 deform_vertices=682 rigid_vertices=0
submitted: GPU-skinned actor part race=101 file=d:\ymir work\monster\stray_dog\stray_dog.gr2 vid=22988 part=0 category=2 position=36247,-60318,17772.6 vertices=682 deform_vertices=682 rigid_vertices=0
material group=0 stage=0 alpha_test=0 blend=0 rigid=0 mesh=0 cull=0 depth_write=1 texture=d:\ymir work\monster\stray_dog\stray_dog.dds race=101 file=d:\ymir work\monster\stray_dog\stray_dog.gr2 vid=22988 part=0 category=2 position=36247,-60318,17772.6 vertices=682 deform_vertices=682 rigid_vertices=0
submitted: GPU-skinned actor part race=101 file=d:\ymir work\monster\stray_dog\stray_dog.gr2 vid=22828 part=0 category=2 position=38879,-58562,17767 vertices=682 deform_vertices=682 rigid_vertices=0
material group=0 stage=0 alpha_test=0 blend=0 rigid=0 mesh=0 cull=0 depth_write=1 texture=d:\ymir work\monster\stray_dog\stray_dog.dds race=101 file=d:\ymir work\monster\stray_dog\stray_dog.gr2 vid=22828 part=0 category=2 position=38879,-58562,17767 vertices=682 deform_vertices=682 rigid_vertices=0
submitted: GPU-skinned actor part race=101 file=d:\ymir work\monster\stray_dog\stray_dog.gr2 vid=23089 part=0 category=2 position=38548,-58634,17767 vertices=682 deform_vertices=682 rigid_vertices=0
material group=0 stage=0 alpha_test=0 blend=0 rigid=0 mesh=0 cull=0 depth_write=1 texture=d:\ymir work\monster\stray_dog\stray_dog.dds race=101 file=d:\ymir work\monster\stray_dog\stray_dog.gr2 vid=23089 part=0 category=2 position=38548,-58634,17767 vertices=682 deform_vertices=682 rigid_vertices=0
submitted: GPU-skinned actor part race=101 file=d:\ymir work\monster\stray_dog\stray_dog.gr2 vid=22930 part=0 category=2 position=38669,-58597,17767 vertices=682 deform_vertices=682 rigid_vertices=0
material group=0 stage=0 alpha_test=0 blend=0 rigid=0 mesh=0 cull=0 depth_write=1 texture=d:\ymir work\monster\stray_dog\stray_dog.dds race=101 file=d:\ymir work\monster\stray_dog\stray_dog.gr2 vid=22930 part=0 category=2 position=38669,-58597,17767 vertices=682 deform_vertices=682 rigid_vertices=0
submitted: GPU-skinned actor part race=101 file=d:\ymir work\monster\stray_dog\stray_dog.gr2 vid=23371 part=0 category=2 position=38206,-58739,17767 vertices=682 deform_vertices=682 rigid_vertices=0
material group=0 stage=0 alpha_test=0 blend=0 rigid=0 mesh=0 cull=0 depth_write=1 texture=d:\ymir work\monster\stray_dog\stray_dog.dds race=101 file=d:\ymir work\monster\stray_dog\stray_dog.gr2 vid=23371 part=0 category=2 position=38206,-58739,17767 vertices=682 deform_vertices=682 rigid_vertices=0
submitted: GPU-skinned actor part race=101 file=d:\ymir work\monster\stray_dog\stray_dog.gr2 vid=22893 part=0 category=2 position=38692,-58587,17767 vertices=682 deform_vertices=682 rigid_vertices=0
material group=0 stage=0 alpha_test=0 blend=0 rigid=0 mesh=0 cull=0 depth_write=1 texture=d:\ymir work\monster\stray_dog\stray_dog.dds race=101 file=d:\ymir work\monster\stray_dog\stray_dog.gr2 vid=22893 part=0 category=2 position=38692,-58587,17767 vertices=682 deform_vertices=682 rigid_vertices=0
submitted: GPU-skinned actor part race=101 file=d:\ymir work\monster\stray_dog\stray_dog.gr2 vid=22747 part=0 category=2 position=38829,-58552,17767 vertices=682 deform_vertices=682 rigid_vertices=0
material group=0 stage=0 alpha_test=0 blend=0 rigid=0 mesh=0 cull=0 depth_write=1 texture=d:\ymir work\monster\stray_dog\stray_dog.dds race=101 file=d:\ymir work\monster\stray_dog\stray_dog.gr2 vid=22747 part=0 category=2 position=38829,-58552,17767 vertices=682 deform_vertices=682 rigid_vertices=0
submitted: GPU-skinned actor part race=101 file=d:\ymir work\monster\stray_dog\stray_dog.gr2 vid=22594 part=0 category=2 position=39283,-58482,17767 vertices=682 deform_vertices=682 rigid_vertices=0
material group=0 stage=0 alpha_test=0 blend=0 rigid=0 mesh=0 cull=0 depth_write=1 texture=d:\ymir work\monster\stray_dog\stray_dog.dds race=101 file=d:\ymir work\monster\stray_dog\stray_dog.gr2 vid=22594 part=0 category=2 position=39283,-58482,17767 vertices=682 deform_vertices=682 rigid_vertices=0
submitted: GPU-skinned actor part race=101 file=d:\ymir work\monster\stray_dog\stray_dog.gr2 vid=22491 part=0 category=2 position=39234,-58463,17767 vertices=682 deform_vertices=682 rigid_vertices=0
material group=0 stage=0 alpha_test=0 blend=0 rigid=0 mesh=0 cull=0 depth_write=1 texture=d:\ymir work\monster\stray_dog\stray_dog.dds race=101 file=d:\ymir work\monster\stray_dog\stray_dog.gr2 vid=22491 part=0 category=2 position=39234,-58463,17767 vertices=682 deform_vertices=682 rigid_vertices=0
submitted: GPU-skinned actor part race=101 file=d:\ymir work\monster\stray_dog\stray_dog.gr2 vid=23398 part=0 category=2 position=36423,-59997,17768 vertices=682 deform_vertices=682 rigid_vertices=0
material group=0 stage=0 alpha_test=0 blend=0 rigid=0 mesh=0 cull=0 depth_write=1 texture=d:\ymir work\monster\stray_dog\stray_dog.dds race=101 file=d:\ymir work\monster\stray_dog\stray_dog.gr2 vid=23398 part=0 category=2 position=36423,-59997,17768 vertices=682 deform_vertices=682 rigid_vertices=0
submitted: GPU-skinned actor part race=101 file=d:\ymir work\monster\stray_dog\stray_dog.gr2 vid=22707 part=0 category=2 position=36235,-60230,17771 vertices=682 deform_vertices=682 rigid_vertices=0
material group=0 stage=0 alpha_test=0 blend=0 rigid=0 mesh=0 cull=0 depth_write=1 texture=d:\ymir work\monster\stray_dog\stray_dog.dds race=101 file=d:\ymir work\monster\stray_dog\stray_dog.gr2 vid=22707 part=0 category=2 position=36235,-60230,17771 vertices=682 deform_vertices=682 rigid_vertices=0
submitted: GPU-skinned actor part race=101 file=d:\ymir work\monster\stray_dog\stray_dog.gr2 vid=22693 part=0 category=2 position=39098,-58458,17767 vertices=682 deform_vertices=682 rigid_vertices=0
material group=0 stage=0 alpha_test=0 blend=0 rigid=0 mesh=0 cull=0 depth_write=1 texture=d:\ymir work\monster\stray_dog\stray_dog.dds race=101 file=d:\ymir work\monster\stray_dog\stray_dog.gr2 vid=22693 part=0 category=2 position=39098,-58458,17767 vertices=682 deform_vertices=682 rigid_vertices=0
submitted: GPU-skinned actor part race=101 file=d:\ymir work\monster\stray_dog\stray_dog.gr2 vid=22891 part=0 category=2 position=38877.9,-58474.7,17767 vertices=682 deform_vertices=682 rigid_vertices=0
material group=0 stage=0 alpha_test=0 blend=0 rigid=0 mesh=0 cull=0 depth_write=1 texture=d:\ymir work\monster\stray_dog\stray_dog.dds race=101 file=d:\ymir work\monster\stray_dog\stray_dog.gr2 vid=22891 part=0 category=2 position=38877.9,-58474.7,17767 vertices=682 deform_vertices=682 rigid_vertices=0
submitted: GPU-skinned actor part race=101 file=d:\ymir work\monster\stray_dog\stray_dog.gr2 vid=22823 part=0 category=2 position=38638,-58514,17767 vertices=682 deform_vertices=682 rigid_vertices=0
material group=0 stage=0 alpha_test=0 blend=0 rigid=0 mesh=0 cull=0 depth_write=1 texture=d:\ymir work\monster\stray_dog\stray_dog.dds race=101 file=d:\ymir work\monster\stray_dog\stray_dog.gr2 vid=22823 part=0 category=2 position=38638,-58514,17767 vertices=682 deform_vertices=682 rigid_vertices=0
submitted: GPU-skinned actor part race=101 file=d:\ymir work\monster\stray_dog\stray_dog.gr2 vid=22877 part=0 category=2 position=38629,-58479,17767 vertices=682 deform_vertices=682 rigid_vertices=0
material group=0 stage=0 alpha_test=0 blend=0 rigid=0 mesh=0 cull=0 depth_write=1 texture=d:\ymir work\monster\stray_dog\stray_dog.dds race=101 file=d:\ymir work\monster\stray_dog\stray_dog.gr2 vid=22877 part=0 category=2 position=38629,-58479,17767 vertices=682 deform_vertices=682 rigid_vertices=0
submitted: GPU-skinned actor part race=101 file=d:\ymir work\monster\stray_dog\stray_dog.gr2 vid=22787 part=0 category=2 position=38607,-58482,17767 vertices=682 deform_vertices=682 rigid_vertices=0
material group=0 stage=0 alpha_test=0 blend=0 rigid=0 mesh=0 cull=0 depth_write=1 texture=d:\ymir work\monster\stray_dog\stray_dog.dds race=101 file=d:\ymir work\monster\stray_dog\stray_dog.gr2 vid=22787 part=0 category=2 position=38607,-58482,17767 vertices=682 deform_vertices=682 rigid_vertices=0
submitted: GPU-skinned actor part race=101 file=d:\ymir work\monster\stray_dog\stray_dog.gr2 vid=22574 part=0 category=2 position=38614,-58475,17767 vertices=682 deform_vertices=682 rigid_vertices=0
material group=0 stage=0 alpha_test=0 blend=0 rigid=0 mesh=0 cull=0 depth_write=1 texture=d:\ymir work\monster\stray_dog\stray_dog.dds race=101 file=d:\ymir work\monster\stray_dog\stray_dog.gr2 vid=22574 part=0 category=2 position=38614,-58475,17767 vertices=682 deform_vertices=682 rigid_vertices=0
submitted: GPU-skinned actor part race=101 file=d:\ymir work\monster\stray_dog\stray_dog.gr2 vid=22922 part=0 category=2 position=35788,-60807.1,17786.5 vertices=682 deform_vertices=682 rigid_vertices=0
material group=0 stage=0 alpha_test=0 blend=0 rigid=0 mesh=0 cull=0 depth_write=1 texture=d:\ymir work\monster\stray_dog\stray_dog.dds race=101 file=d:\ymir work\monster\stray_dog\stray_dog.gr2 vid=22922 part=0 category=2 position=35788,-60807.1,17786.5 vertices=682 deform_vertices=682 rigid_vertices=0
submitted: GPU-skinned actor part race=101 file=d:\ymir work\monster\stray_dog\stray_dog.gr2 vid=23383 part=0 category=2 position=38810,-58406,17767 vertices=682 deform_vertices=682 rigid_vertices=0
material group=0 stage=0 alpha_test=0 blend=0 rigid=0 mesh=0 cull=0 depth_write=1 texture=d:\ymir work\monster\stray_dog\stray_dog.dds race=101 file=d:\ymir work\monster\stray_dog\stray_dog.gr2 vid=23383 part=0 category=2 position=38810,-58406,17767 vertices=682 deform_vertices=682 rigid_vertices=0
submitted: GPU-skinned actor part race=101 file=d:\ymir work\monster\stray_dog\stray_dog.gr2 vid=22713 part=0 category=2 position=36461.3,-59758.3,17767 vertices=682 deform_vertices=682 rigid_vertices=0
material group=0 stage=0 alpha_test=0 blend=0 rigid=0 mesh=0 cull=0 depth_write=1 texture=d:\ymir work\monster\stray_dog\stray_dog.dds race=101 file=d:\ymir work\monster\stray_dog\stray_dog.gr2 vid=22713 part=0 category=2 position=36461.3,-59758.3,17767 vertices=682 deform_vertices=682 rigid_vertices=0
submitted: GPU-skinned actor part race=101 file=d:\ymir work\monster\stray_dog\stray_dog.gr2 vid=23354 part=0 category=2 position=40172,-58332,17767 vertices=682 deform_vertices=682 rigid_vertices=0
material group=0 stage=0 alpha_test=0 blend=0 rigid=0 mesh=0 cull=0 depth_write=1 texture=d:\ymir work\monster\stray_dog\stray_dog.dds race=101 file=d:\ymir work\monster\stray_dog\stray_dog.gr2 vid=23354 part=0 category=2 position=40172,-58332,17767 vertices=682 deform_vertices=682 rigid_vertices=0
submitted: GPU-skinned actor part race=101 file=d:\ymir work\monster\stray_dog\stray_dog.gr2 vid=23326 part=0 category=2 position=39392,-58312,17767 vertices=682 deform_vertices=682 rigid_vertices=0
material group=0 stage=0 alpha_test=0 blend=0 rigid=0 mesh=0 cull=0 depth_write=1 texture=d:\ymir work\monster\stray_dog\stray_dog.dds race=101 file=d:\ymir work\monster\stray_dog\stray_dog.gr2 vid=23326 part=0 category=2 position=39392,-58312,17767 vertices=682 deform_vertices=682 rigid_vertices=0
submitted: GPU-skinned actor part race=101 file=d:\ymir work\monster\stray_dog\stray_dog.gr2 vid=22746 part=0 category=2 position=38704,-58413.2,17767 vertices=682 deform_vertices=682 rigid_vertices=0
material group=0 stage=0 alpha_test=0 blend=0 rigid=0 mesh=0 cull=0 depth_write=1 texture=d:\ymir work\monster\stray_dog\stray_dog.dds race=101 file=d:\ymir work\monster\stray_dog\stray_dog.gr2 vid=22746 part=0 category=2 position=38704,-58413.2,17767 vertices=682 deform_vertices=682 rigid_vertices=0
submitted: GPU-skinned actor part race=101 file=d:\ymir work\monster\stray_dog\stray_dog.gr2 vid=22685 part=0 category=2 position=38768,-58382,17767 vertices=682 deform_vertices=682 rigid_vertices=0
material group=0 stage=0 alpha_test=0 blend=0 rigid=0 mesh=0 cull=0 depth_write=1 texture=d:\ymir work\monster\stray_dog\stray_dog.dds race=101 file=d:\ymir work\monster\stray_dog\stray_dog.gr2 vid=22685 part=0 category=2 position=38768,-58382,17767 vertices=682 deform_vertices=682 rigid_vertices=0
submitted: GPU-skinned actor part race=101 file=d:\ymir work\monster\stray_dog\stray_dog.gr2 vid=23148 part=0 category=2 position=36077,-60213,17770.7 vertices=682 deform_vertices=682 rigid_vertices=0
material group=0 stage=0 alpha_test=0 blend=0 rigid=0 mesh=0 cull=0 depth_write=1 texture=d:\ymir work\monster\stray_dog\stray_dog.dds race=101 file=d:\ymir work\monster\stray_dog\stray_dog.gr2 vid=23148 part=0 category=2 position=36077,-60213,17770.7 vertices=682 deform_vertices=682 rigid_vertices=0
submitted: GPU-skinned actor part race=101 file=d:\ymir work\monster\stray_dog\stray_dog.gr2 vid=23163 part=0 category=2 position=39290,-58295,17767 vertices=682 deform_vertices=682 rigid_vertices=0
material group=0 stage=0 alpha_test=0 blend=0 rigid=0 mesh=0 cull=0 depth_write=1 texture=d:\ymir work\monster\stray_dog\stray_dog.dds race=101 file=d:\ymir work\monster\stray_dog\stray_dog.gr2 vid=23163 part=0 category=2 position=39290,-58295,17767 vertices=682 deform_vertices=682 rigid_vertices=0
submitted: GPU-skinned actor part race=101 file=d:\ymir work\monster\stray_dog\stray_dog.gr2 vid=22562 part=0 category=2 position=38643,-58394,17767 vertices=682 deform_vertices=682 rigid_vertices=0
material group=0 stage=0 alpha_test=0 blend=0 rigid=0 mesh=0 cull=0 depth_write=1 texture=d:\ymir work\monster\stray_dog\stray_dog.dds race=101 file=d:\ymir work\monster\stray_dog\stray_dog.gr2 vid=22562 part=0 category=2 position=38643,-58394,17767 vertices=682 deform_vertices=682 rigid_vertices=0
submitted: GPU-skinned actor part race=101 file=d:\ymir work\monster\stray_dog\stray_dog.gr2 vid=22567 part=0 category=2 position=36719,-59423,17767 vertices=682 deform_vertices=682 rigid_vertices=0
material group=0 stage=0 alpha_test=0 blend=0 rigid=0 mesh=0 cull=0 depth_write=1 texture=d:\ymir work\monster\stray_dog\stray_dog.dds race=101 file=d:\ymir work\monster\stray_dog\stray_dog.gr2 vid=22567 part=0 category=2 position=36719,-59423,17767 vertices=682 deform_vertices=682 rigid_vertices=0
submitted: GPU-skinned actor part race=101 file=d:\ymir work\monster\stray_dog\stray_dog.gr2 vid=23285 part=0 category=2 position=38995,-58291,17767 vertices=682 deform_vertices=682 rigid_vertices=0
material group=0 stage=0 alpha_test=0 blend=0 rigid=0 mesh=0 cull=0 depth_write=1 texture=d:\ymir work\monster\stray_dog\stray_dog.dds race=101 file=d:\ymir work\monster\stray_dog\stray_dog.gr2 vid=23285 part=0 category=2 position=38995,-58291,17767 vertices=682 deform_vertices=682 rigid_vertices=0
submitted: GPU-skinned actor part race=101 file=d:\ymir work\monster\stray_dog\stray_dog.gr2 vid=23395 part=0 category=2 position=38809,-58313,17767 vertices=682 deform_vertices=682 rigid_vertices=0
material group=0 stage=0 alpha_test=0 blend=0 rigid=0 mesh=0 cull=0 depth_write=1 texture=d:\ymir work\monster\stray_dog\stray_dog.dds race=101 file=d:\ymir work\monster\stray_dog\stray_dog.gr2 vid=23395 part=0 category=2 position=38809,-58313,17767 vertices=682 deform_vertices=682 rigid_vertices=0
submitted: GPU-skinned actor part race=101 file=d:\ymir work\monster\stray_dog\stray_dog.gr2 vid=23440 part=0 category=2 position=39251,-58221,17767 vertices=682 deform_vertices=682 rigid_vertices=0
material group=0 stage=0 alpha_test=0 blend=0 rigid=0 mesh=0 cull=0 depth_write=1 texture=d:\ymir work\monster\stray_dog\stray_dog.dds race=101 file=d:\ymir work\monster\stray_dog\stray_dog.gr2 vid=23440 part=0 category=2 position=39251,-58221,17767 vertices=682 deform_vertices=682 rigid_vertices=0
submitted: GPU-skinned actor part race=101 file=d:\ymir work\monster\stray_dog\stray_dog.gr2 vid=22762 part=0 category=2 position=38207,-58401,17767 vertices=682 deform_vertices=682 rigid_vertices=0
material group=0 stage=0 alpha_test=0 blend=0 rigid=0 mesh=0 cull=0 depth_write=1 texture=d:\ymir work\monster\stray_dog\stray_dog.dds race=101 file=d:\ymir work\monster\stray_dog\stray_dog.gr2 vid=22762 part=0 category=2 position=38207,-58401,17767 vertices=682 deform_vertices=682 rigid_vertices=0
submitted: GPU-skinned actor part race=101 file=d:\ymir work\monster\stray_dog\stray_dog.gr2 vid=22519 part=0 category=2 position=35985,-60096,17769.2 vertices=682 deform_vertices=682 rigid_vertices=0
material group=0 stage=0 alpha_test=0 blend=0 rigid=0 mesh=0 cull=0 depth_write=1 texture=d:\ymir work\monster\stray_dog\stray_dog.dds race=101 file=d:\ymir work\monster\stray_dog\stray_dog.gr2 vid=22519 part=0 category=2 position=35985,-60096,17769.2 vertices=682 deform_vertices=682 rigid_vertices=0
submitted: GPU-skinned actor part race=101 file=d:\ymir work\monster\stray_dog\stray_dog.gr2 vid=22871 part=0 category=2 position=38512,-58281,17767 vertices=682 deform_vertices=682 rigid_vertices=0
material group=0 stage=0 alpha_test=0 blend=0 rigid=0 mesh=0 cull=0 depth_write=1 texture=d:\ymir work\monster\stray_dog\stray_dog.dds race=101 file=d:\ymir work\monster\stray_dog\stray_dog.gr2 vid=22871 part=0 category=2 position=38512,-58281,17767 vertices=682 deform_vertices=682 rigid_vertices=0
submitted: GPU-skinned actor part race=101 file=d:\ymir work\monster\stray_dog\stray_dog.gr2 vid=22790 part=0 category=2 position=36227,-59739,17767 vertices=682 deform_vertices=682 rigid_vertices=0
material group=0 stage=0 alpha_test=0 blend=0 rigid=0 mesh=0 cull=0 depth_write=1 texture=d:\ymir work\monster\stray_dog\stray_dog.dds race=101 file=d:\ymir work\monster\stray_dog\stray_dog.gr2 vid=22790 part=0 category=2 position=36227,-59739,17767 vertices=682 deform_vertices=682 rigid_vertices=0
submitted: GPU-skinned actor part race=101 file=d:\ymir work\monster\stray_dog\stray_dog.gr2 vid=22964 part=0 category=2 position=38745,-58199,17767 vertices=682 deform_vertices=682 rigid_vertices=0
material group=0 stage=0 alpha_test=0 blend=0 rigid=0 mesh=0 cull=0 depth_write=1 texture=d:\ymir work\monster\stray_dog\stray_dog.dds race=101 file=d:\ymir work\monster\stray_dog\stray_dog.gr2 vid=22964 part=0 category=2 position=38745,-58199,17767 vertices=682 deform_vertices=682 rigid_vertices=0
submitted: GPU-skinned actor part race=101 file=d:\ymir work\monster\stray_dog\stray_dog.gr2 vid=23102 part=0 category=2 position=36309,-59601,17767 vertices=682 deform_vertices=682 rigid_vertices=0
material group=0 stage=0 alpha_test=0 blend=0 rigid=0 mesh=0 cull=0 depth_write=1 texture=d:\ymir work\monster\stray_dog\stray_dog.dds race=101 file=d:\ymir work\monster\stray_dog\stray_dog.gr2 vid=23102 part=0 category=2 position=36309,-59601,17767 vertices=682 deform_vertices=682 rigid_vertices=0
submitted: GPU-skinned actor part race=101 file=d:\ymir work\monster\stray_dog\stray_dog.gr2 vid=22975 part=0 category=2 position=35888,-60114,17769.4 vertices=682 deform_vertices=682 rigid_vertices=0
material group=0 stage=0 alpha_test=0 blend=0 rigid=0 mesh=0 cull=0 depth_write=1 texture=d:\ymir work\monster\stray_dog\stray_dog.dds race=101 file=d:\ymir work\monster\stray_dog\stray_dog.gr2 vid=22975 part=0 category=2 position=35888,-60114,17769.4 vertices=682 deform_vertices=682 rigid_vertices=0
submitted: GPU-skinned actor part race=101 file=d:\ymir work\monster\stray_dog\stray_dog.gr2 vid=22676 part=0 category=2 position=36334,-59518,17767 vertices=682 deform_vertices=682 rigid_vertices=0
material group=0 stage=0 alpha_test=0 blend=0 rigid=0 mesh=0 cull=0 depth_write=1 texture=d:\ymir work\monster\stray_dog\stray_dog.dds race=101 file=d:\ymir work\monster\stray_dog\stray_dog.gr2 vid=22676 part=0 category=2 position=36334,-59518,17767 vertices=682 deform_vertices=682 rigid_vertices=0
submitted: GPU-skinned actor part race=101 file=d:\ymir work\monster\stray_dog\stray_dog.gr2 vid=23174 part=0 category=2 position=36175,-59663,17767 vertices=682 deform_vertices=682 rigid_vertices=0
material group=0 stage=0 alpha_test=0 blend=0 rigid=0 mesh=0 cull=0 depth_write=1 texture=d:\ymir work\monster\stray_dog\stray_dog.dds race=101 file=d:\ymir work\monster\stray_dog\stray_dog.gr2 vid=23174 part=0 category=2 position=36175,-59663,17767 vertices=682 deform_vertices=682 rigid_vertices=0
submitted: GPU-skinned actor part race=101 file=d:\ymir work\monster\stray_dog\stray_dog.gr2 vid=22487 part=0 category=2 position=35540,-60613,17781.4 vertices=682 deform_vertices=682 rigid_vertices=0
material group=0 stage=0 alpha_test=0 blend=0 rigid=0 mesh=0 cull=0 depth_write=1 texture=d:\ymir work\monster\stray_dog\stray_dog.dds race=101 file=d:\ymir work\monster\stray_dog\stray_dog.gr2 vid=22487 part=0 category=2 position=35540,-60613,17781.4 vertices=682 deform_vertices=682 rigid_vertices=0
submitted: GPU-skinned actor part race=101 file=d:\ymir work\monster\stray_dog\stray_dog.gr2 vid=23166 part=0 category=2 position=38164,-58214,17767 vertices=682 deform_vertices=682 rigid_vertices=0
material group=0 stage=0 alpha_test=0 blend=0 rigid=0 mesh=0 cull=0 depth_write=1 texture=d:\ymir work\monster\stray_dog\stray_dog.dds race=101 file=d:\ymir work\monster\stray_dog\stray_dog.gr2 vid=23166 part=0 category=2 position=38164,-58214,17767 vertices=682 deform_vertices=682 rigid_vertices=0
submitted: GPU-skinned actor part race=101 file=d:\ymir work\monster\stray_dog\stray_dog.gr2 vid=22658 part=0 category=2 position=38037.4,-58212.1,17767 vertices=682 deform_vertices=682 rigid_vertices=0
material group=0 stage=0 alpha_test=0 blend=0 rigid=0 mesh=0 cull=0 depth_write=1 texture=d:\ymir work\monster\stray_dog\stray_dog.dds race=101 file=d:\ymir work\monster\stray_dog\stray_dog.gr2 vid=22658 part=0 category=2 position=38037.4,-58212.1,17767 vertices=682 deform_vertices=682 rigid_vertices=0
submitted: GPU-skinned actor part race=20341 file=d:\ymir work\npc\jinno_patrol_spear\jinno_patrol_spear.gr2 vid=2832 part=0 category=1 position=44400,-62700,17767 vertices=1999 deform_vertices=1645 rigid_vertices=354
material group=0 stage=0 alpha_test=0 blend=0 rigid=0 mesh=0 cull=0 depth_write=1 texture=d:\ymir work\npc\jinno_patrol_spear\jinno_patrol_spear.dds race=20341 file=d:\ymir work\npc\jinno_patrol_spear\jinno_patrol_spear.gr2 vid=2832 part=0 category=1 position=44400,-62700,17767 vertices=1999 deform_vertices=1645 rigid_vertices=354
material group=1 stage=0 alpha_test=0 blend=0 rigid=1 mesh=1 cull=0 depth_write=1 texture=d:\ymir work\npc\sinsu_patrol_bow\sinsu_patrol_weapon.dds race=20341 file=d:\ymir work\npc\jinno_patrol_spear\jinno_patrol_spear.gr2 vid=2832 part=0 category=1 position=44400,-62700,17767 vertices=1999 deform_vertices=1645 rigid_vertices=354
submitted: GPU-skinned actor part race=20340 file=d:\ymir work\npc\jinno_patrol_spear\jinno_patrol_spear.gr2 vid=2831 part=0 category=1 position=44400,-62300,17767 vertices=1999 deform_vertices=1645 rigid_vertices=354
material group=0 stage=0 alpha_test=0 blend=0 rigid=0 mesh=0 cull=0 depth_write=1 texture=d:\ymir work\npc\jinno_patrol_spear\jinno_patrol_spear.dds race=20340 file=d:\ymir work\npc\jinno_patrol_spear\jinno_patrol_spear.gr2 vid=2831 part=0 category=1 position=44400,-62300,17767 vertices=1999 deform_vertices=1645 rigid_vertices=354
material group=1 stage=0 alpha_test=0 blend=0 rigid=1 mesh=1 cull=0 depth_write=1 texture=d:\ymir work\npc\sinsu_patrol_bow\sinsu_patrol_weapon.dds race=20340 file=d:\ymir work\npc\jinno_patrol_spear\jinno_patrol_spear.gr2 vid=2831 part=0 category=1 position=44400,-62300,17767 vertices=1999 deform_vertices=1645 rigid_vertices=354
submitted: GPU-skinned actor part race=20342 file=d:\ymir work\npc\jinno_patrol_spear\jinno_patrol_spear.gr2 vid=2833 part=0 category=1 position=44400,-63100,17767 vertices=1999 deform_vertices=1645 rigid_vertices=354
material group=0 stage=0 alpha_test=0 blend=0 rigid=0 mesh=0 cull=0 depth_write=1 texture=d:\ymir work\npc\jinno_patrol_spear\jinno_patrol_spear.dds race=20342 file=d:\ymir work\npc\jinno_patrol_spear\jinno_patrol_spear.gr2 vid=2833 part=0 category=1 position=44400,-63100,17767 vertices=1999 deform_vertices=1645 rigid_vertices=354
material group=1 stage=0 alpha_test=0 blend=0 rigid=1 mesh=1 cull=0 depth_write=1 texture=d:\ymir work\npc\sinsu_patrol_bow\sinsu_patrol_weapon.dds race=20342 file=d:\ymir work\npc\jinno_patrol_spear\jinno_patrol_spear.gr2 vid=2833 part=0 category=1 position=44400,-63100,17767 vertices=1999 deform_vertices=1645 rigid_vertices=354
submitted: GPU-skinned actor part race=101 file=d:\ymir work\monster\stray_dog\stray_dog.gr2 vid=22919 part=0 category=2 position=35357,-60618,17783.1 vertices=682 deform_vertices=682 rigid_vertices=0
material group=0 stage=0 alpha_test=0 blend=0 rigid=0 mesh=0 cull=0 depth_write=1 texture=d:\ymir work\monster\stray_dog\stray_dog.dds race=101 file=d:\ymir work\monster\stray_dog\stray_dog.gr2 vid=22919 part=0 category=2 position=35357,-60618,17783.1 vertices=682 deform_vertices=682 rigid_vertices=0
submitted: GPU-skinned actor part race=101 file=d:\ymir work\monster\stray_dog\stray_dog.gr2 vid=22998 part=0 category=2 position=35585,-60144,17769.7 vertices=682 deform_vertices=682 rigid_vertices=0
material group=0 stage=0 alpha_test=0 blend=0 rigid=0 mesh=0 cull=0 depth_write=1 texture=d:\ymir work\monster\stray_dog\stray_dog.dds race=101 file=d:\ymir work\monster\stray_dog\stray_dog.gr2 vid=22998 part=0 category=2 position=35585,-60144,17769.7 vertices=682 deform_vertices=682 rigid_vertices=0
submitted: GPU-skinned actor part race=101 file=d:\ymir work\monster\stray_dog\stray_dog.gr2 vid=22607 part=0 category=2 position=35473,-60334,17773.5 vertices=682 deform_vertices=682 rigid_vertices=0
material group=0 stage=0 alpha_test=0 blend=0 rigid=0 mesh=0 cull=0 depth_write=1 texture=d:\ymir work\monster\stray_dog\stray_dog.dds race=101 file=d:\ymir work\monster\stray_dog\stray_dog.gr2 vid=22607 part=0 category=2 position=35473,-60334,17773.5 vertices=682 deform_vertices=682 rigid_vertices=0
submitted: GPU-skinned actor part race=20343 file=d:\ymir work\npc\jinno_patrol_spear\jinno_patrol_spear.gr2 vid=2834 part=0 category=1 position=44400,-63500,17767 vertices=1999 deform_vertices=1645 rigid_vertices=354
material group=0 stage=0 alpha_test=0 blend=0 rigid=0 mesh=0 cull=0 depth_write=1 texture=d:\ymir work\npc\jinno_patrol_spear\jinno_patrol_spear.dds race=20343 file=d:\ymir work\npc\jinno_patrol_spear\jinno_patrol_spear.gr2 vid=2834 part=0 category=1 position=44400,-63500,17767 vertices=1999 deform_vertices=1645 rigid_vertices=354
material group=1 stage=0 alpha_test=0 blend=0 rigid=1 mesh=1 cull=0 depth_write=1 texture=d:\ymir work\npc\sinsu_patrol_bow\sinsu_patrol_weapon.dds race=20343 file=d:\ymir work\npc\jinno_patrol_spear\jinno_patrol_spear.gr2 vid=2834 part=0 category=1 position=44400,-63500,17767 vertices=1999 deform_vertices=1645 rigid_vertices=354
submitted: GPU-skinned actor part race=101 file=d:\ymir work\monster\stray_dog\stray_dog.gr2 vid=23231 part=0 category=2 position=36172,-59248,17767 vertices=682 deform_vertices=682 rigid_vertices=0
material group=0 stage=0 alpha_test=0 blend=0 rigid=0 mesh=0 cull=0 depth_write=1 texture=d:\ymir work\monster\stray_dog\stray_dog.dds race=101 file=d:\ymir work\monster\stray_dog\stray_dog.gr2 vid=23231 part=0 category=2 position=36172,-59248,17767 vertices=682 deform_vertices=682 rigid_vertices=0
submitted: GPU-skinned actor part race=9006 file=d:\ymir work\npc\hotel_grandma\hotel_grandma.gr2 vid=2843 part=0 category=1 position=41700,-67100,17767 vertices=1161 deform_vertices=1161 rigid_vertices=0
material group=0 stage=0 alpha_test=0 blend=0 rigid=0 mesh=0 cull=0 depth_write=1 texture=d:\ymir work\npc\hotel_grandma\hotel_grandma.dds race=9006 file=d:\ymir work\npc\hotel_grandma\hotel_grandma.gr2 vid=2843 part=0 category=1 position=41700,-67100,17767 vertices=1161 deform_vertices=1161 rigid_vertices=0
submitted: GPU-skinned actor part race=20344 file=d:\ymir work\npc\jinno_patrol_spear\jinno_patrol_spear.gr2 vid=2835 part=0 category=1 position=44300,-64400,17767 vertices=1999 deform_vertices=1645 rigid_vertices=354
material group=0 stage=0 alpha_test=0 blend=0 rigid=0 mesh=0 cull=0 depth_write=1 texture=d:\ymir work\npc\jinno_patrol_spear\jinno_patrol_spear.dds race=20344 file=d:\ymir work\npc\jinno_patrol_spear\jinno_patrol_spear.gr2 vid=2835 part=0 category=1 position=44300,-64400,17767 vertices=1999 deform_vertices=1645 rigid_vertices=354
material group=1 stage=0 alpha_test=0 blend=0 rigid=1 mesh=1 cull=0 depth_write=1 texture=d:\ymir work\npc\sinsu_patrol_bow\sinsu_patrol_weapon.dds race=20344 file=d:\ymir work\npc\jinno_patrol_spear\jinno_patrol_spear.gr2 vid=2835 part=0 category=1 position=44300,-64400,17767 vertices=1999 deform_vertices=1645 rigid_vertices=354
submitted: GPU-skinned actor part race=101 file=d:\ymir work\monster\stray_dog\stray_dog.gr2 vid=22927 part=0 category=2 position=36003,-59292,17767 vertices=682 deform_vertices=682 rigid_vertices=0
material group=0 stage=0 alpha_test=0 blend=0 rigid=0 mesh=0 cull=0 depth_write=1 texture=d:\ymir work\monster\stray_dog\stray_dog.dds race=101 file=d:\ymir work\monster\stray_dog\stray_dog.gr2 vid=22927 part=0 category=2 position=36003,-59292,17767 vertices=682 deform_vertices=682 rigid_vertices=0
submitted: GPU-skinned actor part race=101 file=d:\ymir work\monster\stray_dog\stray_dog.gr2 vid=22752 part=0 category=2 position=36068,-59100,17767 vertices=682 deform_vertices=682 rigid_vertices=0
material group=0 stage=0 alpha_test=0 blend=0 rigid=0 mesh=0 cull=0 depth_write=1 texture=d:\ymir work\monster\stray_dog\stray_dog.dds race=101 file=d:\ymir work\monster\stray_dog\stray_dog.gr2 vid=22752 part=0 category=2 position=36068,-59100,17767 vertices=682 deform_vertices=682 rigid_vertices=0
submitted: GPU-skinned actor part race=101 file=d:\ymir work\monster\stray_dog\stray_dog.gr2 vid=23368 part=0 category=2 position=35767,-59390,17767 vertices=682 deform_vertices=682 rigid_vertices=0
material group=0 stage=0 alpha_test=0 blend=0 rigid=0 mesh=0 cull=0 depth_write=1 texture=d:\ymir work\monster\stray_dog\stray_dog.dds race=101 file=d:\ymir work\monster\stray_dog\stray_dog.gr2 vid=23368 part=0 category=2 position=35767,-59390,17767 vertices=682 deform_vertices=682 rigid_vertices=0
submitted: GPU-skinned actor part race=20345 file=d:\ymir work\npc\jinno_patrol_spear\jinno_patrol_spear.gr2 vid=2836 part=0 category=1 position=44300,-64800,17767 vertices=1999 deform_vertices=1645 rigid_vertices=354
material group=0 stage=0 alpha_test=0 blend=0 rigid=0 mesh=0 cull=0 depth_write=1 texture=d:\ymir work\npc\jinno_patrol_spear\jinno_patrol_spear.dds race=20345 file=d:\ymir work\npc\jinno_patrol_spear\jinno_patrol_spear.gr2 vid=2836 part=0 category=1 position=44300,-64800,17767 vertices=1999 deform_vertices=1645 rigid_vertices=354
material group=1 stage=0 alpha_test=0 blend=0 rigid=1 mesh=1 cull=0 depth_write=1 texture=d:\ymir work\npc\sinsu_patrol_bow\sinsu_patrol_weapon.dds race=20345 file=d:\ymir work\npc\jinno_patrol_spear\jinno_patrol_spear.gr2 vid=2836 part=0 category=1 position=44300,-64800,17767 vertices=1999 deform_vertices=1645 rigid_vertices=354
submitted: GPU-skinned actor part race=101 file=d:\ymir work\monster\stray_dog\stray_dog.gr2 vid=23161 part=0 category=2 position=36113.1,-58953.1,17767 vertices=682 deform_vertices=682 rigid_vertices=0
material group=0 stage=0 alpha_test=0 blend=0 rigid=0 mesh=0 cull=0 depth_write=1 texture=d:\ymir work\monster\stray_dog\stray_dog.dds race=101 file=d:\ymir work\monster\stray_dog\stray_dog.gr2 vid=23161 part=0 category=2 position=36113.1,-58953.1,17767 vertices=682 deform_vertices=682 rigid_vertices=0
submitted: GPU-skinned actor part race=101 file=d:\ymir work\monster\stray_dog\stray_dog.gr2 vid=22861 part=0 category=2 position=35051,-60289,17778.2 vertices=682 deform_vertices=682 rigid_vertices=0
material group=0 stage=0 alpha_test=0 blend=0 rigid=0 mesh=0 cull=0 depth_write=1 texture=d:\ymir work\monster\stray_dog\stray_dog.dds race=101 file=d:\ymir work\monster\stray_dog\stray_dog.gr2 vid=22861 part=0 category=2 position=35051,-60289,17778.2 vertices=682 deform_vertices=682 rigid_vertices=0
submitted: GPU-skinned actor part race=20346 file=d:\ymir work\npc\jinno_patrol_spear\jinno_patrol_spear.gr2 vid=2837 part=0 category=1 position=44300,-65200,17767 vertices=1999 deform_vertices=1645 rigid_vertices=354
material group=0 stage=0 alpha_test=0 blend=0 rigid=0 mesh=0 cull=0 depth_write=1 texture=d:\ymir work\npc\jinno_patrol_spear\jinno_patrol_spear.dds race=20346 file=d:\ymir work\npc\jinno_patrol_spear\jinno_patrol_spear.gr2 vid=2837 part=0 category=1 position=44300,-65200,17767 vertices=1999 deform_vertices=1645 rigid_vertices=354
material group=1 stage=0 alpha_test=0 blend=0 rigid=1 mesh=1 cull=0 depth_write=1 texture=d:\ymir work\npc\sinsu_patrol_bow\sinsu_patrol_weapon.dds race=20346 file=d:\ymir work\npc\jinno_patrol_spear\jinno_patrol_spear.gr2 vid=2837 part=0 category=1 position=44300,-65200,17767 vertices=1999 deform_vertices=1645 rigid_vertices=354
submitted: GPU-skinned actor part race=101 file=d:\ymir work\monster\stray_dog\stray_dog.gr2 vid=23290 part=0 category=2 position=35229,-59405,17767 vertices=682 deform_vertices=682 rigid_vertices=0
material group=0 stage=0 alpha_test=0 blend=0 rigid=0 mesh=0 cull=0 depth_write=1 texture=d:\ymir work\monster\stray_dog\stray_dog.dds race=101 file=d:\ymir work\monster\stray_dog\stray_dog.gr2 vid=23290 part=0 category=2 position=35229,-59405,17767 vertices=682 deform_vertices=682 rigid_vertices=0
submitted: GPU-skinned actor part race=20347 file=d:\ymir work\npc\jinno_patrol_spear\jinno_patrol_spear.gr2 vid=2838 part=0 category=1 position=44300,-65600,17767 vertices=1999 deform_vertices=1645 rigid_vertices=354
material group=0 stage=0 alpha_test=0 blend=0 rigid=0 mesh=0 cull=0 depth_write=1 texture=d:\ymir work\npc\jinno_patrol_spear\jinno_patrol_spear.dds race=20347 file=d:\ymir work\npc\jinno_patrol_spear\jinno_patrol_spear.gr2 vid=2838 part=0 category=1 position=44300,-65600,17767 vertices=1999 deform_vertices=1645 rigid_vertices=354
material group=1 stage=0 alpha_test=0 blend=0 rigid=1 mesh=1 cull=0 depth_write=1 texture=d:\ymir work\npc\sinsu_patrol_bow\sinsu_patrol_weapon.dds race=20347 file=d:\ymir work\npc\jinno_patrol_spear\jinno_patrol_spear.gr2 vid=2838 part=0 category=1 position=44300,-65600,17767 vertices=1999 deform_vertices=1645 rigid_vertices=354
submitted: GPU-skinned actor part race=9003 file=d:\ymir work\npc\goods\goods.gr2 vid=2841 part=0 category=1 position=38300,-69300,17767 vertices=1110 deform_vertices=1110 rigid_vertices=0
material group=0 stage=0 alpha_test=0 blend=0 rigid=0 mesh=0 cull=0 depth_write=1 texture=d:\ymir work\npc\goods\goods.dds race=9003 file=d:\ymir work\npc\goods\goods.gr2 vid=2841 part=0 category=1 position=38300,-69300,17767 vertices=1110 deform_vertices=1110 rigid_vertices=0
submitted: GPU-skinned actor part race=9012 file=d:\ymir work\npc\oldster\oldster.gr2 vid=2870 part=0 category=1 position=43200,-68500,17767 vertices=1763 deform_vertices=1763 rigid_vertices=0
material group=1 stage=0 alpha_test=0 blend=0 rigid=0 mesh=1 cull=0 depth_write=1 texture=d:\ymir work\npc\oldster\oldster.dds race=9012 file=d:\ymir work\npc\oldster\oldster.gr2 vid=2870 part=0 category=1 position=43200,-68500,17767 vertices=1763 deform_vertices=1763 rigid_vertices=0
material group=0 stage=0 alpha_test=0 blend=0 rigid=0 mesh=0 cull=0 depth_write=1 texture=d:\ymir work\npc\oldster\bird.dds race=9012 file=d:\ymir work\npc\oldster\oldster.gr2 vid=2870 part=0 category=1 position=43200,-68500,17767 vertices=1763 deform_vertices=1763 rigid_vertices=0
submitted: GPU-skinned actor part race=20018 file=d:\ymir work\npc\doctor\doctor.gr2 vid=2862 part=0 category=1 position=46473,-61253,17767 vertices=1265 deform_vertices=1265 rigid_vertices=0
material group=0 stage=0 alpha_test=0 blend=0 rigid=0 mesh=0 cull=0 depth_write=1 texture=d:\ymir work\npc\doctor\doctor.dds race=20018 file=d:\ymir work\npc\doctor\doctor.gr2 vid=2862 part=0 category=1 position=46473,-61253,17767 vertices=1265 deform_vertices=1265 rigid_vertices=0
submitted: GPU-skinned actor part race=20095 file=season1\npc\sinseon\sinseon.gr2 vid=2845 part=0 category=1 position=47100,-57600,17816.5 vertices=2378 deform_vertices=2378 rigid_vertices=0
material group=0 stage=0 alpha_test=0 blend=0 rigid=0 mesh=1 cull=0 depth_write=1 texture=season1\npc\sinseon\sinseon.dds race=20095 file=season1\npc\sinseon\sinseon.gr2 vid=2845 part=0 category=1 position=47100,-57600,17816.5 vertices=2378 deform_vertices=2378 rigid_vertices=0
material group=0 stage=0 alpha_test=0 blend=0 rigid=0 mesh=0 cull=0 depth_write=1 texture=season1\npc\sinseon\sinseon.dds race=20095 file=season1\npc\sinseon\sinseon.gr2 vid=2845 part=0 category=1 position=47100,-57600,17816.5 vertices=2378 deform_vertices=2378 rigid_vertices=0
submitted: GPU-skinned actor part race=101 file=d:\ymir work\monster\stray_dog\stray_dog.gr2 vid=22867 part=0 category=2 position=38847.6,-60834.3,17782.8 vertices=682 deform_vertices=682 rigid_vertices=0
material group=0 stage=0 alpha_test=0 blend=0 rigid=0 mesh=0 cull=0 depth_write=1 texture=d:\ymir work\monster\stray_dog\stray_dog.dds race=101 file=d:\ymir work\monster\stray_dog\stray_dog.gr2 vid=22867 part=0 category=2 position=38847.6,-60834.3,17782.8 vertices=682 deform_vertices=682 rigid_vertices=0
submitted: GPU-skinned actor part race=101 file=d:\ymir work\monster\stray_dog\stray_dog.gr2 vid=23139 part=0 category=2 position=38249.1,-58706.1,17767 vertices=682 deform_vertices=682 rigid_vertices=0
material group=0 stage=0 alpha_test=0 blend=0 rigid=0 mesh=0 cull=0 depth_write=1 texture=d:\ymir work\monster\stray_dog\stray_dog.dds race=101 file=d:\ymir work\monster\stray_dog\stray_dog.gr2 vid=23139 part=0 category=2 position=38249.1,-58706.1,17767 vertices=682 deform_vertices=682 rigid_vertices=0
submitted: GPU-skinned actor part race=101 file=d:\ymir work\monster\stray_dog\stray_dog.gr2 vid=22560 part=0 category=2 position=38215,-58640,17767 vertices=682 deform_vertices=682 rigid_vertices=0
material group=0 stage=0 alpha_test=0 blend=0 rigid=0 mesh=0 cull=0 depth_write=1 texture=d:\ymir work\monster\stray_dog\stray_dog.dds race=101 file=d:\ymir work\monster\stray_dog\stray_dog.gr2 vid=22560 part=0 category=2 position=38215,-58640,17767 vertices=682 deform_vertices=682 rigid_vertices=0
submitted: GPU-skinned actor part race=101 file=d:\ymir work\monster\stray_dog\stray_dog.gr2 vid=22864 part=0 category=2 position=38256,-58611,17767 vertices=682 deform_vertices=682 rigid_vertices=0
material group=0 stage=0 alpha_test=0 blend=0 rigid=0 mesh=0 cull=0 depth_write=1 texture=d:\ymir work\monster\stray_dog\stray_dog.dds race=101 file=d:\ymir work\monster\stray_dog\stray_dog.gr2 vid=22864 part=0 category=2 position=38256,-58611,17767 vertices=682 deform_vertices=682 rigid_vertices=0
submitted: GPU-skinned actor part race=101 file=d:\ymir work\monster\stray_dog\stray_dog.gr2 vid=22917 part=0 category=2 position=38180,-58614,17767 vertices=682 deform_vertices=682 rigid_vertices=0
material group=0 stage=0 alpha_test=0 blend=0 rigid=0 mesh=0 cull=0 depth_write=1 texture=d:\ymir work\monster\stray_dog\stray_dog.dds race=101 file=d:\ymir work\monster\stray_dog\stray_dog.gr2 vid=22917 part=0 category=2 position=38180,-58614,17767 vertices=682 deform_vertices=682 rigid_vertices=0
submitted: GPU-skinned actor part race=101 file=d:\ymir work\monster\stray_dog\stray_dog.gr2 vid=23373 part=0 category=2 position=38160,-58561,17767 vertices=682 deform_vertices=682 rigid_vertices=0
material group=0 stage=0 alpha_test=0 blend=0 rigid=0 mesh=0 cull=0 depth_write=1 texture=d:\ymir work\monster\stray_dog\stray_dog.dds race=101 file=d:\ymir work\monster\stray_dog\stray_dog.gr2 vid=23373 part=0 category=2 position=38160,-58561,17767 vertices=682 deform_vertices=682 rigid_vertices=0
submitted: GPU-skinned actor part race=101 file=d:\ymir work\monster\stray_dog\stray_dog.gr2 vid=22543 part=0 category=2 position=38562.5,-59945,17767.7 vertices=682 deform_vertices=682 rigid_vertices=0
material group=0 stage=0 alpha_test=0 blend=0 rigid=0 mesh=0 cull=0 depth_write=1 texture=d:\ymir work\monster\stray_dog\stray_dog.dds race=101 file=d:\ymir work\monster\stray_dog\stray_dog.gr2 vid=22543 part=0 category=2 position=38562.5,-59945,17767.7 vertices=682 deform_vertices=682 rigid_vertices=0
submitted: GPU-skinned actor part race=20114 file=d:\ymir work\npc\lion_white\lion_white.gr2 vid=0 part=0 category=3 position=39682,-61235,17786.3 vertices=4453 deform_vertices=4453 rigid_vertices=0
material group=0 stage=0 alpha_test=0 blend=1 rigid=0 mesh=0 cull=0 depth_write=1 texture=d:\ymir work\npc\lion_white\lion_white.dds race=20114 file=d:\ymir work\npc\lion_white\lion_white.gr2 vid=0 part=0 category=3 position=39682,-61235,17786.3 vertices=4453 deform_vertices=4453 rigid_vertices=0
submitted: GPU-skinned actor part race=0 file=d:\ymir work\pc\warrior\warrior_4-1.gr2 vid=24598 part=0 category=4 position=39682,-61235,17786.3 vertices=2582 deform_vertices=2582 rigid_vertices=0
material group=1 stage=0 alpha_test=0 blend=1 rigid=0 mesh=7 cull=0 depth_write=1 texture=d:\ymir work\pc\warrior\warrior_4-2.dds race=0 file=d:\ymir work\pc\warrior\warrior_4-1.gr2 vid=24598 part=0 category=4 position=39682,-61235,17786.3 vertices=2582 deform_vertices=2582 rigid_vertices=0
material group=1 stage=0 alpha_test=0 blend=1 rigid=0 mesh=6 cull=0 depth_write=1 texture=d:\ymir work\pc\warrior\warrior_4-2.dds race=0 file=d:\ymir work\pc\warrior\warrior_4-1.gr2 vid=24598 part=0 category=4 position=39682,-61235,17786.3 vertices=2582 deform_vertices=2582 rigid_vertices=0
material group=1 stage=0 alpha_test=0 blend=1 rigid=0 mesh=5 cull=0 depth_write=1 texture=d:\ymir work\pc\warrior\warrior_4-2.dds race=0 file=d:\ymir work\pc\warrior\warrior_4-1.gr2 vid=24598 part=0 category=4 position=39682,-61235,17786.3 vertices=2582 deform_vertices=2582 rigid_vertices=0
material group=1 stage=0 alpha_test=0 blend=1 rigid=0 mesh=4 cull=0 depth_write=1 texture=d:\ymir work\pc\warrior\warrior_4-2.dds race=0 file=d:\ymir work\pc\warrior\warrior_4-1.gr2 vid=24598 part=0 category=4 position=39682,-61235,17786.3 vertices=2582 deform_vertices=2582 rigid_vertices=0
material group=1 stage=0 alpha_test=0 blend=1 rigid=0 mesh=3 cull=0 depth_write=1 texture=d:\ymir work\pc\warrior\warrior_4-2.dds race=0 file=d:\ymir work\pc\warrior\warrior_4-1.gr2 vid=24598 part=0 category=4 position=39682,-61235,17786.3 vertices=2582 deform_vertices=2582 rigid_vertices=0
material group=1 stage=0 alpha_test=0 blend=1 rigid=0 mesh=2 cull=0 depth_write=1 texture=d:\ymir work\pc\warrior\warrior_4-2.dds race=0 file=d:\ymir work\pc\warrior\warrior_4-1.gr2 vid=24598 part=0 category=4 position=39682,-61235,17786.3 vertices=2582 deform_vertices=2582 rigid_vertices=0
material group=1 stage=0 alpha_test=0 blend=1 rigid=0 mesh=1 cull=0 depth_write=1 texture=d:\ymir work\pc\warrior\warrior_4-2.dds race=0 file=d:\ymir work\pc\warrior\warrior_4-1.gr2 vid=24598 part=0 category=4 position=39682,-61235,17786.3 vertices=2582 deform_vertices=2582 rigid_vertices=0
material group=0 stage=0 alpha_test=0 blend=1 rigid=0 mesh=0 cull=0 depth_write=1 texture=d:\ymir work\pc\warrior\warrior_face.dds race=0 file=d:\ymir work\pc\warrior\warrior_4-1.gr2 vid=24598 part=0 category=4 position=39682,-61235,17786.3 vertices=2582 deform_vertices=2582 rigid_vertices=0
submitted: rigid attachment race=0 file=d:\ymir work\pc\warrior\warrior_4-1.gr2 vid=24598 part=1 category=4 position=39682,-61235,17786.3 vertices=625 deform_vertices=0 rigid_vertices=625
material group=0 stage=0 alpha_test=0 blend=1 rigid=1 mesh=0 cull=0 depth_write=1 texture=d:\ymir work\item\weapon\weapon_choegogeup01_01.dds race=0 file=d:\ymir work\pc\warrior\warrior_4-1.gr2 vid=24598 part=1 category=4 position=39682,-61235,17786.3 vertices=625 deform_vertices=0 rigid_vertices=625
submitted: GPU-skinned actor part race=0 file=d:\ymir work\pc\warrior\warrior_4-1.gr2 vid=24598 part=4 category=4 position=39682,-61235,17786.3 vertices=427 deform_vertices=427 rigid_vertices=0
material group=0 stage=0 alpha_test=0 blend=1 rigid=0 mesh=0 cull=0 depth_write=1 texture=d:\ymir work\pc\warrior\warrior_hair_01.dds race=0 file=d:\ymir work\pc\warrior\warrior_4-1.gr2 vid=24598 part=4 category=4 position=39682,-61235,17786.3 vertices=427 deform_vertices=427 rigid_vertices=0
material group=0 stage=0 alpha_test=0 blend=0 rigid=0 mesh=0 cull=0 depth_write=1 texture=d:\ymir work\npc\lion_white\lion_white.dds race=20114 file=d:\ymir work\npc\lion_white\lion_white.gr2 vid=0 part=0 category=3 position=39682,-61235,17786.3 vertices=4453 deform_vertices=4453 rigid_vertices=0
submitted: GPU-skinned actor part race=101 file=d:\ymir work\monster\stray_dog\stray_dog.gr2 vid=22932 part=0 category=2 position=38543,-59889,17767.4 vertices=682 deform_vertices=682 rigid_vertices=0
material group=0 stage=0 alpha_test=0 blend=0 rigid=0 mesh=0 cull=0 depth_write=1 texture=d:\ymir work\monster\stray_dog\stray_dog.dds race=101 file=d:\ymir work\monster\stray_dog\stray_dog.gr2 vid=22932 part=0 category=2 position=38543,-59889,17767.4 vertices=682 deform_vertices=682 rigid_vertices=0
submitted: GPU-skinned actor part race=101 file=d:\ymir work\monster\stray_dog\stray_dog.gr2 vid=22850 part=0 category=2 position=39474,-58201,17767 vertices=682 deform_vertices=682 rigid_vertices=0
material group=0 stage=0 alpha_test=0 blend=0 rigid=0 mesh=0 cull=0 depth_write=1 texture=d:\ymir work\monster\stray_dog\stray_dog.dds race=101 file=d:\ymir work\monster\stray_dog\stray_dog.gr2 vid=22850 part=0 category=2 position=39474,-58201,17767 vertices=682 deform_vertices=682 rigid_vertices=0
submitted: GPU-skinned actor part race=101 file=d:\ymir work\monster\stray_dog\stray_dog.gr2 vid=23164 part=0 category=2 position=39059,-58187,17767 vertices=682 deform_vertices=682 rigid_vertices=0
material group=0 stage=0 alpha_test=0 blend=0 rigid=0 mesh=0 cull=0 depth_write=1 texture=d:\ymir work\monster\stray_dog\stray_dog.dds race=101 file=d:\ymir work\monster\stray_dog\stray_dog.gr2 vid=23164 part=0 category=2 position=39059,-58187,17767 vertices=682 deform_vertices=682 rigid_vertices=0
submitted: GPU-skinned actor part race=101 file=d:\ymir work\monster\stray_dog\stray_dog.gr2 vid=23387 part=0 category=2 position=38010,-58165,17767 vertices=682 deform_vertices=682 rigid_vertices=0
material group=0 stage=0 alpha_test=0 blend=0 rigid=0 mesh=0 cull=0 depth_write=1 texture=d:\ymir work\monster\stray_dog\stray_dog.dds race=101 file=d:\ymir work\monster\stray_dog\stray_dog.gr2 vid=23387 part=0 category=2 position=38010,-58165,17767 vertices=682 deform_vertices=682 rigid_vertices=0
submitted: GPU-skinned actor part race=101 file=d:\ymir work\monster\stray_dog\stray_dog.gr2 vid=22474 part=0 category=2 position=39198,-61975,17829.4 vertices=499 deform_vertices=499 rigid_vertices=0
material group=0 stage=0 alpha_test=0 blend=0 rigid=0 mesh=0 cull=0 depth_write=1 texture=d:\ymir work\monster\stray_dog\stray_dog.dds race=101 file=d:\ymir work\monster\stray_dog\stray_dog.gr2 vid=22474 part=0 category=2 position=39198,-61975,17829.4 vertices=499 deform_vertices=499 rigid_vertices=0
submitted: GPU-skinned actor part race=101 file=d:\ymir work\monster\stray_dog\stray_dog.gr2 vid=22926 part=0 category=2 position=39081,-61608,17813.5 vertices=499 deform_vertices=499 rigid_vertices=0
material group=0 stage=0 alpha_test=0 blend=0 rigid=0 mesh=0 cull=0 depth_write=1 texture=d:\ymir work\monster\stray_dog\stray_dog.dds race=101 file=d:\ymir work\monster\stray_dog\stray_dog.gr2 vid=22926 part=0 category=2 position=39081,-61608,17813.5 vertices=499 deform_vertices=499 rigid_vertices=0
submitted: GPU-skinned actor part race=101 file=d:\ymir work\monster\stray_dog\stray_dog.gr2 vid=23412 part=0 category=2 position=38512,-59830,17767.2 vertices=682 deform_vertices=682 rigid_vertices=0
material group=0 stage=0 alpha_test=0 blend=0 rigid=0 mesh=0 cull=0 depth_write=1 texture=d:\ymir work\monster\stray_dog\stray_dog.dds race=101 file=d:\ymir work\monster\stray_dog\stray_dog.gr2 vid=23412 part=0 category=2 position=38512,-59830,17767.2 vertices=682 deform_vertices=682 rigid_vertices=0
submitted: GPU-skinned actor part race=101 file=d:\ymir work\monster\stray_dog\stray_dog.gr2 vid=23061 part=0 category=2 position=38529,-58138,17767 vertices=682 deform_vertices=682 rigid_vertices=0
material group=0 stage=0 alpha_test=0 blend=0 rigid=0 mesh=0 cull=0 depth_write=1 texture=d:\ymir work\monster\stray_dog\stray_dog.dds race=101 file=d:\ymir work\monster\stray_dog\stray_dog.gr2 vid=23061 part=0 category=2 position=38529,-58138,17767 vertices=682 deform_vertices=682 rigid_vertices=0
submitted: GPU-skinned actor part race=101 file=d:\ymir work\monster\stray_dog\stray_dog.gr2 vid=22533 part=0 category=2 position=38528,-58136,17767 vertices=682 deform_vertices=682 rigid_vertices=0
material group=0 stage=0 alpha_test=0 blend=0 rigid=0 mesh=0 cull=0 depth_write=1 texture=d:\ymir work\monster\stray_dog\stray_dog.dds race=101 file=d:\ymir work\monster\stray_dog\stray_dog.gr2 vid=22533 part=0 category=2 position=38528,-58136,17767 vertices=682 deform_vertices=682 rigid_vertices=0
submitted: GPU-skinned actor part race=101 file=d:\ymir work\monster\stray_dog\stray_dog.gr2 vid=22926 part=0 category=2 position=39081,-61608,17813.5 vertices=682 deform_vertices=682 rigid_vertices=0
material group=0 stage=0 alpha_test=0 blend=0 rigid=0 mesh=0 cull=0 depth_write=1 texture=d:\ymir work\monster\stray_dog\stray_dog.dds race=101 file=d:\ymir work\monster\stray_dog\stray_dog.gr2 vid=22926 part=0 category=2 position=39081,-61608,17813.5 vertices=682 deform_vertices=682 rigid_vertices=0
submitted: GPU-skinned actor part race=101 file=d:\ymir work\monster\stray_dog\stray_dog.gr2 vid=22581 part=0 category=2 position=38035,-58415,17767 vertices=682 deform_vertices=682 rigid_vertices=0
material group=0 stage=0 alpha_test=0 blend=0 rigid=0 mesh=0 cull=0 depth_write=1 texture=d:\ymir work\monster\stray_dog\stray_dog.dds race=101 file=d:\ymir work\monster\stray_dog\stray_dog.gr2 vid=22581 part=0 category=2 position=38035,-58415,17767 vertices=682 deform_vertices=682 rigid_vertices=0
submitted: GPU-skinned actor part race=101 file=d:\ymir work\monster\stray_dog\stray_dog.gr2 vid=23329 part=0 category=2 position=38379,-59510,17767 vertices=682 deform_vertices=682 rigid_vertices=0
material group=0 stage=0 alpha_test=0 blend=0 rigid=0 mesh=0 cull=0 depth_write=1 texture=d:\ymir work\monster\stray_dog\stray_dog.dds race=101 file=d:\ymir work\monster\stray_dog\stray_dog.gr2 vid=23329 part=0 category=2 position=38379,-59510,17767 vertices=682 deform_vertices=682 rigid_vertices=0
submitted: GPU-skinned actor part race=101 file=d:\ymir work\monster\stray_dog\stray_dog.gr2 vid=23039 part=0 category=2 position=38732,-60626,17777.6 vertices=682 deform_vertices=682 rigid_vertices=0
material group=0 stage=0 alpha_test=0 blend=0 rigid=0 mesh=0 cull=0 depth_write=1 texture=d:\ymir work\monster\stray_dog\stray_dog.dds race=101 file=d:\ymir work\monster\stray_dog\stray_dog.gr2 vid=23039 part=0 category=2 position=38732,-60626,17777.6 vertices=682 deform_vertices=682 rigid_vertices=0
submitted: GPU-skinned actor part race=101 file=d:\ymir work\monster\stray_dog\stray_dog.gr2 vid=22889 part=0 category=2 position=38096,-58610,17767 vertices=682 deform_vertices=682 rigid_vertices=0
material group=0 stage=0 alpha_test=0 blend=0 rigid=0 mesh=0 cull=0 depth_write=1 texture=d:\ymir work\monster\stray_dog\stray_dog.dds race=101 file=d:\ymir work\monster\stray_dog\stray_dog.gr2 vid=22889 part=0 category=2 position=38096,-58610,17767 vertices=682 deform_vertices=682 rigid_vertices=0
submitted: GPU-skinned actor part race=101 file=d:\ymir work\monster\stray_dog\stray_dog.gr2 vid=22829 part=0 category=2 position=38411,-59638,17767 vertices=682 deform_vertices=682 rigid_vertices=0
material group=0 stage=0 alpha_test=0 blend=0 rigid=0 mesh=0 cull=0 depth_write=1 texture=d:\ymir work\monster\stray_dog\stray_dog.dds race=101 file=d:\ymir work\monster\stray_dog\stray_dog.gr2 vid=22829 part=0 category=2 position=38411,-59638,17767 vertices=682 deform_vertices=682 rigid_vertices=0
submitted: GPU-skinned actor part race=101 file=d:\ymir work\monster\stray_dog\stray_dog.gr2 vid=23291 part=0 category=2 position=38102,-58703,17767 vertices=682 deform_vertices=682 rigid_vertices=0
material group=0 stage=0 alpha_test=0 blend=0 rigid=0 mesh=0 cull=0 depth_write=1 texture=d:\ymir work\monster\stray_dog\stray_dog.dds race=101 file=d:\ymir work\monster\stray_dog\stray_dog.gr2 vid=23291 part=0 category=2 position=38102,-58703,17767 vertices=682 deform_vertices=682 rigid_vertices=0
submitted: GPU-skinned actor part race=101 file=d:\ymir work\monster\stray_dog\stray_dog.gr2 vid=23248 part=0 category=2 position=38074,-58594,17767 vertices=682 deform_vertices=682 rigid_vertices=0
material group=0 stage=0 alpha_test=0 blend=0 rigid=0 mesh=0 cull=0 depth_write=1 texture=d:\ymir work\monster\stray_dog\stray_dog.dds race=101 file=d:\ymir work\monster\stray_dog\stray_dog.gr2 vid=23248 part=0 category=2 position=38074,-58594,17767 vertices=682 deform_vertices=682 rigid_vertices=0
submitted: GPU-skinned actor part race=101 file=d:\ymir work\monster\stray_dog\stray_dog.gr2 vid=22830 part=0 category=2 position=39650,-62064,17820.6 vertices=499 deform_vertices=499 rigid_vertices=0
material group=0 stage=0 alpha_test=0 blend=0 rigid=0 mesh=0 cull=0 depth_write=1 texture=d:\ymir work\monster\stray_dog\stray_dog.dds race=101 file=d:\ymir work\monster\stray_dog\stray_dog.gr2 vid=22830 part=0 category=2 position=39650,-62064,17820.6 vertices=499 deform_vertices=499 rigid_vertices=0
submitted: GPU-skinned actor part race=101 file=d:\ymir work\monster\stray_dog\stray_dog.gr2 vid=23068 part=0 category=2 position=39189,-57958,17767 vertices=682 deform_vertices=682 rigid_vertices=0
material group=0 stage=0 alpha_test=0 blend=0 rigid=0 mesh=0 cull=0 depth_write=1 texture=d:\ymir work\monster\stray_dog\stray_dog.dds race=101 file=d:\ymir work\monster\stray_dog\stray_dog.gr2 vid=23068 part=0 category=2 position=39189,-57958,17767 vertices=682 deform_vertices=682 rigid_vertices=0
submitted: GPU-skinned actor part race=101 file=d:\ymir work\monster\stray_dog\stray_dog.gr2 vid=22722 part=0 category=2 position=38652,-57980,17767 vertices=682 deform_vertices=682 rigid_vertices=0
material group=0 stage=0 alpha_test=0 blend=0 rigid=0 mesh=0 cull=0 depth_write=1 texture=d:\ymir work\monster\stray_dog\stray_dog.dds race=101 file=d:\ymir work\monster\stray_dog\stray_dog.gr2 vid=22722 part=0 category=2 position=38652,-57980,17767 vertices=682 deform_vertices=682 rigid_vertices=0
submitted: GPU-skinned actor part race=101 file=d:\ymir work\monster\stray_dog\stray_dog.gr2 vid=22602 part=0 category=2 position=37902,-58101,17767 vertices=682 deform_vertices=682 rigid_vertices=0
material group=0 stage=0 alpha_test=0 blend=0 rigid=0 mesh=0 cull=0 depth_write=1 texture=d:\ymir work\monster\stray_dog\stray_dog.dds race=101 file=d:\ymir work\monster\stray_dog\stray_dog.gr2 vid=22602 part=0 category=2 position=37902,-58101,17767 vertices=682 deform_vertices=682 rigid_vertices=0
submitted: GPU-skinned actor part race=101 file=d:\ymir work\monster\stray_dog\stray_dog.gr2 vid=23259 part=0 category=2 position=38077,-58668,17767 vertices=682 deform_vertices=682 rigid_vertices=0
material group=0 stage=0 alpha_test=0 blend=0 rigid=0 mesh=0 cull=0 depth_write=1 texture=d:\ymir work\monster\stray_dog\stray_dog.dds race=101 file=d:\ymir work\monster\stray_dog\stray_dog.gr2 vid=23259 part=0 category=2 position=38077,-58668,17767 vertices=682 deform_vertices=682 rigid_vertices=0
submitted: GPU-skinned actor part race=101 file=d:\ymir work\monster\stray_dog\stray_dog.gr2 vid=23080 part=0 category=2 position=39064,-61760,17821.6 vertices=682 deform_vertices=682 rigid_vertices=0
material group=0 stage=0 alpha_test=0 blend=0 rigid=0 mesh=0 cull=0 depth_write=1 texture=d:\ymir work\monster\stray_dog\stray_dog.dds race=101 file=d:\ymir work\monster\stray_dog\stray_dog.gr2 vid=23080 part=0 category=2 position=39064,-61760,17821.6 vertices=682 deform_vertices=682 rigid_vertices=0
submitted: GPU-skinned actor part race=101 file=d:\ymir work\monster\stray_dog\stray_dog.gr2 vid=22656 part=0 category=2 position=38806,-60974,17788 vertices=682 deform_vertices=682 rigid_vertices=0
material group=0 stage=0 alpha_test=0 blend=0 rigid=0 mesh=0 cull=0 depth_write=1 texture=d:\ymir work\monster\stray_dog\stray_dog.dds race=101 file=d:\ymir work\monster\stray_dog\stray_dog.gr2 vid=22656 part=0 category=2 position=38806,-60974,17788 vertices=682 deform_vertices=682 rigid_vertices=0
submitted: GPU-skinned actor part race=101 file=d:\ymir work\monster\stray_dog\stray_dog.gr2 vid=23002 part=0 category=2 position=38055,-58629,17767 vertices=682 deform_vertices=682 rigid_vertices=0
material group=0 stage=0 alpha_test=0 blend=0 rigid=0 mesh=0 cull=0 depth_write=1 texture=d:\ymir work\monster\stray_dog\stray_dog.dds race=101 file=d:\ymir work\monster\stray_dog\stray_dog.gr2 vid=23002 part=0 category=2 position=38055,-58629,17767 vertices=682 deform_vertices=682 rigid_vertices=0
submitted: GPU-skinned actor part race=101 file=d:\ymir work\monster\stray_dog\stray_dog.gr2 vid=22770 part=0 category=2 position=38627,-57904,17767 vertices=682 deform_vertices=682 rigid_vertices=0
material group=0 stage=0 alpha_test=0 blend=0 rigid=0 mesh=0 cull=0 depth_write=1 texture=d:\ymir work\monster\stray_dog\stray_dog.dds race=101 file=d:\ymir work\monster\stray_dog\stray_dog.gr2 vid=22770 part=0 category=2 position=38627,-57904,17767 vertices=682 deform_vertices=682 rigid_vertices=0
submitted: GPU-skinned actor part race=101 file=d:\ymir work\monster\stray_dog\stray_dog.gr2 vid=22944 part=0 category=2 position=38296,-59403,17767 vertices=682 deform_vertices=682 rigid_vertices=0
material group=0 stage=0 alpha_test=0 blend=0 rigid=0 mesh=0 cull=0 depth_write=1 texture=d:\ymir work\monster\stray_dog\stray_dog.dds race=101 file=d:\ymir work\monster\stray_dog\stray_dog.gr2 vid=22944 part=0 category=2 position=38296,-59403,17767 vertices=682 deform_vertices=682 rigid_vertices=0
submitted: GPU-skinned actor part race=101 file=d:\ymir work\monster\stray_dog\stray_dog.gr2 vid=23133 part=0 category=2 position=38286,-59379,17767 vertices=682 deform_vertices=682 rigid_vertices=0
material group=0 stage=0 alpha_test=0 blend=0 rigid=0 mesh=0 cull=0 depth_write=1 texture=d:\ymir work\monster\stray_dog\stray_dog.dds race=101 file=d:\ymir work\monster\stray_dog\stray_dog.gr2 vid=23133 part=0 category=2 position=38286,-59379,17767 vertices=682 deform_vertices=682 rigid_vertices=0
submitted: GPU-skinned actor part race=101 file=d:\ymir work\monster\stray_dog\stray_dog.gr2 vid=23355 part=0 category=2 position=38007,-57874,17767 vertices=682 deform_vertices=682 rigid_vertices=0
material group=0 stage=0 alpha_test=0 blend=0 rigid=0 mesh=0 cull=0 depth_write=1 texture=d:\ymir work\monster\stray_dog\stray_dog.dds race=101 file=d:\ymir work\monster\stray_dog\stray_dog.gr2 vid=23355 part=0 category=2 position=38007,-57874,17767 vertices=682 deform_vertices=682 rigid_vertices=0
submitted: GPU-skinned actor part race=101 file=d:\ymir work\monster\stray_dog\stray_dog.gr2 vid=22652 part=0 category=2 position=38610,-60417,17773.3 vertices=682 deform_vertices=682 rigid_vertices=0
material group=0 stage=0 alpha_test=0 blend=0 rigid=0 mesh=0 cull=0 depth_write=1 texture=d:\ymir work\monster\stray_dog\stray_dog.dds race=101 file=d:\ymir work\monster\stray_dog\stray_dog.gr2 vid=22652 part=0 category=2 position=38610,-60417,17773.3 vertices=682 deform_vertices=682 rigid_vertices=0
submitted: GPU-skinned actor part race=101 file=d:\ymir work\monster\stray_dog\stray_dog.gr2 vid=22466 part=0 category=2 position=39103,-61948,17830.1 vertices=499 deform_vertices=499 rigid_vertices=0
material group=0 stage=0 alpha_test=0 blend=0 rigid=0 mesh=0 cull=0 depth_write=1 texture=d:\ymir work\monster\stray_dog\stray_dog.dds race=101 file=d:\ymir work\monster\stray_dog\stray_dog.gr2 vid=22466 part=0 category=2 position=39103,-61948,17830.1 vertices=499 deform_vertices=499 rigid_vertices=0
submitted: GPU-skinned actor part race=101 file=d:\ymir work\monster\stray_dog\stray_dog.gr2 vid=23120 part=0 category=2 position=38507,-60128,17769.3 vertices=682 deform_vertices=682 rigid_vertices=0
material group=0 stage=0 alpha_test=0 blend=0 rigid=0 mesh=0 cull=0 depth_write=1 texture=d:\ymir work\monster\stray_dog\stray_dog.dds race=101 file=d:\ymir work\monster\stray_dog\stray_dog.gr2 vid=23120 part=0 category=2 position=38507,-60128,17769.3 vertices=682 deform_vertices=682 rigid_vertices=0
submitted: GPU-skinned actor part race=101 file=d:\ymir work\monster\stray_dog\stray_dog.gr2 vid=22749 part=0 category=2 position=41073,-59437,17767 vertices=682 deform_vertices=682 rigid_vertices=0
material group=0 stage=0 alpha_test=0 blend=0 rigid=0 mesh=0 cull=0 depth_write=1 texture=d:\ymir work\monster\stray_dog\stray_dog.dds race=101 file=d:\ymir work\monster\stray_dog\stray_dog.gr2 vid=22749 part=0 category=2 position=41073,-59437,17767 vertices=682 deform_vertices=682 rigid_vertices=0
submitted: GPU-skinned actor part race=101 file=d:\ymir work\monster\stray_dog\stray_dog.gr2 vid=23353 part=0 category=2 position=38150,-58973,17767 vertices=682 deform_vertices=682 rigid_vertices=0
material group=0 stage=0 alpha_test=0 blend=0 rigid=0 mesh=0 cull=0 depth_write=1 texture=d:\ymir work\monster\stray_dog\stray_dog.dds race=101 file=d:\ymir work\monster\stray_dog\stray_dog.gr2 vid=23353 part=0 category=2 position=38150,-58973,17767 vertices=682 deform_vertices=682 rigid_vertices=0
submitted: GPU-skinned actor part race=101 file=d:\ymir work\monster\stray_dog\stray_dog.gr2 vid=23289 part=0 category=2 position=39115,-57848,17767 vertices=682 deform_vertices=682 rigid_vertices=0
material group=0 stage=0 alpha_test=0 blend=0 rigid=0 mesh=0 cull=0 depth_write=1 texture=d:\ymir work\monster\stray_dog\stray_dog.dds race=101 file=d:\ymir work\monster\stray_dog\stray_dog.gr2 vid=23289 part=0 category=2 position=39115,-57848,17767 vertices=682 deform_vertices=682 rigid_vertices=0
submitted: GPU-skinned actor part race=101 file=d:\ymir work\monster\stray_dog\stray_dog.gr2 vid=23030 part=0 category=2 position=38550,-57840,17767 vertices=682 deform_vertices=682 rigid_vertices=0
material group=0 stage=0 alpha_test=0 blend=0 rigid=0 mesh=0 cull=0 depth_write=1 texture=d:\ymir work\monster\stray_dog\stray_dog.dds race=101 file=d:\ymir work\monster\stray_dog\stray_dog.gr2 vid=23030 part=0 category=2 position=38550,-57840,17767 vertices=682 deform_vertices=682 rigid_vertices=0
submitted: GPU-skinned actor part race=101 file=d:\ymir work\monster\stray_dog\stray_dog.gr2 vid=22540 part=0 category=2 position=38119,-57840,17767 vertices=682 deform_vertices=682 rigid_vertices=0
material group=0 stage=0 alpha_test=0 blend=0 rigid=0 mesh=0 cull=0 depth_write=1 texture=d:\ymir work\monster\stray_dog\stray_dog.dds race=101 file=d:\ymir work\monster\stray_dog\stray_dog.gr2 vid=22540 part=0 category=2 position=38119,-57840,17767 vertices=682 deform_vertices=682 rigid_vertices=0
submitted: GPU-skinned actor part race=101 file=d:\ymir work\monster\stray_dog\stray_dog.gr2 vid=22860 part=0 category=2 position=38547,-60282,17771.4 vertices=682 deform_vertices=682 rigid_vertices=0
material group=0 stage=0 alpha_test=0 blend=0 rigid=0 mesh=0 cull=0 depth_write=1 texture=d:\ymir work\monster\stray_dog\stray_dog.dds race=101 file=d:\ymir work\monster\stray_dog\stray_dog.gr2 vid=22860 part=0 category=2 position=38547,-60282,17771.4 vertices=682 deform_vertices=682 rigid_vertices=0
submitted: GPU-skinned actor part race=101 file=d:\ymir work\monster\stray_dog\stray_dog.gr2 vid=23196 part=0 category=2 position=38142,-59002,17767 vertices=682 deform_vertices=682 rigid_vertices=0
material group=0 stage=0 alpha_test=0 blend=0 rigid=0 mesh=0 cull=0 depth_write=1 texture=d:\ymir work\monster\stray_dog\stray_dog.dds race=101 file=d:\ymir work\monster\stray_dog\stray_dog.gr2 vid=23196 part=0 category=2 position=38142,-59002,17767 vertices=682 deform_vertices=682 rigid_vertices=0
submitted: GPU-skinned actor part race=101 file=d:\ymir work\monster\stray_dog\stray_dog.gr2 vid=22948 part=0 category=2 position=38770,-57829,17767 vertices=682 deform_vertices=682 rigid_vertices=0
material group=0 stage=0 alpha_test=0 blend=0 rigid=0 mesh=0 cull=0 depth_write=1 texture=d:\ymir work\monster\stray_dog\stray_dog.dds race=101 file=d:\ymir work\monster\stray_dog\stray_dog.gr2 vid=22948 part=0 category=2 position=38770,-57829,17767 vertices=682 deform_vertices=682 rigid_vertices=0
submitted: GPU-skinned actor part race=101 file=d:\ymir work\monster\stray_dog\stray_dog.gr2 vid=22466 part=0 category=2 position=39103,-61948,17830.1 vertices=682 deform_vertices=682 rigid_vertices=0
material group=0 stage=0 alpha_test=0 blend=0 rigid=0 mesh=0 cull=0 depth_write=1 texture=d:\ymir work\monster\stray_dog\stray_dog.dds race=101 file=d:\ymir work\monster\stray_dog\stray_dog.gr2 vid=22466 part=0 category=2 position=39103,-61948,17830.1 vertices=682 deform_vertices=682 rigid_vertices=0
submitted: GPU-skinned actor part race=101 file=d:\ymir work\monster\stray_dog\stray_dog.gr2 vid=22761 part=0 category=2 position=38406,-59856,17767.3 vertices=682 deform_vertices=682 rigid_vertices=0
material group=0 stage=0 alpha_test=0 blend=0 rigid=0 mesh=0 cull=0 depth_write=1 texture=d:\ymir work\monster\stray_dog\stray_dog.dds race=101 file=d:\ymir work\monster\stray_dog\stray_dog.gr2 vid=22761 part=0 category=2 position=38406,-59856,17767.3 vertices=682 deform_vertices=682 rigid_vertices=0
submitted: GPU-skinned actor part race=101 file=d:\ymir work\monster\stray_dog\stray_dog.gr2 vid=22471 part=0 category=2 position=39202,-61927,17827 vertices=682 deform_vertices=682 rigid_vertices=0
material group=0 stage=0 alpha_test=0 blend=0 rigid=0 mesh=0 cull=0 depth_write=1 texture=d:\ymir work\monster\stray_dog\stray_dog.dds race=101 file=d:\ymir work\monster\stray_dog\stray_dog.gr2 vid=22471 part=0 category=2 position=39202,-61927,17827 vertices=682 deform_vertices=682 rigid_vertices=0
submitted: GPU-skinned actor part race=101 file=d:\ymir work\monster\stray_dog\stray_dog.gr2 vid=22622 part=0 category=2 position=40564,-61109,17771.6 vertices=682 deform_vertices=682 rigid_vertices=0
material group=0 stage=0 alpha_test=0 blend=0 rigid=0 mesh=0 cull=0 depth_write=1 texture=d:\ymir work\monster\stray_dog\stray_dog.dds race=101 file=d:\ymir work\monster\stray_dog\stray_dog.gr2 vid=22622 part=0 category=2 position=40564,-61109,17771.6 vertices=682 deform_vertices=682 rigid_vertices=0
submitted: GPU-skinned actor part race=101 file=d:\ymir work\monster\stray_dog\stray_dog.gr2 vid=23119 part=0 category=2 position=38671,-60741,17781.2 vertices=682 deform_vertices=682 rigid_vertices=0
material group=0 stage=0 alpha_test=0 blend=0 rigid=0 mesh=0 cull=0 depth_write=1 texture=d:\ymir work\monster\stray_dog\stray_dog.dds race=101 file=d:\ymir work\monster\stray_dog\stray_dog.gr2 vid=23119 part=0 category=2 position=38671,-60741,17781.2 vertices=682 deform_vertices=682 rigid_vertices=0
submitted: GPU-skinned actor part race=101 file=d:\ymir work\monster\stray_dog\stray_dog.gr2 vid=23394 part=0 category=2 position=38453,-60066,17768.7 vertices=682 deform_vertices=682 rigid_vertices=0
material group=0 stage=0 alpha_test=0 blend=0 rigid=0 mesh=0 cull=0 depth_write=1 texture=d:\ymir work\monster\stray_dog\stray_dog.dds race=101 file=d:\ymir work\monster\stray_dog\stray_dog.gr2 vid=23394 part=0 category=2 position=38453,-60066,17768.7 vertices=682 deform_vertices=682 rigid_vertices=0
submitted: GPU-skinned actor part race=101 file=d:\ymir work\monster\stray_dog\stray_dog.gr2 vid=23261 part=0 category=2 position=38400,-59879,17767.4 vertices=682 deform_vertices=682 rigid_vertices=0
material group=0 stage=0 alpha_test=0 blend=0 rigid=0 mesh=0 cull=0 depth_write=1 texture=d:\ymir work\monster\stray_dog\stray_dog.dds race=101 file=d:\ymir work\monster\stray_dog\stray_dog.gr2 vid=23261 part=0 category=2 position=38400,-59879,17767.4 vertices=682 deform_vertices=682 rigid_vertices=0
submitted: GPU-skinned actor part race=101 file=d:\ymir work\monster\stray_dog\stray_dog.gr2 vid=22949 part=0 category=2 position=38139,-59071,17767 vertices=682 deform_vertices=682 rigid_vertices=0
material group=0 stage=0 alpha_test=0 blend=0 rigid=0 mesh=0 cull=0 depth_write=1 texture=d:\ymir work\monster\stray_dog\stray_dog.dds race=101 file=d:\ymir work\monster\stray_dog\stray_dog.gr2 vid=22949 part=0 category=2 position=38139,-59071,17767 vertices=682 deform_vertices=682 rigid_vertices=0
submitted: GPU-skinned actor part race=101 file=d:\ymir work\monster\stray_dog\stray_dog.gr2 vid=23171 part=0 category=2 position=37961,-58508,17767 vertices=682 deform_vertices=682 rigid_vertices=0
material group=0 stage=0 alpha_test=0 blend=0 rigid=0 mesh=0 cull=0 depth_write=1 texture=d:\ymir work\monster\stray_dog\stray_dog.dds race=101 file=d:\ymir work\monster\stray_dog\stray_dog.gr2 vid=23171 part=0 category=2 position=37961,-58508,17767 vertices=682 deform_vertices=682 rigid_vertices=0
submitted: GPU-skinned actor part race=101 file=d:\ymir work\monster\stray_dog\stray_dog.gr2 vid=22474 part=0 category=2 position=39198,-61975,17829.4 vertices=682 deform_vertices=682 rigid_vertices=0
material group=0 stage=0 alpha_test=0 blend=0 rigid=0 mesh=0 cull=0 depth_write=1 texture=d:\ymir work\monster\stray_dog\stray_dog.dds race=101 file=d:\ymir work\monster\stray_dog\stray_dog.gr2 vid=22474 part=0 category=2 position=39198,-61975,17829.4 vertices=682 deform_vertices=682 rigid_vertices=0
submitted: GPU-skinned actor part race=101 file=d:\ymir work\monster\stray_dog\stray_dog.gr2 vid=23381 part=0 category=2 position=38100,-59000,17767 vertices=682 deform_vertices=682 rigid_vertices=0
material group=0 stage=0 alpha_test=0 blend=0 rigid=0 mesh=0 cull=0 depth_write=1 texture=d:\ymir work\monster\stray_dog\stray_dog.dds race=101 file=d:\ymir work\monster\stray_dog\stray_dog.gr2 vid=23381 part=0 category=2 position=38100,-59000,17767 vertices=682 deform_vertices=682 rigid_vertices=0
submitted: GPU-skinned actor part race=101 file=d:\ymir work\monster\stray_dog\stray_dog.gr2 vid=23396 part=0 category=2 position=38624,-60655,17779 vertices=682 deform_vertices=682 rigid_vertices=0
material group=0 stage=0 alpha_test=0 blend=0 rigid=0 mesh=0 cull=0 depth_write=1 texture=d:\ymir work\monster\stray_dog\stray_dog.dds race=101 file=d:\ymir work\monster\stray_dog\stray_dog.gr2 vid=23396 part=0 category=2 position=38624,-60655,17779 vertices=682 deform_vertices=682 rigid_vertices=0
submitted: GPU-skinned actor part race=20003 file=d:\ymir work\npc\baby_and_mom\baby_and_mom.gr2 vid=2858 part=0 category=1 position=37776,-57791,17767 vertices=1826 deform_vertices=1826 rigid_vertices=0
material group=0 stage=0 alpha_test=0 blend=0 rigid=0 mesh=1 cull=0 depth_write=1 texture=d:\ymir work\npc\baby_and_mom\baby_and_mom.dds race=20003 file=d:\ymir work\npc\baby_and_mom\baby_and_mom.gr2 vid=2858 part=0 category=1 position=37776,-57791,17767 vertices=1826 deform_vertices=1826 rigid_vertices=0
material group=0 stage=0 alpha_test=0 blend=0 rigid=0 mesh=0 cull=0 depth_write=1 texture=d:\ymir work\npc\baby_and_mom\baby_and_mom.dds race=20003 file=d:\ymir work\npc\baby_and_mom\baby_and_mom.gr2 vid=2858 part=0 category=1 position=37776,-57791,17767 vertices=1826 deform_vertices=1826 rigid_vertices=0
submitted: GPU-skinned actor part race=101 file=d:\ymir work\monster\stray_dog\stray_dog.gr2 vid=23374 part=0 category=2 position=38726,-61000,17789.6 vertices=682 deform_vertices=682 rigid_vertices=0
material group=0 stage=0 alpha_test=0 blend=0 rigid=0 mesh=0 cull=0 depth_write=1 texture=d:\ymir work\monster\stray_dog\stray_dog.dds race=101 file=d:\ymir work\monster\stray_dog\stray_dog.gr2 vid=23374 part=0 category=2 position=38726,-61000,17789.6 vertices=682 deform_vertices=682 rigid_vertices=0
submitted: GPU-skinned actor part race=101 file=d:\ymir work\monster\stray_dog\stray_dog.gr2 vid=23110 part=0 category=2 position=38648,-60758,17781.9 vertices=682 deform_vertices=682 rigid_vertices=0
material group=0 stage=0 alpha_test=0 blend=0 rigid=0 mesh=0 cull=0 depth_write=1 texture=d:\ymir work\monster\stray_dog\stray_dog.dds race=101 file=d:\ymir work\monster\stray_dog\stray_dog.gr2 vid=23110 part=0 category=2 position=38648,-60758,17781.9 vertices=682 deform_vertices=682 rigid_vertices=0
submitted: GPU-skinned actor part race=101 file=d:\ymir work\monster\stray_dog\stray_dog.gr2 vid=23023 part=0 category=2 position=38442,-60126,17769.5 vertices=682 deform_vertices=682 rigid_vertices=0
material group=0 stage=0 alpha_test=0 blend=0 rigid=0 mesh=0 cull=0 depth_write=1 texture=d:\ymir work\monster\stray_dog\stray_dog.dds race=101 file=d:\ymir work\monster\stray_dog\stray_dog.gr2 vid=23023 part=0 category=2 position=38442,-60126,17769.5 vertices=682 deform_vertices=682 rigid_vertices=0
submitted: GPU-skinned actor part race=101 file=d:\ymir work\monster\stray_dog\stray_dog.gr2 vid=22937 part=0 category=2 position=37687,-57655,17767 vertices=682 deform_vertices=682 rigid_vertices=0
material group=0 stage=0 alpha_test=0 blend=0 rigid=0 mesh=0 cull=0 depth_write=1 texture=d:\ymir work\monster\stray_dog\stray_dog.dds race=101 file=d:\ymir work\monster\stray_dog\stray_dog.gr2 vid=22937 part=0 category=2 position=37687,-57655,17767 vertices=682 deform_vertices=682 rigid_vertices=0
submitted: GPU-skinned actor part race=101 file=d:\ymir work\monster\stray_dog\stray_dog.gr2 vid=22904 part=0 category=2 position=39331,-62012,17827.4 vertices=682 deform_vertices=682 rigid_vertices=0
material group=0 stage=0 alpha_test=0 blend=0 rigid=0 mesh=0 cull=0 depth_write=1 texture=d:\ymir work\monster\stray_dog\stray_dog.dds race=101 file=d:\ymir work\monster\stray_dog\stray_dog.gr2 vid=22904 part=0 category=2 position=39331,-62012,17827.4 vertices=682 deform_vertices=682 rigid_vertices=0
submitted: GPU-skinned actor part race=101 file=d:\ymir work\monster\stray_dog\stray_dog.gr2 vid=23239 part=0 category=2 position=38817,-61286,17801.3 vertices=682 deform_vertices=682 rigid_vertices=0
material group=0 stage=0 alpha_test=0 blend=0 rigid=0 mesh=0 cull=0 depth_write=1 texture=d:\ymir work\monster\stray_dog\stray_dog.dds race=101 file=d:\ymir work\monster\stray_dog\stray_dog.gr2 vid=23239 part=0 category=2 position=38817,-61286,17801.3 vertices=682 deform_vertices=682 rigid_vertices=0
submitted: GPU-skinned actor part race=101 file=d:\ymir work\monster\stray_dog\stray_dog.gr2 vid=23302 part=0 category=2 position=38093,-59029,17767 vertices=682 deform_vertices=682 rigid_vertices=0
material group=0 stage=0 alpha_test=0 blend=0 rigid=0 mesh=0 cull=0 depth_write=1 texture=d:\ymir work\monster\stray_dog\stray_dog.dds race=101 file=d:\ymir work\monster\stray_dog\stray_dog.gr2 vid=23302 part=0 category=2 position=38093,-59029,17767 vertices=682 deform_vertices=682 rigid_vertices=0
submitted: GPU-skinned actor part race=101 file=d:\ymir work\monster\stray_dog\stray_dog.gr2 vid=22830 part=0 category=2 position=39650,-62064,17820.6 vertices=682 deform_vertices=682 rigid_vertices=0
material group=0 stage=0 alpha_test=0 blend=0 rigid=0 mesh=0 cull=0 depth_write=1 texture=d:\ymir work\monster\stray_dog\stray_dog.dds race=101 file=d:\ymir work\monster\stray_dog\stray_dog.gr2 vid=22830 part=0 category=2 position=39650,-62064,17820.6 vertices=682 deform_vertices=682 rigid_vertices=0
submitted: GPU-skinned actor part race=101 file=d:\ymir work\monster\stray_dog\stray_dog.gr2 vid=22780 part=0 category=2 position=41129,-59571,17767 vertices=682 deform_vertices=682 rigid_vertices=0
material group=0 stage=0 alpha_test=0 blend=0 rigid=0 mesh=0 cull=0 depth_write=1 texture=d:\ymir work\monster\stray_dog\stray_dog.dds race=101 file=d:\ymir work\monster\stray_dog\stray_dog.gr2 vid=22780 part=0 category=2 position=41129,-59571,17767 vertices=682 deform_vertices=682 rigid_vertices=0
submitted: GPU-skinned actor part race=101 file=d:\ymir work\monster\stray_dog\stray_dog.gr2 vid=22805 part=0 category=2 position=38122,-59226,17767 vertices=682 deform_vertices=682 rigid_vertices=0
material group=0 stage=0 alpha_test=0 blend=0 rigid=0 mesh=0 cull=0 depth_write=1 texture=d:\ymir work\monster\stray_dog\stray_dog.dds race=101 file=d:\ymir work\monster\stray_dog\stray_dog.gr2 vid=22805 part=0 category=2 position=38122,-59226,17767 vertices=682 deform_vertices=682 rigid_vertices=0
submitted: GPU-skinned actor part race=101 file=d:\ymir work\monster\stray_dog\stray_dog.gr2 vid=23052 part=0 category=2 position=38033,-58952,17767 vertices=682 deform_vertices=682 rigid_vertices=0
material group=0 stage=0 alpha_test=0 blend=0 rigid=0 mesh=0 cull=0 depth_write=1 texture=d:\ymir work\monster\stray_dog\stray_dog.dds race=101 file=d:\ymir work\monster\stray_dog\stray_dog.gr2 vid=23052 part=0 category=2 position=38033,-58952,17767 vertices=682 deform_vertices=682 rigid_vertices=0
submitted: GPU-skinned actor part race=101 file=d:\ymir work\monster\stray_dog\stray_dog.gr2 vid=22699 part=0 category=2 position=38500,-57519,17767 vertices=682 deform_vertices=682 rigid_vertices=0
material group=0 stage=0 alpha_test=0 blend=0 rigid=0 mesh=0 cull=0 depth_write=1 texture=d:\ymir work\monster\stray_dog\stray_dog.dds race=101 file=d:\ymir work\monster\stray_dog\stray_dog.gr2 vid=22699 part=0 category=2 position=38500,-57519,17767 vertices=682 deform_vertices=682 rigid_vertices=0
submitted: GPU-skinned actor part race=101 file=d:\ymir work\monster\stray_dog\stray_dog.gr2 vid=22619 part=0 category=2 position=39444,-62250,17834.7 vertices=499 deform_vertices=499 rigid_vertices=0
material group=0 stage=0 alpha_test=0 blend=0 rigid=0 mesh=0 cull=0 depth_write=1 texture=d:\ymir work\monster\stray_dog\stray_dog.dds race=101 file=d:\ymir work\monster\stray_dog\stray_dog.gr2 vid=22619 part=0 category=2 position=39444,-62250,17834.7 vertices=499 deform_vertices=499 rigid_vertices=0
submitted: GPU-skinned actor part race=101 file=d:\ymir work\monster\stray_dog\stray_dog.gr2 vid=22798 part=0 category=2 position=38218,-59568,17767 vertices=682 deform_vertices=682 rigid_vertices=0
material group=0 stage=0 alpha_test=0 blend=0 rigid=0 mesh=0 cull=0 depth_write=1 texture=d:\ymir work\monster\stray_dog\stray_dog.dds race=101 file=d:\ymir work\monster\stray_dog\stray_dog.gr2 vid=22798 part=0 category=2 position=38218,-59568,17767 vertices=682 deform_vertices=682 rigid_vertices=0
submitted: GPU-skinned actor part race=101 file=d:\ymir work\monster\stray_dog\stray_dog.gr2 vid=22700 part=0 category=2 position=38937,-57498,17767 vertices=682 deform_vertices=682 rigid_vertices=0
material group=0 stage=0 alpha_test=0 blend=0 rigid=0 mesh=0 cull=0 depth_write=1 texture=d:\ymir work\monster\stray_dog\stray_dog.dds race=101 file=d:\ymir work\monster\stray_dog\stray_dog.gr2 vid=22700 part=0 category=2 position=38937,-57498,17767 vertices=682 deform_vertices=682 rigid_vertices=0
submitted: GPU-skinned actor part race=101 file=d:\ymir work\monster\stray_dog\stray_dog.gr2 vid=23376 part=0 category=2 position=38079,-57496,17767 vertices=682 deform_vertices=682 rigid_vertices=0
material group=0 stage=0 alpha_test=0 blend=0 rigid=0 mesh=0 cull=0 depth_write=1 texture=d:\ymir work\monster\stray_dog\stray_dog.dds race=101 file=d:\ymir work\monster\stray_dog\stray_dog.gr2 vid=23376 part=0 category=2 position=38079,-57496,17767 vertices=682 deform_vertices=682 rigid_vertices=0
submitted: GPU-skinned actor part race=101 file=d:\ymir work\monster\stray_dog\stray_dog.gr2 vid=22908 part=0 category=2 position=38525,-60534,17776.2 vertices=682 deform_vertices=682 rigid_vertices=0
material group=0 stage=0 alpha_test=0 blend=0 rigid=0 mesh=0 cull=0 depth_write=1 texture=d:\ymir work\monster\stray_dog\stray_dog.dds race=101 file=d:\ymir work\monster\stray_dog\stray_dog.gr2 vid=22908 part=0 category=2 position=38525,-60534,17776.2 vertices=682 deform_vertices=682 rigid_vertices=0
submitted: GPU-skinned actor part race=101 file=d:\ymir work\monster\stray_dog\stray_dog.gr2 vid=22856 part=0 category=2 position=38127,-59303,17767 vertices=682 deform_vertices=682 rigid_vertices=0
material group=0 stage=0 alpha_test=0 blend=0 rigid=0 mesh=0 cull=0 depth_write=1 texture=d:\ymir work\monster\stray_dog\stray_dog.dds race=101 file=d:\ymir work\monster\stray_dog\stray_dog.gr2 vid=22856 part=0 category=2 position=38127,-59303,17767 vertices=682 deform_vertices=682 rigid_vertices=0
submitted: GPU-skinned actor part race=101 file=d:\ymir work\monster\stray_dog\stray_dog.gr2 vid=23332 part=0 category=2 position=37990,-58854,17767 vertices=682 deform_vertices=682 rigid_vertices=0
material group=0 stage=0 alpha_test=0 blend=0 rigid=0 mesh=0 cull=0 depth_write=1 texture=d:\ymir work\monster\stray_dog\stray_dog.dds race=101 file=d:\ymir work\monster\stray_dog\stray_dog.gr2 vid=23332 part=0 category=2 position=37990,-58854,17767 vertices=682 deform_vertices=682 rigid_vertices=0
submitted: GPU-skinned actor part race=101 file=d:\ymir work\monster\stray_dog\stray_dog.gr2 vid=22931 part=0 category=2 position=37952,-58726,17767 vertices=682 deform_vertices=682 rigid_vertices=0
material group=0 stage=0 alpha_test=0 blend=0 rigid=0 mesh=0 cull=0 depth_write=1 texture=d:\ymir work\monster\stray_dog\stray_dog.dds race=101 file=d:\ymir work\monster\stray_dog\stray_dog.gr2 vid=22931 part=0 category=2 position=37952,-58726,17767 vertices=682 deform_vertices=682 rigid_vertices=0
submitted: GPU-skinned actor part race=101 file=d:\ymir work\monster\stray_dog\stray_dog.gr2 vid=23117 part=0 category=2 position=37911,-58621,17767 vertices=682 deform_vertices=682 rigid_vertices=0
material group=0 stage=0 alpha_test=0 blend=0 rigid=0 mesh=0 cull=0 depth_write=1 texture=d:\ymir work\monster\stray_dog\stray_dog.dds race=101 file=d:\ymir work\monster\stray_dog\stray_dog.gr2 vid=23117 part=0 category=2 position=37911,-58621,17767 vertices=682 deform_vertices=682 rigid_vertices=0
submitted: GPU-skinned actor part race=101 file=d:\ymir work\monster\stray_dog\stray_dog.gr2 vid=23268 part=0 category=2 position=39038,-57475,17767 vertices=682 deform_vertices=682 rigid_vertices=0
material group=0 stage=0 alpha_test=0 blend=0 rigid=0 mesh=0 cull=0 depth_write=1 texture=d:\ymir work\monster\stray_dog\stray_dog.dds race=101 file=d:\ymir work\monster\stray_dog\stray_dog.gr2 vid=23268 part=0 category=2 position=39038,-57475,17767 vertices=682 deform_vertices=682 rigid_vertices=0
submitted: GPU-skinned actor part race=101 file=d:\ymir work\monster\stray_dog\stray_dog.gr2 vid=22718 part=0 category=2 position=38597,-57455,17767 vertices=682 deform_vertices=682 rigid_vertices=0
material group=0 stage=0 alpha_test=0 blend=0 rigid=0 mesh=0 cull=0 depth_write=1 texture=d:\ymir work\monster\stray_dog\stray_dog.dds race=101 file=d:\ymir work\monster\stray_dog\stray_dog.gr2 vid=22718 part=0 category=2 position=38597,-57455,17767 vertices=682 deform_vertices=682 rigid_vertices=0
submitted: GPU-skinned actor part race=101 file=d:\ymir work\monster\stray_dog\stray_dog.gr2 vid=22597 part=0 category=2 position=39080,-57436,17767 vertices=682 deform_vertices=682 rigid_vertices=0
material group=0 stage=0 alpha_test=0 blend=0 rigid=0 mesh=0 cull=0 depth_write=1 texture=d:\ymir work\monster\stray_dog\stray_dog.dds race=101 file=d:\ymir work\monster\stray_dog\stray_dog.gr2 vid=22597 part=0 category=2 position=39080,-57436,17767 vertices=682 deform_vertices=682 rigid_vertices=0
submitted: GPU-skinned actor part race=101 file=d:\ymir work\monster\stray_dog\stray_dog.gr2 vid=23333 part=0 category=2 position=38290,-59799,17767 vertices=682 deform_vertices=682 rigid_vertices=0
material group=0 stage=0 alpha_test=0 blend=0 rigid=0 mesh=0 cull=0 depth_write=1 texture=d:\ymir work\monster\stray_dog\stray_dog.dds race=101 file=d:\ymir work\monster\stray_dog\stray_dog.gr2 vid=23333 part=0 category=2 position=38290,-59799,17767 vertices=682 deform_vertices=682 rigid_vertices=0
submitted: GPU-skinned actor part race=101 file=d:\ymir work\monster\stray_dog\stray_dog.gr2 vid=22887 part=0 category=2 position=38274,-59637,17767 vertices=682 deform_vertices=682 rigid_vertices=0
material group=0 stage=0 alpha_test=0 blend=0 rigid=0 mesh=0 cull=0 depth_write=1 texture=d:\ymir work\monster\stray_dog\stray_dog.dds race=101 file=d:\ymir work\monster\stray_dog\stray_dog.gr2 vid=22887 part=0 category=2 position=38274,-59637,17767 vertices=682 deform_vertices=682 rigid_vertices=0
submitted: GPU-skinned actor part race=101 file=d:\ymir work\monster\stray_dog\stray_dog.gr2 vid=23045 part=0 category=2 position=38298,-59485,17767 vertices=682 deform_vertices=682 rigid_vertices=0
material group=0 stage=0 alpha_test=0 blend=0 rigid=0 mesh=0 cull=0 depth_write=1 texture=d:\ymir work\monster\stray_dog\stray_dog.dds race=101 file=d:\ymir work\monster\stray_dog\stray_dog.gr2 vid=23045 part=0 category=2 position=38298,-59485,17767 vertices=682 deform_vertices=682 rigid_vertices=0
submitted: GPU-skinned actor part race=101 file=d:\ymir work\monster\stray_dog\stray_dog.gr2 vid=23157 part=0 category=2 position=38371,-59451,17767 vertices=682 deform_vertices=682 rigid_vertices=0
material group=0 stage=0 alpha_test=0 blend=0 rigid=0 mesh=0 cull=0 depth_write=1 texture=d:\ymir work\monster\stray_dog\stray_dog.dds race=101 file=d:\ymir work\monster\stray_dog\stray_dog.gr2 vid=23157 part=0 category=2 position=38371,-59451,17767 vertices=682 deform_vertices=682 rigid_vertices=0
submitted: GPU-skinned actor part race=101 file=d:\ymir work\monster\stray_dog\stray_dog.gr2 vid=22638 part=0 category=2 position=38334,-59449,17767 vertices=682 deform_vertices=682 rigid_vertices=0
material group=0 stage=0 alpha_test=0 blend=0 rigid=0 mesh=0 cull=0 depth_write=1 texture=d:\ymir work\monster\stray_dog\stray_dog.dds race=101 file=d:\ymir work\monster\stray_dog\stray_dog.gr2 vid=22638 part=0 category=2 position=38334,-59449,17767 vertices=682 deform_vertices=682 rigid_vertices=0
submitted: GPU-skinned actor part race=101 file=d:\ymir work\monster\stray_dog\stray_dog.gr2 vid=22786 part=0 category=2 position=38204,-59568,17767 vertices=682 deform_vertices=682 rigid_vertices=0
material group=0 stage=0 alpha_test=0 blend=0 rigid=0 mesh=0 cull=0 depth_write=1 texture=d:\ymir work\monster\stray_dog\stray_dog.dds race=101 file=d:\ymir work\monster\stray_dog\stray_dog.gr2 vid=22786 part=0 category=2 position=38204,-59568,17767 vertices=682 deform_vertices=682 rigid_vertices=0
submitted: GPU-skinned actor part race=101 file=d:\ymir work\monster\stray_dog\stray_dog.gr2 vid=23364 part=0 category=2 position=37872,-58512,17767 vertices=682 deform_vertices=682 rigid_vertices=0
material group=0 stage=0 alpha_test=0 blend=0 rigid=0 mesh=0 cull=0 depth_write=1 texture=d:\ymir work\monster\stray_dog\stray_dog.dds race=101 file=d:\ymir work\monster\stray_dog\stray_dog.gr2 vid=23364 part=0 category=2 position=37872,-58512,17767 vertices=682 deform_vertices=682 rigid_vertices=0
submitted: GPU-skinned actor part race=101 file=d:\ymir work\monster\stray_dog\stray_dog.gr2 vid=22479 part=0 category=2 position=38379,-60138,17769.7 vertices=682 deform_vertices=682 rigid_vertices=0
material group=0 stage=0 alpha_test=0 blend=0 rigid=0 mesh=0 cull=0 depth_write=1 texture=d:\ymir work\monster\stray_dog\stray_dog.dds race=101 file=d:\ymir work\monster\stray_dog\stray_dog.gr2 vid=22479 part=0 category=2 position=38379,-60138,17769.7 vertices=682 deform_vertices=682 rigid_vertices=0
submitted: GPU-skinned actor part race=101 file=d:\ymir work\monster\stray_dog\stray_dog.gr2 vid=22766 part=0 category=2 position=38348,-60037,17768.5 vertices=682 deform_vertices=682 rigid_vertices=0
material group=0 stage=0 alpha_test=0 blend=0 rigid=0 mesh=0 cull=0 depth_write=1 texture=d:\ymir work\monster\stray_dog\stray_dog.dds race=101 file=d:\ymir work\monster\stray_dog\stray_dog.gr2 vid=22766 part=0 category=2 position=38348,-60037,17768.5 vertices=682 deform_vertices=682 rigid_vertices=0
submitted: GPU-skinned actor part race=101 file=d:\ymir work\monster\stray_dog\stray_dog.gr2 vid=22929 part=0 category=2 position=38289,-59877,17767.4 vertices=682 deform_vertices=682 rigid_vertices=0
material group=0 stage=0 alpha_test=0 blend=0 rigid=0 mesh=0 cull=0 depth_write=1 texture=d:\ymir work\monster\stray_dog\stray_dog.dds race=101 file=d:\ymir work\monster\stray_dog\stray_dog.gr2 vid=22929 part=0 category=2 position=38289,-59877,17767.4 vertices=682 deform_vertices=682 rigid_vertices=0
submitted: GPU-skinned actor part race=101 file=d:\ymir work\monster\stray_dog\stray_dog.gr2 vid=22547 part=0 category=2 position=38180,-59542.5,17767 vertices=682 deform_vertices=682 rigid_vertices=0
material group=0 stage=0 alpha_test=0 blend=0 rigid=0 mesh=0 cull=0 depth_write=1 texture=d:\ymir work\monster\stray_dog\stray_dog.dds race=101 file=d:\ymir work\monster\stray_dog\stray_dog.gr2 vid=22547 part=0 category=2 position=38180,-59542.5,17767 vertices=682 deform_vertices=682 rigid_vertices=0
submitted: GPU-skinned actor part race=101 file=d:\ymir work\monster\stray_dog\stray_dog.gr2 vid=23009 part=0 category=2 position=41237,-59351,17767 vertices=682 deform_vertices=682 rigid_vertices=0
material group=0 stage=0 alpha_test=0 blend=0 rigid=0 mesh=0 cull=0 depth_write=1 texture=d:\ymir work\monster\stray_dog\stray_dog.dds race=101 file=d:\ymir work\monster\stray_dog\stray_dog.gr2 vid=23009 part=0 category=2 position=41237,-59351,17767 vertices=682 deform_vertices=682 rigid_vertices=0
submitted: GPU-skinned actor part race=101 file=d:\ymir work\monster\stray_dog\stray_dog.gr2 vid=22619 part=0 category=2 position=39444,-62250,17834.7 vertices=682 deform_vertices=682 rigid_vertices=0
material group=0 stage=0 alpha_test=0 blend=0 rigid=0 mesh=0 cull=0 depth_write=1 texture=d:\ymir work\monster\stray_dog\stray_dog.dds race=101 file=d:\ymir work\monster\stray_dog\stray_dog.gr2 vid=22619 part=0 category=2 position=39444,-62250,17834.7 vertices=682 deform_vertices=682 rigid_vertices=0
submitted: GPU-skinned actor part race=101 file=d:\ymir work\monster\stray_dog\stray_dog.gr2 vid=23062 part=0 category=2 position=38309,-59964,17767.8 vertices=682 deform_vertices=682 rigid_vertices=0
material group=0 stage=0 alpha_test=0 blend=0 rigid=0 mesh=0 cull=0 depth_write=1 texture=d:\ymir work\monster\stray_dog\stray_dog.dds race=101 file=d:\ymir work\monster\stray_dog\stray_dog.gr2 vid=23062 part=0 category=2 position=38309,-59964,17767.8 vertices=682 deform_vertices=682 rigid_vertices=0
submitted: GPU-skinned actor part race=101 file=d:\ymir work\monster\stray_dog\stray_dog.gr2 vid=23322 part=0 category=2 position=38661,-61074,17793.2 vertices=682 deform_vertices=682 rigid_vertices=0
material group=0 stage=0 alpha_test=0 blend=0 rigid=0 mesh=0 cull=0 depth_write=1 texture=d:\ymir work\monster\stray_dog\stray_dog.dds race=101 file=d:\ymir work\monster\stray_dog\stray_dog.gr2 vid=23322 part=0 category=2 position=38661,-61074,17793.2 vertices=682 deform_vertices=682 rigid_vertices=0
submitted: GPU-skinned actor part race=101 file=d:\ymir work\monster\stray_dog\stray_dog.gr2 vid=22951 part=0 category=2 position=38486,-60539,17776.4 vertices=682 deform_vertices=682 rigid_vertices=0
material group=0 stage=0 alpha_test=0 blend=0 rigid=0 mesh=0 cull=0 depth_write=1 texture=d:\ymir work\monster\stray_dog\stray_dog.dds race=101 file=d:\ymir work\monster\stray_dog\stray_dog.gr2 vid=22951 part=0 category=2 position=38486,-60539,17776.4 vertices=682 deform_vertices=682 rigid_vertices=0
submitted: GPU-skinned actor part race=101 file=d:\ymir work\monster\stray_dog\stray_dog.gr2 vid=23001 part=0 category=2 position=37774,-58307,17767 vertices=682 deform_vertices=682 rigid_vertices=0
material group=0 stage=0 alpha_test=0 blend=0 rigid=0 mesh=0 cull=0 depth_write=1 texture=d:\ymir work\monster\stray_dog\stray_dog.dds race=101 file=d:\ymir work\monster\stray_dog\stray_dog.gr2 vid=23001 part=0 category=2 position=37774,-58307,17767 vertices=682 deform_vertices=682 rigid_vertices=0
submitted: GPU-skinned actor part race=101 file=d:\ymir work\monster\stray_dog\stray_dog.gr2 vid=23199 part=0 category=2 position=38651,-61080,17793.5 vertices=682 deform_vertices=682 rigid_vertices=0
material group=0 stage=0 alpha_test=0 blend=0 rigid=0 mesh=0 cull=0 depth_write=1 texture=d:\ymir work\monster\stray_dog\stray_dog.dds race=101 file=d:\ymir work\monster\stray_dog\stray_dog.gr2 vid=23199 part=0 category=2 position=38651,-61080,17793.5 vertices=682 deform_vertices=682 rigid_vertices=0
submitted: GPU-skinned actor part race=101 file=d:\ymir work\monster\stray_dog\stray_dog.gr2 vid=23308 part=0 category=2 position=38306,-59990,17767.9 vertices=682 deform_vertices=682 rigid_vertices=0
material group=0 stage=0 alpha_test=0 blend=0 rigid=0 mesh=0 cull=0 depth_write=1 texture=d:\ymir work\monster\stray_dog\stray_dog.dds race=101 file=d:\ymir work\monster\stray_dog\stray_dog.gr2 vid=23308 part=0 category=2 position=38306,-59990,17767.9 vertices=682 deform_vertices=682 rigid_vertices=0
submitted: GPU-skinned actor part race=101 file=d:\ymir work\monster\stray_dog\stray_dog.gr2 vid=22800 part=0 category=2 position=38079,-59304,17767 vertices=682 deform_vertices=682 rigid_vertices=0
material group=0 stage=0 alpha_test=0 blend=0 rigid=0 mesh=0 cull=0 depth_write=1 texture=d:\ymir work\monster\stray_dog\stray_dog.dds race=101 file=d:\ymir work\monster\stray_dog\stray_dog.gr2 vid=22800 part=0 category=2 position=38079,-59304,17767 vertices=682 deform_vertices=682 rigid_vertices=0
submitted: GPU-skinned actor part race=101 file=d:\ymir work\monster\stray_dog\stray_dog.gr2 vid=22485 part=0 category=2 position=37936,-58846,17767 vertices=682 deform_vertices=682 rigid_vertices=0
material group=0 stage=0 alpha_test=0 blend=0 rigid=0 mesh=0 cull=0 depth_write=1 texture=d:\ymir work\monster\stray_dog\stray_dog.dds race=101 file=d:\ymir work\monster\stray_dog\stray_dog.gr2 vid=22485 part=0 category=2 position=37936,-58846,17767 vertices=682 deform_vertices=682 rigid_vertices=0
submitted: GPU-skinned actor part race=101 file=d:\ymir work\monster\stray_dog\stray_dog.gr2 vid=22505 part=0 category=2 position=38327,-60092,17769.2 vertices=682 deform_vertices=682 rigid_vertices=0
material group=0 stage=0 alpha_test=0 blend=0 rigid=0 mesh=0 cull=0 depth_write=1 texture=d:\ymir work\monster\stray_dog\stray_dog.dds race=101 file=d:\ymir work\monster\stray_dog\stray_dog.gr2 vid=22505 part=0 category=2 position=38327,-60092,17769.2 vertices=682 deform_vertices=682 rigid_vertices=0
submitted: GPU-skinned actor part race=101 file=d:\ymir work\monster\stray_dog\stray_dog.gr2 vid=22785 part=0 category=2 position=37863,-58654,17767 vertices=682 deform_vertices=682 rigid_vertices=0
material group=0 stage=0 alpha_test=0 blend=0 rigid=0 mesh=0 cull=0 depth_write=1 texture=d:\ymir work\monster\stray_dog\stray_dog.dds race=101 file=d:\ymir work\monster\stray_dog\stray_dog.gr2 vid=22785 part=0 category=2 position=37863,-58654,17767 vertices=682 deform_vertices=682 rigid_vertices=0
submitted: GPU-skinned actor part race=101 file=d:\ymir work\monster\stray_dog\stray_dog.gr2 vid=22751 part=0 category=2 position=38645,-57273,17767 vertices=682 deform_vertices=682 rigid_vertices=0
material group=0 stage=0 alpha_test=0 blend=0 rigid=0 mesh=0 cull=0 depth_write=1 texture=d:\ymir work\monster\stray_dog\stray_dog.dds race=101 file=d:\ymir work\monster\stray_dog\stray_dog.gr2 vid=22751 part=0 category=2 position=38645,-57273,17767 vertices=682 deform_vertices=682 rigid_vertices=0
submitted: GPU-skinned actor part race=101 file=d:\ymir work\monster\stray_dog\stray_dog.gr2 vid=23346 part=0 category=2 position=38512,-60739,17781.9 vertices=682 deform_vertices=682 rigid_vertices=0
material group=0 stage=0 alpha_test=0 blend=0 rigid=0 mesh=0 cull=0 depth_write=1 texture=d:\ymir work\monster\stray_dog\stray_dog.dds race=101 file=d:\ymir work\monster\stray_dog\stray_dog.gr2 vid=23346 part=0 category=2 position=38512,-60739,17781.9 vertices=682 deform_vertices=682 rigid_vertices=0
submitted: GPU-skinned actor part race=101 file=d:\ymir work\monster\stray_dog\stray_dog.gr2 vid=23046 part=0 category=2 position=37999,-59113,17767 vertices=682 deform_vertices=682 rigid_vertices=0
material group=0 stage=0 alpha_test=0 blend=0 rigid=0 mesh=0 cull=0 depth_write=1 texture=d:\ymir work\monster\stray_dog\stray_dog.dds race=101 file=d:\ymir work\monster\stray_dog\stray_dog.gr2 vid=23046 part=0 category=2 position=37999,-59113,17767 vertices=682 deform_vertices=682 rigid_vertices=0
submitted: GPU-skinned actor part race=101 file=d:\ymir work\monster\stray_dog\stray_dog.gr2 vid=22630 part=0 category=2 position=38561,-60892,17786.8 vertices=682 deform_vertices=682 rigid_vertices=0
material group=0 stage=0 alpha_test=0 blend=0 rigid=0 mesh=0 cull=0 depth_write=1 texture=d:\ymir work\monster\stray_dog\stray_dog.dds race=101 file=d:\ymir work\monster\stray_dog\stray_dog.gr2 vid=22630 part=0 category=2 position=38561,-60892,17786.8 vertices=682 deform_vertices=682 rigid_vertices=0
submitted: GPU-skinned actor part race=101 file=d:\ymir work\monster\stray_dog\stray_dog.gr2 vid=23091 part=0 category=2 position=37866,-58720,17767 vertices=682 deform_vertices=682 rigid_vertices=0
material group=0 stage=0 alpha_test=0 blend=0 rigid=0 mesh=0 cull=0 depth_write=1 texture=d:\ymir work\monster\stray_dog\stray_dog.dds race=101 file=d:\ymir work\monster\stray_dog\stray_dog.gr2 vid=23091 part=0 category=2 position=37866,-58720,17767 vertices=682 deform_vertices=682 rigid_vertices=0
submitted: GPU-skinned actor part race=101 file=d:\ymir work\monster\stray_dog\stray_dog.gr2 vid=22831 part=0 category=2 position=39079,-57220,17767 vertices=682 deform_vertices=682 rigid_vertices=0
material group=0 stage=0 alpha_test=0 blend=0 rigid=0 mesh=0 cull=0 depth_write=1 texture=d:\ymir work\monster\stray_dog\stray_dog.dds race=101 file=d:\ymir work\monster\stray_dog\stray_dog.gr2 vid=22831 part=0 category=2 position=39079,-57220,17767 vertices=682 deform_vertices=682 rigid_vertices=0
submitted: GPU-skinned actor part race=101 file=d:\ymir work\monster\stray_dog\stray_dog.gr2 vid=23350 part=0 category=2 position=38134,-59566,17767 vertices=682 deform_vertices=682 rigid_vertices=0
material group=0 stage=0 alpha_test=0 blend=0 rigid=0 mesh=0 cull=0 depth_write=1 texture=d:\ymir work\monster\stray_dog\stray_dog.dds race=101 file=d:\ymir work\monster\stray_dog\stray_dog.gr2 vid=23350 part=0 category=2 position=38134,-59566,17767 vertices=682 deform_vertices=682 rigid_vertices=0
submitted: GPU-skinned actor part race=101 file=d:\ymir work\monster\stray_dog\stray_dog.gr2 vid=22599 part=0 category=2 position=37743,-57186,17767 vertices=682 deform_vertices=682 rigid_vertices=0
material group=0 stage=0 alpha_test=0 blend=0 rigid=0 mesh=0 cull=0 depth_write=1 texture=d:\ymir work\monster\stray_dog\stray_dog.dds race=101 file=d:\ymir work\monster\stray_dog\stray_dog.gr2 vid=22599 part=0 category=2 position=37743,-57186,17767 vertices=682 deform_vertices=682 rigid_vertices=0
submitted: GPU-skinned actor part race=101 file=d:\ymir work\monster\stray_dog\stray_dog.gr2 vid=22958 part=0 category=2 position=38956,-57192,17767 vertices=682 deform_vertices=682 rigid_vertices=0
material group=0 stage=0 alpha_test=0 blend=0 rigid=0 mesh=0 cull=0 depth_write=1 texture=d:\ymir work\monster\stray_dog\stray_dog.dds race=101 file=d:\ymir work\monster\stray_dog\stray_dog.gr2 vid=22958 part=0 category=2 position=38956,-57192,17767 vertices=682 deform_vertices=682 rigid_vertices=0
submitted: GPU-skinned actor part race=101 file=d:\ymir work\monster\stray_dog\stray_dog.gr2 vid=22614 part=0 category=2 position=38314,-60173,17770.2 vertices=682 deform_vertices=682 rigid_vertices=0
material group=0 stage=0 alpha_test=0 blend=0 rigid=0 mesh=0 cull=0 depth_write=1 texture=d:\ymir work\monster\stray_dog\stray_dog.dds race=101 file=d:\ymir work\monster\stray_dog\stray_dog.gr2 vid=22614 part=0 category=2 position=38314,-60173,17770.2 vertices=682 deform_vertices=682 rigid_vertices=0
submitted: GPU-skinned actor part race=101 file=d:\ymir work\monster\stray_dog\stray_dog.gr2 vid=23253 part=0 category=2 position=38665,-57186,17767 vertices=682 deform_vertices=682 rigid_vertices=0
material group=0 stage=0 alpha_test=0 blend=0 rigid=0 mesh=0 cull=0 depth_write=1 texture=d:\ymir work\monster\stray_dog\stray_dog.dds race=101 file=d:\ymir work\monster\stray_dog\stray_dog.gr2 vid=23253 part=0 category=2 position=38665,-57186,17767 vertices=682 deform_vertices=682 rigid_vertices=0
submitted: GPU-skinned actor part race=101 file=d:\ymir work\monster\stray_dog\stray_dog.gr2 vid=23090 part=0 category=2 position=37865,-58774,17767 vertices=682 deform_vertices=682 rigid_vertices=0
material group=0 stage=0 alpha_test=0 blend=0 rigid=0 mesh=0 cull=0 depth_write=1 texture=d:\ymir work\monster\stray_dog\stray_dog.dds race=101 file=d:\ymir work\monster\stray_dog\stray_dog.gr2 vid=23090 part=0 category=2 position=37865,-58774,17767 vertices=682 deform_vertices=682 rigid_vertices=0
submitted: GPU-skinned actor part race=101 file=d:\ymir work\monster\stray_dog\stray_dog.gr2 vid=22756 part=0 category=2 position=38293,-60167,17770.1 vertices=682 deform_vertices=682 rigid_vertices=0
material group=0 stage=0 alpha_test=0 blend=0 rigid=0 mesh=0 cull=0 depth_write=1 texture=d:\ymir work\monster\stray_dog\stray_dog.dds race=101 file=d:\ymir work\monster\stray_dog\stray_dog.gr2 vid=22756 part=0 category=2 position=38293,-60167,17770.1 vertices=682 deform_vertices=682 rigid_vertices=0
submitted: GPU-skinned actor part race=101 file=d:\ymir work\monster\stray_dog\stray_dog.gr2 vid=23218 part=0 category=2 position=38456.6,-60658.6,17779.8 vertices=682 deform_vertices=682 rigid_vertices=0
material group=0 stage=0 alpha_test=0 blend=0 rigid=0 mesh=0 cull=0 depth_write=1 texture=d:\ymir work\monster\stray_dog\stray_dog.dds race=101 file=d:\ymir work\monster\stray_dog\stray_dog.gr2 vid=23218 part=0 category=2 position=38456.6,-60658.6,17779.8 vertices=682 deform_vertices=682 rigid_vertices=0
submitted: GPU-skinned actor part race=101 file=d:\ymir work\monster\stray_dog\stray_dog.gr2 vid=23014 part=0 category=2 position=38155.3,-59719.2,17767 vertices=682 deform_vertices=682 rigid_vertices=0
material group=0 stage=0 alpha_test=0 blend=0 rigid=0 mesh=0 cull=0 depth_write=1 texture=d:\ymir work\monster\stray_dog\stray_dog.dds race=101 file=d:\ymir work\monster\stray_dog\stray_dog.gr2 vid=23014 part=0 category=2 position=38155.3,-59719.2,17767 vertices=682 deform_vertices=682 rigid_vertices=0
submitted: GPU-skinned actor part race=101 file=d:\ymir work\monster\stray_dog\stray_dog.gr2 vid=23313 part=0 category=2 position=38214.2,-59897.8,17767.5 vertices=682 deform_vertices=682 rigid_vertices=0
material group=0 stage=0 alpha_test=0 blend=0 rigid=0 mesh=0 cull=0 depth_write=1 texture=d:\ymir work\monster\stray_dog\stray_dog.dds race=101 file=d:\ymir work\monster\stray_dog\stray_dog.gr2 vid=23313 part=0 category=2 position=38214.2,-59897.8,17767.5 vertices=682 deform_vertices=682 rigid_vertices=0
submitted: GPU-skinned actor part race=101 file=d:\ymir work\monster\stray_dog\stray_dog.gr2 vid=22946 part=0 category=2 position=38769,-57018,17767 vertices=682 deform_vertices=682 rigid_vertices=0
material group=0 stage=0 alpha_test=0 blend=0 rigid=0 mesh=0 cull=0 depth_write=1 texture=d:\ymir work\monster\stray_dog\stray_dog.dds race=101 file=d:\ymir work\monster\stray_dog\stray_dog.gr2 vid=22946 part=0 category=2 position=38769,-57018,17767 vertices=682 deform_vertices=682 rigid_vertices=0
submitted: GPU-skinned actor part race=101 file=d:\ymir work\monster\stray_dog\stray_dog.gr2 vid=23043 part=0 category=2 position=37953,-57034,17767 vertices=682 deform_vertices=682 rigid_vertices=0
material group=0 stage=0 alpha_test=0 blend=0 rigid=0 mesh=0 cull=0 depth_write=1 texture=d:\ymir work\monster\stray_dog\stray_dog.dds race=101 file=d:\ymir work\monster\stray_dog\stray_dog.gr2 vid=23043 part=0 category=2 position=37953,-57034,17767 vertices=682 deform_vertices=682 rigid_vertices=0
submitted: GPU-skinned actor part race=101 file=d:\ymir work\monster\stray_dog\stray_dog.gr2 vid=23414 part=0 category=2 position=39404,-62423,17842.8 vertices=682 deform_vertices=682 rigid_vertices=0
material group=0 stage=0 alpha_test=0 blend=0 rigid=0 mesh=0 cull=0 depth_write=1 texture=d:\ymir work\monster\stray_dog\stray_dog.dds race=101 file=d:\ymir work\monster\stray_dog\stray_dog.gr2 vid=23414 part=0 category=2 position=39404,-62423,17842.8 vertices=682 deform_vertices=682 rigid_vertices=0
submitted: GPU-skinned actor part race=101 file=d:\ymir work\monster\stray_dog\stray_dog.gr2 vid=22509 part=0 category=2 position=41012,-60420,17767 vertices=682 deform_vertices=682 rigid_vertices=0
material group=0 stage=0 alpha_test=0 blend=0 rigid=0 mesh=0 cull=0 depth_write=1 texture=d:\ymir work\monster\stray_dog\stray_dog.dds race=101 file=d:\ymir work\monster\stray_dog\stray_dog.gr2 vid=22509 part=0 category=2 position=41012,-60420,17767 vertices=682 deform_vertices=682 rigid_vertices=0
submitted: GPU-skinned actor part race=101 file=d:\ymir work\monster\stray_dog\stray_dog.gr2 vid=22575 part=0 category=2 position=37838,-56818,17767 vertices=682 deform_vertices=682 rigid_vertices=0
material group=0 stage=0 alpha_test=0 blend=0 rigid=0 mesh=0 cull=0 depth_write=1 texture=d:\ymir work\monster\stray_dog\stray_dog.dds race=101 file=d:\ymir work\monster\stray_dog\stray_dog.gr2 vid=22575 part=0 category=2 position=37838,-56818,17767 vertices=682 deform_vertices=682 rigid_vertices=0
submitted: GPU-skinned actor part race=101 file=d:\ymir work\monster\stray_dog\stray_dog.gr2 vid=23130 part=0 category=2 position=37567,-56521,17767 vertices=682 deform_vertices=682 rigid_vertices=0
material group=0 stage=0 alpha_test=0 blend=0 rigid=0 mesh=0 cull=0 depth_write=1 texture=d:\ymir work\monster\stray_dog\stray_dog.dds race=101 file=d:\ymir work\monster\stray_dog\stray_dog.gr2 vid=23130 part=0 category=2 position=37567,-56521,17767 vertices=682 deform_vertices=682 rigid_vertices=0
submitted: GPU-skinned actor part race=101 file=d:\ymir work\monster\stray_dog\stray_dog.gr2 vid=23414 part=0 category=2 position=39404,-62423,17842.8 vertices=499 deform_vertices=499 rigid_vertices=0
material group=0 stage=0 alpha_test=0 blend=0 rigid=0 mesh=0 cull=0 depth_write=1 texture=d:\ymir work\monster\stray_dog\stray_dog.dds race=101 file=d:\ymir work\monster\stray_dog\stray_dog.gr2 vid=23414 part=0 category=2 position=39404,-62423,17842.8 vertices=499 deform_vertices=499 rigid_vertices=0
submitted: GPU-skinned actor part race=101 file=d:\ymir work\monster\stray_dog\stray_dog.gr2 vid=23334 part=0 category=2 position=41533,-59410,17767 vertices=682 deform_vertices=682 rigid_vertices=0
material group=0 stage=0 alpha_test=0 blend=0 rigid=0 mesh=0 cull=0 depth_write=1 texture=d:\ymir work\monster\stray_dog\stray_dog.dds race=101 file=d:\ymir work\monster\stray_dog\stray_dog.gr2 vid=23334 part=0 category=2 position=41533,-59410,17767 vertices=682 deform_vertices=682 rigid_vertices=0
submitted: GPU-skinned actor part race=101 file=d:\ymir work\monster\stray_dog\stray_dog.gr2 vid=22680 part=0 category=2 position=41636,-59521,17767 vertices=682 deform_vertices=682 rigid_vertices=0
material group=0 stage=0 alpha_test=0 blend=0 rigid=0 mesh=0 cull=0 depth_write=1 texture=d:\ymir work\monster\stray_dog\stray_dog.dds race=101 file=d:\ymir work\monster\stray_dog\stray_dog.gr2 vid=22680 part=0 category=2 position=41636,-59521,17767 vertices=682 deform_vertices=682 rigid_vertices=0
submitted: GPU-skinned actor part race=101 file=d:\ymir work\monster\stray_dog\stray_dog.gr2 vid=23439 part=0 category=2 position=41238,-60563,17767 vertices=682 deform_vertices=682 rigid_vertices=0
material group=0 stage=0 alpha_test=0 blend=0 rigid=0 mesh=0 cull=0 depth_write=1 texture=d:\ymir work\monster\stray_dog\stray_dog.dds race=101 file=d:\ymir work\monster\stray_dog\stray_dog.gr2 vid=23439 part=0 category=2 position=41238,-60563,17767 vertices=682 deform_vertices=682 rigid_vertices=0
submitted: GPU-skinned actor part race=101 file=d:\ymir work\monster\stray_dog\stray_dog.gr2 vid=23003 part=0 category=2 position=41951,-59394,17767 vertices=682 deform_vertices=682 rigid_vertices=0
material group=0 stage=0 alpha_test=0 blend=0 rigid=0 mesh=0 cull=0 depth_write=1 texture=d:\ymir work\monster\stray_dog\stray_dog.dds race=101 file=d:\ymir work\monster\stray_dog\stray_dog.gr2 vid=23003 part=0 category=2 position=41951,-59394,17767 vertices=682 deform_vertices=682 rigid_vertices=0
submitted: GPU-skinned actor part race=20023 file=d:\ymir work\npc\bookworm\bookworm.gr2 vid=2856 part=0 category=1 position=45400,-53000,17858 vertices=1272 deform_vertices=1248 rigid_vertices=24
material group=0 stage=0 alpha_test=0 blend=0 rigid=0 mesh=0 cull=0 depth_write=1 texture=d:\ymir work\npc\bookworm\bookworm.dds race=20023 file=d:\ymir work\npc\bookworm\bookworm.gr2 vid=2856 part=0 category=1 position=45400,-53000,17858 vertices=1272 deform_vertices=1248 rigid_vertices=24
material group=0 stage=0 alpha_test=0 blend=0 rigid=1 mesh=1 cull=0 depth_write=1 texture=d:\ymir work\npc\bookworm\bookworm.dds race=20023 file=d:\ymir work\npc\bookworm\bookworm.gr2 vid=2856 part=0 category=1 position=45400,-53000,17858 vertices=1272 deform_vertices=1248 rigid_vertices=24
submitted: GPU-skinned actor part race=101 file=d:\ymir work\monster\stray_dog\stray_dog.gr2 vid=23388 part=0 category=2 position=38703,-61446,17810.4 vertices=682 deform_vertices=682 rigid_vertices=0
material group=0 stage=0 alpha_test=0 blend=0 rigid=0 mesh=0 cull=0 depth_write=1 texture=d:\ymir work\monster\stray_dog\stray_dog.dds race=101 file=d:\ymir work\monster\stray_dog\stray_dog.gr2 vid=23388 part=0 category=2 position=38703,-61446,17810.4 vertices=682 deform_vertices=682 rigid_vertices=0
submitted: GPU-skinned actor part race=101 file=d:\ymir work\monster\stray_dog\stray_dog.gr2 vid=23370 part=0 category=2 position=41054,-61049,17767.5 vertices=682 deform_vertices=682 rigid_vertices=0
material group=0 stage=0 alpha_test=0 blend=0 rigid=0 mesh=0 cull=0 depth_write=1 texture=d:\ymir work\monster\stray_dog\stray_dog.dds race=101 file=d:\ymir work\monster\stray_dog\stray_dog.gr2 vid=23370 part=0 category=2 position=41054,-61049,17767.5 vertices=682 deform_vertices=682 rigid_vertices=0
submitted: GPU-skinned actor part race=101 file=d:\ymir work\monster\stray_dog\stray_dog.gr2 vid=23107 part=0 category=2 position=37898,-62102,17850.4 vertices=499 deform_vertices=499 rigid_vertices=0
material group=0 stage=0 alpha_test=0 blend=0 rigid=0 mesh=0 cull=0 depth_write=1 texture=d:\ymir work\monster\stray_dog\stray_dog.dds race=101 file=d:\ymir work\monster\stray_dog\stray_dog.gr2 vid=23107 part=0 category=2 position=37898,-62102,17850.4 vertices=499 deform_vertices=499 rigid_vertices=0
submitted: GPU-skinned actor part race=101 file=d:\ymir work\monster\stray_dog\stray_dog.gr2 vid=23094 part=0 category=2 position=38652,-61637,17821.3 vertices=682 deform_vertices=682 rigid_vertices=0
material group=0 stage=0 alpha_test=0 blend=0 rigid=0 mesh=0 cull=0 depth_write=1 texture=d:\ymir work\monster\stray_dog\stray_dog.dds race=101 file=d:\ymir work\monster\stray_dog\stray_dog.gr2 vid=23094 part=0 category=2 position=38652,-61637,17821.3 vertices=682 deform_vertices=682 rigid_vertices=0
submitted: GPU-skinned actor part race=101 file=d:\ymir work\monster\stray_dog\stray_dog.gr2 vid=22993 part=0 category=2 position=37694,-61884,17838.1 vertices=499 deform_vertices=499 rigid_vertices=0
material group=0 stage=0 alpha_test=0 blend=0 rigid=0 mesh=0 cull=0 depth_write=1 texture=d:\ymir work\monster\stray_dog\stray_dog.dds race=101 file=d:\ymir work\monster\stray_dog\stray_dog.gr2 vid=22993 part=0 category=2 position=37694,-61884,17838.1 vertices=499 deform_vertices=499 rigid_vertices=0
submitted: GPU-skinned actor part race=101 file=d:\ymir work\monster\stray_dog\stray_dog.gr2 vid=22992 part=0 category=2 position=37927,-61809,17834.8 vertices=499 deform_vertices=499 rigid_vertices=0
material group=0 stage=0 alpha_test=0 blend=0 rigid=0 mesh=0 cull=0 depth_write=1 texture=d:\ymir work\monster\stray_dog\stray_dog.dds race=101 file=d:\ymir work\monster\stray_dog\stray_dog.gr2 vid=22992 part=0 category=2 position=37927,-61809,17834.8 vertices=499 deform_vertices=499 rigid_vertices=0
submitted: GPU-skinned actor part race=101 file=d:\ymir work\monster\stray_dog\stray_dog.gr2 vid=22490 part=0 category=2 position=38033,-61658,17826.3 vertices=499 deform_vertices=499 rigid_vertices=0
material group=0 stage=0 alpha_test=0 blend=0 rigid=0 mesh=0 cull=0 depth_write=1 texture=d:\ymir work\monster\stray_dog\stray_dog.dds race=101 file=d:\ymir work\monster\stray_dog\stray_dog.gr2 vid=22490 part=0 category=2 position=38033,-61658,17826.3 vertices=499 deform_vertices=499 rigid_vertices=0
submitted: GPU-skinned actor part race=101 file=d:\ymir work\monster\stray_dog\stray_dog.gr2 vid=23088 part=0 category=2 position=37452,-61726,17827.4 vertices=499 deform_vertices=499 rigid_vertices=0
material group=0 stage=0 alpha_test=0 blend=0 rigid=0 mesh=0 cull=0 depth_write=1 texture=d:\ymir work\monster\stray_dog\stray_dog.dds race=101 file=d:\ymir work\monster\stray_dog\stray_dog.gr2 vid=23088 part=0 category=2 position=37452,-61726,17827.4 vertices=499 deform_vertices=499 rigid_vertices=0
submitted: GPU-skinned actor part race=101 file=d:\ymir work\monster\stray_dog\stray_dog.gr2 vid=22973 part=0 category=2 position=38315.8,-61955.4,17841.4 vertices=499 deform_vertices=499 rigid_vertices=0
material group=0 stage=0 alpha_test=0 blend=0 rigid=0 mesh=0 cull=0 depth_write=1 texture=d:\ymir work\monster\stray_dog\stray_dog.dds race=101 file=d:\ymir work\monster\stray_dog\stray_dog.gr2 vid=22973 part=0 category=2 position=38315.8,-61955.4,17841.4 vertices=499 deform_vertices=499 rigid_vertices=0
submitted: GPU-skinned actor part race=101 file=d:\ymir work\monster\stray_dog\stray_dog.gr2 vid=23094 part=0 category=2 position=38652,-61637,17821.3 vertices=499 deform_vertices=499 rigid_vertices=0
material group=0 stage=0 alpha_test=0 blend=0 rigid=0 mesh=0 cull=0 depth_write=1 texture=d:\ymir work\monster\stray_dog\stray_dog.dds race=101 file=d:\ymir work\monster\stray_dog\stray_dog.gr2 vid=23094 part=0 category=2 position=38652,-61637,17821.3 vertices=499 deform_vertices=499 rigid_vertices=0
submitted: GPU-skinned actor part race=101 file=d:\ymir work\monster\stray_dog\stray_dog.gr2 vid=22546 part=0 category=2 position=38495,-61426,17811.2 vertices=682 deform_vertices=682 rigid_vertices=0
material group=0 stage=0 alpha_test=0 blend=0 rigid=0 mesh=0 cull=0 depth_write=1 texture=d:\ymir work\monster\stray_dog\stray_dog.dds race=101 file=d:\ymir work\monster\stray_dog\stray_dog.gr2 vid=22546 part=0 category=2 position=38495,-61426,17811.2 vertices=682 deform_vertices=682 rigid_vertices=0
submitted: GPU-skinned actor part race=101 file=d:\ymir work\monster\stray_dog\stray_dog.gr2 vid=23207 part=0 category=2 position=38527,-61332,17806.1 vertices=682 deform_vertices=682 rigid_vertices=0
material group=0 stage=0 alpha_test=0 blend=0 rigid=0 mesh=0 cull=0 depth_write=1 texture=d:\ymir work\monster\stray_dog\stray_dog.dds race=101 file=d:\ymir work\monster\stray_dog\stray_dog.gr2 vid=23207 part=0 category=2 position=38527,-61332,17806.1 vertices=682 deform_vertices=682 rigid_vertices=0
submitted: GPU-skinned actor part race=101 file=d:\ymir work\monster\stray_dog\stray_dog.gr2 vid=22821 part=0 category=2 position=37857,-62223,17856.6 vertices=682 deform_vertices=682 rigid_vertices=0
material group=0 stage=0 alpha_test=0 blend=0 rigid=0 mesh=0 cull=0 depth_write=1 texture=d:\ymir work\monster\stray_dog\stray_dog.dds race=101 file=d:\ymir work\monster\stray_dog\stray_dog.gr2 vid=22821 part=0 category=2 position=37857,-62223,17856.6 vertices=682 deform_vertices=682 rigid_vertices=0
submitted: GPU-skinned actor part race=101 file=d:\ymir work\monster\stray_dog\stray_dog.gr2 vid=22546 part=0 category=2 position=38495,-61426,17811.2 vertices=499 deform_vertices=499 rigid_vertices=0
material group=0 stage=0 alpha_test=0 blend=0 rigid=0 mesh=0 cull=0 depth_write=1 texture=d:\ymir work\monster\stray_dog\stray_dog.dds race=101 file=d:\ymir work\monster\stray_dog\stray_dog.gr2 vid=22546 part=0 category=2 position=38495,-61426,17811.2 vertices=499 deform_vertices=499 rigid_vertices=0
submitted: GPU-skinned actor part race=101 file=d:\ymir work\monster\stray_dog\stray_dog.gr2 vid=22866 part=0 category=2 position=38513,-61267,17803 vertices=682 deform_vertices=682 rigid_vertices=0
material group=0 stage=0 alpha_test=0 blend=0 rigid=0 mesh=0 cull=0 depth_write=1 texture=d:\ymir work\monster\stray_dog\stray_dog.dds race=101 file=d:\ymir work\monster\stray_dog\stray_dog.gr2 vid=22866 part=0 category=2 position=38513,-61267,17803 vertices=682 deform_vertices=682 rigid_vertices=0
submitted: GPU-skinned actor part race=101 file=d:\ymir work\monster\stray_dog\stray_dog.gr2 vid=23101 part=0 category=2 position=38573,-61070,17793.6 vertices=682 deform_vertices=682 rigid_vertices=0
material group=0 stage=0 alpha_test=0 blend=0 rigid=0 mesh=0 cull=0 depth_write=1 texture=d:\ymir work\monster\stray_dog\stray_dog.dds race=101 file=d:\ymir work\monster\stray_dog\stray_dog.gr2 vid=23101 part=0 category=2 position=38573,-61070,17793.6 vertices=682 deform_vertices=682 rigid_vertices=0
submitted: GPU-skinned actor part race=101 file=d:\ymir work\monster\stray_dog\stray_dog.gr2 vid=22990 part=0 category=2 position=38288,-61229,17802.2 vertices=499 deform_vertices=499 rigid_vertices=0
material group=0 stage=0 alpha_test=0 blend=0 rigid=0 mesh=0 cull=0 depth_write=1 texture=d:\ymir work\monster\stray_dog\stray_dog.dds race=101 file=d:\ymir work\monster\stray_dog\stray_dog.gr2 vid=22990 part=0 category=2 position=38288,-61229,17802.2 vertices=499 deform_vertices=499 rigid_vertices=0
submitted: GPU-skinned actor part race=101 file=d:\ymir work\monster\stray_dog\stray_dog.gr2 vid=23021 part=0 category=2 position=38394,-61237,17802.4 vertices=499 deform_vertices=499 rigid_vertices=0
material group=0 stage=0 alpha_test=0 blend=0 rigid=0 mesh=0 cull=0 depth_write=1 texture=d:\ymir work\monster\stray_dog\stray_dog.dds race=101 file=d:\ymir work\monster\stray_dog\stray_dog.gr2 vid=23021 part=0 category=2 position=38394,-61237,17802.4 vertices=499 deform_vertices=499 rigid_vertices=0
submitted: GPU-skinned actor part race=101 file=d:\ymir work\monster\stray_dog\stray_dog.gr2 vid=23207 part=0 category=2 position=38527,-61332,17806.1 vertices=499 deform_vertices=499 rigid_vertices=0
material group=0 stage=0 alpha_test=0 blend=0 rigid=0 mesh=0 cull=0 depth_write=1 texture=d:\ymir work\monster\stray_dog\stray_dog.dds race=101 file=d:\ymir work\monster\stray_dog\stray_dog.gr2 vid=23207 part=0 category=2 position=38527,-61332,17806.1 vertices=499 deform_vertices=499 rigid_vertices=0
submitted: GPU-skinned actor part race=101 file=d:\ymir work\monster\stray_dog\stray_dog.gr2 vid=22866 part=0 category=2 position=38513,-61267,17803 vertices=499 deform_vertices=499 rigid_vertices=0
material group=0 stage=0 alpha_test=0 blend=0 rigid=0 mesh=0 cull=0 depth_write=1 texture=d:\ymir work\monster\stray_dog\stray_dog.dds race=101 file=d:\ymir work\monster\stray_dog\stray_dog.gr2 vid=22866 part=0 category=2 position=38513,-61267,17803 vertices=499 deform_vertices=499 rigid_vertices=0
submitted: GPU-skinned actor part race=101 file=d:\ymir work\monster\stray_dog\stray_dog.gr2 vid=22999 part=0 category=2 position=38439,-61093,17795.4 vertices=682 deform_vertices=682 rigid_vertices=0
material group=0 stage=0 alpha_test=0 blend=0 rigid=0 mesh=0 cull=0 depth_write=1 texture=d:\ymir work\monster\stray_dog\stray_dog.dds race=101 file=d:\ymir work\monster\stray_dog\stray_dog.gr2 vid=22999 part=0 category=2 position=38439,-61093,17795.4 vertices=682 deform_vertices=682 rigid_vertices=0
submitted: GPU-skinned actor part race=101 file=d:\ymir work\monster\stray_dog\stray_dog.gr2 vid=23007 part=0 category=2 position=38471,-61059,17793.7 vertices=682 deform_vertices=682 rigid_vertices=0
material group=0 stage=0 alpha_test=0 blend=0 rigid=0 mesh=0 cull=0 depth_write=1 texture=d:\ymir work\monster\stray_dog\stray_dog.dds race=101 file=d:\ymir work\monster\stray_dog\stray_dog.gr2 vid=23007 part=0 category=2 position=38471,-61059,17793.7 vertices=682 deform_vertices=682 rigid_vertices=0
submitted: GPU-skinned actor part race=101 file=d:\ymir work\monster\stray_dog\stray_dog.gr2 vid=23320 part=0 category=2 position=38516,-61004,17791.1 vertices=682 deform_vertices=682 rigid_vertices=0
material group=0 stage=0 alpha_test=0 blend=0 rigid=0 mesh=0 cull=0 depth_write=1 texture=d:\ymir work\monster\stray_dog\stray_dog.dds race=101 file=d:\ymir work\monster\stray_dog\stray_dog.gr2 vid=23320 part=0 category=2 position=38516,-61004,17791.1 vertices=682 deform_vertices=682 rigid_vertices=0
submitted: GPU-skinned actor part race=101 file=d:\ymir work\monster\stray_dog\stray_dog.gr2 vid=22651 part=0 category=2 position=38521,-60988,17790.4 vertices=682 deform_vertices=682 rigid_vertices=0
material group=0 stage=0 alpha_test=0 blend=0 rigid=0 mesh=0 cull=0 depth_write=1 texture=d:\ymir work\monster\stray_dog\stray_dog.dds race=101 file=d:\ymir work\monster\stray_dog\stray_dog.gr2 vid=22651 part=0 category=2 position=38521,-60988,17790.4 vertices=682 deform_vertices=682 rigid_vertices=0
submitted: GPU-skinned actor part race=101 file=d:\ymir work\monster\stray_dog\stray_dog.gr2 vid=22855 part=0 category=2 position=37912,-61417,17812.3 vertices=499 deform_vertices=499 rigid_vertices=0
material group=0 stage=0 alpha_test=0 blend=0 rigid=0 mesh=0 cull=0 depth_write=1 texture=d:\ymir work\monster\stray_dog\stray_dog.dds race=101 file=d:\ymir work\monster\stray_dog\stray_dog.gr2 vid=22855 part=0 category=2 position=37912,-61417,17812.3 vertices=499 deform_vertices=499 rigid_vertices=0
submitted: GPU-skinned actor part race=101 file=d:\ymir work\monster\stray_dog\stray_dog.gr2 vid=23006 part=0 category=2 position=37935,-61277,17805 vertices=499 deform_vertices=499 rigid_vertices=0
material group=0 stage=0 alpha_test=0 blend=0 rigid=0 mesh=0 cull=0 depth_write=1 texture=d:\ymir work\monster\stray_dog\stray_dog.dds race=101 file=d:\ymir work\monster\stray_dog\stray_dog.gr2 vid=23006 part=0 category=2 position=37935,-61277,17805 vertices=499 deform_vertices=499 rigid_vertices=0
submitted: GPU-skinned actor part race=101 file=d:\ymir work\monster\stray_dog\stray_dog.gr2 vid=23317 part=0 category=2 position=37985,-61331,17807.9 vertices=499 deform_vertices=499 rigid_vertices=0
material group=0 stage=0 alpha_test=0 blend=0 rigid=0 mesh=0 cull=0 depth_write=1 texture=d:\ymir work\monster\stray_dog\stray_dog.dds race=101 file=d:\ymir work\monster\stray_dog\stray_dog.gr2 vid=23317 part=0 category=2 position=37985,-61331,17807.9 vertices=499 deform_vertices=499 rigid_vertices=0
submitted: GPU-skinned actor part race=101 file=d:\ymir work\monster\stray_dog\stray_dog.gr2 vid=23201 part=0 category=2 position=38028,-61374,17810.1 vertices=499 deform_vertices=499 rigid_vertices=0
material group=0 stage=0 alpha_test=0 blend=0 rigid=0 mesh=0 cull=0 depth_write=1 texture=d:\ymir work\monster\stray_dog\stray_dog.dds race=101 file=d:\ymir work\monster\stray_dog\stray_dog.gr2 vid=23201 part=0 category=2 position=38028,-61374,17810.1 vertices=499 deform_vertices=499 rigid_vertices=0
submitted: GPU-skinned actor part race=101 file=d:\ymir work\monster\stray_dog\stray_dog.gr2 vid=22789 part=0 category=2 position=38073,-61332,17807.9 vertices=499 deform_vertices=499 rigid_vertices=0
material group=0 stage=0 alpha_test=0 blend=0 rigid=0 mesh=0 cull=0 depth_write=1 texture=d:\ymir work\monster\stray_dog\stray_dog.dds race=101 file=d:\ymir work\monster\stray_dog\stray_dog.gr2 vid=22789 part=0 category=2 position=38073,-61332,17807.9 vertices=499 deform_vertices=499 rigid_vertices=0
submitted: GPU-skinned actor part race=101 file=d:\ymir work\monster\stray_dog\stray_dog.gr2 vid=22999 part=0 category=2 position=38439,-61093,17795.4 vertices=499 deform_vertices=499 rigid_vertices=0
material group=0 stage=0 alpha_test=0 blend=0 rigid=0 mesh=0 cull=0 depth_write=1 texture=d:\ymir work\monster\stray_dog\stray_dog.dds race=101 file=d:\ymir work\monster\stray_dog\stray_dog.gr2 vid=22999 part=0 category=2 position=38439,-61093,17795.4 vertices=499 deform_vertices=499 rigid_vertices=0
submitted: GPU-skinned actor part race=101 file=d:\ymir work\monster\stray_dog\stray_dog.gr2 vid=23007 part=0 category=2 position=38471,-61059,17793.7 vertices=499 deform_vertices=499 rigid_vertices=0
material group=0 stage=0 alpha_test=0 blend=0 rigid=0 mesh=0 cull=0 depth_write=1 texture=d:\ymir work\monster\stray_dog\stray_dog.dds race=101 file=d:\ymir work\monster\stray_dog\stray_dog.gr2 vid=23007 part=0 category=2 position=38471,-61059,17793.7 vertices=499 deform_vertices=499 rigid_vertices=0
submitted: GPU-skinned actor part race=101 file=d:\ymir work\monster\stray_dog\stray_dog.gr2 vid=23388 part=0 category=2 position=38703,-61446,17810.4 vertices=499 deform_vertices=499 rigid_vertices=0
material group=0 stage=0 alpha_test=0 blend=0 rigid=0 mesh=0 cull=0 depth_write=1 texture=d:\ymir work\monster\stray_dog\stray_dog.dds race=101 file=d:\ymir work\monster\stray_dog\stray_dog.gr2 vid=23388 part=0 category=2 position=38703,-61446,17810.4 vertices=499 deform_vertices=499 rigid_vertices=0
submitted: GPU-skinned actor part race=101 file=d:\ymir work\monster\stray_dog\stray_dog.gr2 vid=23320 part=0 category=2 position=38516,-61004,17791.1 vertices=499 deform_vertices=499 rigid_vertices=0
material group=0 stage=0 alpha_test=0 blend=0 rigid=0 mesh=0 cull=0 depth_write=1 texture=d:\ymir work\monster\stray_dog\stray_dog.dds race=101 file=d:\ymir work\monster\stray_dog\stray_dog.gr2 vid=23320 part=0 category=2 position=38516,-61004,17791.1 vertices=499 deform_vertices=499 rigid_vertices=0
submitted: GPU-skinned actor part race=101 file=d:\ymir work\monster\stray_dog\stray_dog.gr2 vid=22651 part=0 category=2 position=38521,-60988,17790.4 vertices=499 deform_vertices=499 rigid_vertices=0
material group=0 stage=0 alpha_test=0 blend=0 rigid=0 mesh=0 cull=0 depth_write=1 texture=d:\ymir work\monster\stray_dog\stray_dog.dds race=101 file=d:\ymir work\monster\stray_dog\stray_dog.gr2 vid=22651 part=0 category=2 position=38521,-60988,17790.4 vertices=499 deform_vertices=499 rigid_vertices=0
submitted: GPU-skinned actor part race=101 file=d:\ymir work\monster\stray_dog\stray_dog.gr2 vid=23101 part=0 category=2 position=38573,-61070,17793.6 vertices=499 deform_vertices=499 rigid_vertices=0
material group=0 stage=0 alpha_test=0 blend=0 rigid=0 mesh=0 cull=0 depth_write=1 texture=d:\ymir work\monster\stray_dog\stray_dog.dds race=101 file=d:\ymir work\monster\stray_dog\stray_dog.gr2 vid=23101 part=0 category=2 position=38573,-61070,17793.6 vertices=499 deform_vertices=499 rigid_vertices=0
submitted: GPU-skinned actor part race=101 file=d:\ymir work\monster\stray_dog\stray_dog.gr2 vid=22801 part=0 category=2 position=37742,-61161,17799.2 vertices=499 deform_vertices=499 rigid_vertices=0
material group=0 stage=0 alpha_test=0 blend=0 rigid=0 mesh=0 cull=0 depth_write=1 texture=d:\ymir work\monster\stray_dog\stray_dog.dds race=101 file=d:\ymir work\monster\stray_dog\stray_dog.gr2 vid=22801 part=0 category=2 position=37742,-61161,17799.2 vertices=499 deform_vertices=499 rigid_vertices=0
submitted: GPU-skinned actor part race=101 file=d:\ymir work\monster\stray_dog\stray_dog.gr2 vid=22488 part=0 category=2 position=38043,-61103,17796.6 vertices=499 deform_vertices=499 rigid_vertices=0
material group=0 stage=0 alpha_test=0 blend=0 rigid=0 mesh=0 cull=0 depth_write=1 texture=d:\ymir work\monster\stray_dog\stray_dog.dds race=101 file=d:\ymir work\monster\stray_dog\stray_dog.gr2 vid=22488 part=0 category=2 position=38043,-61103,17796.6 vertices=499 deform_vertices=499 rigid_vertices=0
submitted: GPU-skinned actor part race=101 file=d:\ymir work\monster\stray_dog\stray_dog.gr2 vid=22553 part=0 category=2 position=36743,-60401,17774 vertices=499 deform_vertices=499 rigid_vertices=0
material group=0 stage=0 alpha_test=0 blend=0 rigid=0 mesh=0 cull=0 depth_write=1 texture=d:\ymir work\monster\stray_dog\stray_dog.dds race=101 file=d:\ymir work\monster\stray_dog\stray_dog.gr2 vid=22553 part=0 category=2 position=36743,-60401,17774 vertices=499 deform_vertices=499 rigid_vertices=0
submitted: GPU-skinned actor part race=101 file=d:\ymir work\monster\stray_dog\stray_dog.gr2 vid=23278 part=0 category=2 position=36695,-60281,17771.9 vertices=499 deform_vertices=499 rigid_vertices=0
material group=0 stage=0 alpha_test=0 blend=0 rigid=0 mesh=0 cull=0 depth_write=1 texture=d:\ymir work\monster\stray_dog\stray_dog.dds race=101 file=d:\ymir work\monster\stray_dog\stray_dog.gr2 vid=23278 part=0 category=2 position=36695,-60281,17771.9 vertices=499 deform_vertices=499 rigid_vertices=0
submitted: GPU-skinned actor part race=101 file=d:\ymir work\monster\stray_dog\stray_dog.gr2 vid=22504 part=0 category=2 position=36059,-60867,17786.9 vertices=499 deform_vertices=499 rigid_vertices=0
material group=0 stage=0 alpha_test=0 blend=0 rigid=0 mesh=0 cull=0 depth_write=1 texture=d:\ymir work\monster\stray_dog\stray_dog.dds race=101 file=d:\ymir work\monster\stray_dog\stray_dog.gr2 vid=22504 part=0 category=2 position=36059,-60867,17786.9 vertices=499 deform_vertices=499 rigid_vertices=0
submitted: GPU-skinned actor part race=101 file=d:\ymir work\monster\stray_dog\stray_dog.gr2 vid=23346 part=0 category=2 position=38425.3,-60872.5,17786.3 vertices=499 deform_vertices=499 rigid_vertices=0
material group=0 stage=0 alpha_test=0 blend=0 rigid=0 mesh=0 cull=0 depth_write=1 texture=d:\ymir work\monster\stray_dog\stray_dog.dds race=101 file=d:\ymir work\monster\stray_dog\stray_dog.gr2 vid=23346 part=0 category=2 position=38425.3,-60872.5,17786.3 vertices=499 deform_vertices=499 rigid_vertices=0
submitted: GPU-skinned actor part race=101 file=d:\ymir work\monster\stray_dog\stray_dog.gr2 vid=22556 part=0 category=2 position=38431.3,-60880.2,17786.6 vertices=499 deform_vertices=499 rigid_vertices=0
material group=0 stage=0 alpha_test=0 blend=0 rigid=0 mesh=0 cull=0 depth_write=1 texture=d:\ymir work\monster\stray_dog\stray_dog.dds race=101 file=d:\ymir work\monster\stray_dog\stray_dog.gr2 vid=22556 part=0 category=2 position=38431.3,-60880.2,17786.6 vertices=499 deform_vertices=499 rigid_vertices=0
submitted: GPU-skinned actor part race=101 file=d:\ymir work\monster\stray_dog\stray_dog.gr2 vid=22630 part=0 category=2 position=38561,-60892,17786.8 vertices=499 deform_vertices=499 rigid_vertices=0
material group=0 stage=0 alpha_test=0 blend=0 rigid=0 mesh=0 cull=0 depth_write=1 texture=d:\ymir work\monster\stray_dog\stray_dog.dds race=101 file=d:\ymir work\monster\stray_dog\stray_dog.gr2 vid=22630 part=0 category=2 position=38561,-60892,17786.8 vertices=499 deform_vertices=499 rigid_vertices=0
submitted: GPU-skinned actor part race=101 file=d:\ymir work\monster\stray_dog\stray_dog.gr2 vid=22867 part=0 category=2 position=38636,-61119,17795.3 vertices=499 deform_vertices=499 rigid_vertices=0
material group=0 stage=0 alpha_test=0 blend=0 rigid=0 mesh=0 cull=0 depth_write=1 texture=d:\ymir work\monster\stray_dog\stray_dog.dds race=101 file=d:\ymir work\monster\stray_dog\stray_dog.gr2 vid=22867 part=0 category=2 position=38636,-61119,17795.3 vertices=499 deform_vertices=499 rigid_vertices=0
submitted: GPU-skinned actor part race=101 file=d:\ymir work\monster\stray_dog\stray_dog.gr2 vid=23262 part=0 category=2 position=36192,-60441,17774.9 vertices=499 deform_vertices=499 rigid_vertices=0
material group=0 stage=0 alpha_test=0 blend=0 rigid=0 mesh=0 cull=0 depth_write=1 texture=d:\ymir work\monster\stray_dog\stray_dog.dds race=101 file=d:\ymir work\monster\stray_dog\stray_dog.gr2 vid=23262 part=0 category=2 position=36192,-60441,17774.9 vertices=499 deform_vertices=499 rigid_vertices=0
submitted: GPU-skinned actor part race=101 file=d:\ymir work\monster\stray_dog\stray_dog.gr2 vid=23199 part=0 category=2 position=38651,-61080,17793.5 vertices=499 deform_vertices=499 rigid_vertices=0
material group=0 stage=0 alpha_test=0 blend=0 rigid=0 mesh=0 cull=0 depth_write=1 texture=d:\ymir work\monster\stray_dog\stray_dog.dds race=101 file=d:\ymir work\monster\stray_dog\stray_dog.gr2 vid=23199 part=0 category=2 position=38651,-61080,17793.5 vertices=499 deform_vertices=499 rigid_vertices=0
submitted: GPU-skinned actor part race=101 file=d:\ymir work\monster\stray_dog\stray_dog.gr2 vid=23322 part=0 category=2 position=38661,-61074,17793.2 vertices=499 deform_vertices=499 rigid_vertices=0
material group=0 stage=0 alpha_test=0 blend=0 rigid=0 mesh=0 cull=0 depth_write=1 texture=d:\ymir work\monster\stray_dog\stray_dog.dds race=101 file=d:\ymir work\monster\stray_dog\stray_dog.gr2 vid=23322 part=0 category=2 position=38661,-61074,17793.2 vertices=499 deform_vertices=499 rigid_vertices=0
submitted: GPU-skinned actor part race=101 file=d:\ymir work\monster\stray_dog\stray_dog.gr2 vid=22988 part=0 category=2 position=36247,-60318,17772.6 vertices=499 deform_vertices=499 rigid_vertices=0
material group=0 stage=0 alpha_test=0 blend=0 rigid=0 mesh=0 cull=0 depth_write=1 texture=d:\ymir work\monster\stray_dog\stray_dog.dds race=101 file=d:\ymir work\monster\stray_dog\stray_dog.gr2 vid=22988 part=0 category=2 position=36247,-60318,17772.6 vertices=499 deform_vertices=499 rigid_vertices=0
submitted: GPU-skinned actor part race=101 file=d:\ymir work\monster\stray_dog\stray_dog.gr2 vid=22656 part=0 category=2 position=38571,-60770,17782.7 vertices=499 deform_vertices=499 rigid_vertices=0
material group=0 stage=0 alpha_test=0 blend=0 rigid=0 mesh=0 cull=0 depth_write=1 texture=d:\ymir work\monster\stray_dog\stray_dog.dds race=101 file=d:\ymir work\monster\stray_dog\stray_dog.gr2 vid=22656 part=0 category=2 position=38571,-60770,17782.7 vertices=499 deform_vertices=499 rigid_vertices=0
submitted: GPU-skinned actor part race=101 file=d:\ymir work\monster\stray_dog\stray_dog.gr2 vid=22483 part=0 category=2 position=38724,-61256,17800.7 vertices=499 deform_vertices=499 rigid_vertices=0
material group=0 stage=0 alpha_test=0 blend=0 rigid=0 mesh=0 cull=0 depth_write=1 texture=d:\ymir work\monster\stray_dog\stray_dog.dds race=101 file=d:\ymir work\monster\stray_dog\stray_dog.gr2 vid=22483 part=0 category=2 position=38724,-61256,17800.7 vertices=499 deform_vertices=499 rigid_vertices=0
submitted: GPU-skinned actor part race=101 file=d:\ymir work\monster\stray_dog\stray_dog.gr2 vid=22571 part=0 category=2 position=37741,-60755,17783.2 vertices=499 deform_vertices=499 rigid_vertices=0
material group=0 stage=0 alpha_test=0 blend=0 rigid=0 mesh=0 cull=0 depth_write=1 texture=d:\ymir work\monster\stray_dog\stray_dog.dds race=101 file=d:\ymir work\monster\stray_dog\stray_dog.gr2 vid=22571 part=0 category=2 position=37741,-60755,17783.2 vertices=499 deform_vertices=499 rigid_vertices=0
submitted: GPU-skinned actor part race=101 file=d:\ymir work\monster\stray_dog\stray_dog.gr2 vid=23315 part=0 category=2 position=37807,-60850,17786.4 vertices=499 deform_vertices=499 rigid_vertices=0
material group=0 stage=0 alpha_test=0 blend=0 rigid=0 mesh=0 cull=0 depth_write=1 texture=d:\ymir work\monster\stray_dog\stray_dog.dds race=101 file=d:\ymir work\monster\stray_dog\stray_dog.gr2 vid=23315 part=0 category=2 position=37807,-60850,17786.4 vertices=499 deform_vertices=499 rigid_vertices=0
submitted: GPU-skinned actor part race=101 file=d:\ymir work\monster\stray_dog\stray_dog.gr2 vid=23266 part=0 category=2 position=37878,-60710,17781.8 vertices=499 deform_vertices=499 rigid_vertices=0
material group=0 stage=0 alpha_test=0 blend=0 rigid=0 mesh=0 cull=0 depth_write=1 texture=d:\ymir work\monster\stray_dog\stray_dog.dds race=101 file=d:\ymir work\monster\stray_dog\stray_dog.gr2 vid=23266 part=0 category=2 position=37878,-60710,17781.8 vertices=499 deform_vertices=499 rigid_vertices=0
submitted: GPU-skinned actor part race=101 file=d:\ymir work\monster\stray_dog\stray_dog.gr2 vid=23189 part=0 category=2 position=38092,-60811,17784.9 vertices=499 deform_vertices=499 rigid_vertices=0
material group=0 stage=0 alpha_test=0 blend=0 rigid=0 mesh=0 cull=0 depth_write=1 texture=d:\ymir work\monster\stray_dog\stray_dog.dds race=101 file=d:\ymir work\monster\stray_dog\stray_dog.gr2 vid=23189 part=0 category=2 position=38092,-60811,17784.9 vertices=499 deform_vertices=499 rigid_vertices=0
submitted: GPU-skinned actor part race=101 file=d:\ymir work\monster\stray_dog\stray_dog.gr2 vid=23233 part=0 category=2 position=38216,-60768,17783.5 vertices=499 deform_vertices=499 rigid_vertices=0
material group=0 stage=0 alpha_test=0 blend=0 rigid=0 mesh=0 cull=0 depth_write=1 texture=d:\ymir work\monster\stray_dog\stray_dog.dds race=101 file=d:\ymir work\monster\stray_dog\stray_dog.gr2 vid=23233 part=0 category=2 position=38216,-60768,17783.5 vertices=499 deform_vertices=499 rigid_vertices=0
submitted: GPU-skinned actor part race=101 file=d:\ymir work\monster\stray_dog\stray_dog.gr2 vid=22500 part=0 category=2 position=38307,-60770,17783.3 vertices=499 deform_vertices=499 rigid_vertices=0
material group=0 stage=0 alpha_test=0 blend=0 rigid=0 mesh=0 cull=0 depth_write=1 texture=d:\ymir work\monster\stray_dog\stray_dog.dds race=101 file=d:\ymir work\monster\stray_dog\stray_dog.gr2 vid=22500 part=0 category=2 position=38307,-60770,17783.3 vertices=499 deform_vertices=499 rigid_vertices=0
submitted: GPU-skinned actor part race=101 file=d:\ymir work\monster\stray_dog\stray_dog.gr2 vid=22775 part=0 category=2 position=38356,-60655,17779.8 vertices=499 deform_vertices=499 rigid_vertices=0
material group=0 stage=0 alpha_test=0 blend=0 rigid=0 mesh=0 cull=0 depth_write=1 texture=d:\ymir work\monster\stray_dog\stray_dog.dds race=101 file=d:\ymir work\monster\stray_dog\stray_dog.gr2 vid=22775 part=0 category=2 position=38356,-60655,17779.8 vertices=499 deform_vertices=499 rigid_vertices=0
submitted: GPU-skinned actor part race=101 file=d:\ymir work\monster\stray_dog\stray_dog.gr2 vid=23218 part=0 category=2 position=38470,-60595,17777.7 vertices=499 deform_vertices=499 rigid_vertices=0
material group=0 stage=0 alpha_test=0 blend=0 rigid=0 mesh=0 cull=0 depth_write=1 texture=d:\ymir work\monster\stray_dog\stray_dog.dds race=101 file=d:\ymir work\monster\stray_dog\stray_dog.gr2 vid=23218 part=0 category=2 position=38470,-60595,17777.7 vertices=499 deform_vertices=499 rigid_vertices=0
submitted: GPU-skinned actor part race=101 file=d:\ymir work\monster\stray_dog\stray_dog.gr2 vid=22707 part=0 category=2 position=36235,-60230,17771 vertices=499 deform_vertices=499 rigid_vertices=0
material group=0 stage=0 alpha_test=0 blend=0 rigid=0 mesh=0 cull=0 depth_write=1 texture=d:\ymir work\monster\stray_dog\stray_dog.dds race=101 file=d:\ymir work\monster\stray_dog\stray_dog.gr2 vid=22707 part=0 category=2 position=36235,-60230,17771 vertices=499 deform_vertices=499 rigid_vertices=0
submitted: GPU-skinned actor part race=101 file=d:\ymir work\monster\stray_dog\stray_dog.gr2 vid=23398 part=0 category=2 position=36423,-59997,17768 vertices=499 deform_vertices=499 rigid_vertices=0
material group=0 stage=0 alpha_test=0 blend=0 rigid=0 mesh=0 cull=0 depth_write=1 texture=d:\ymir work\monster\stray_dog\stray_dog.dds race=101 file=d:\ymir work\monster\stray_dog\stray_dog.gr2 vid=23398 part=0 category=2 position=36423,-59997,17768 vertices=499 deform_vertices=499 rigid_vertices=0
submitted: GPU-skinned actor part race=101 file=d:\ymir work\monster\stray_dog\stray_dog.gr2 vid=22713 part=0 category=2 position=36345,-60033,17768.4 vertices=499 deform_vertices=499 rigid_vertices=0
material group=0 stage=0 alpha_test=0 blend=0 rigid=0 mesh=0 cull=0 depth_write=1 texture=d:\ymir work\monster\stray_dog\stray_dog.dds race=101 file=d:\ymir work\monster\stray_dog\stray_dog.gr2 vid=22713 part=0 category=2 position=36345,-60033,17768.4 vertices=499 deform_vertices=499 rigid_vertices=0
submitted: GPU-skinned actor part race=101 file=d:\ymir work\monster\stray_dog\stray_dog.gr2 vid=23396 part=0 category=2 position=38624,-60655,17779 vertices=499 deform_vertices=499 rigid_vertices=0
material group=0 stage=0 alpha_test=0 blend=0 rigid=0 mesh=0 cull=0 depth_write=1 texture=d:\ymir work\monster\stray_dog\stray_dog.dds race=101 file=d:\ymir work\monster\stray_dog\stray_dog.gr2 vid=23396 part=0 category=2 position=38624,-60655,17779 vertices=499 deform_vertices=499 rigid_vertices=0
submitted: GPU-skinned actor part race=101 file=d:\ymir work\monster\stray_dog\stray_dog.gr2 vid=23110 part=0 category=2 position=38648,-60758,17781.9 vertices=499 deform_vertices=499 rigid_vertices=0
material group=0 stage=0 alpha_test=0 blend=0 rigid=0 mesh=0 cull=0 depth_write=1 texture=d:\ymir work\monster\stray_dog\stray_dog.dds race=101 file=d:\ymir work\monster\stray_dog\stray_dog.gr2 vid=23110 part=0 category=2 position=38648,-60758,17781.9 vertices=499 deform_vertices=499 rigid_vertices=0
submitted: GPU-skinned actor part race=101 file=d:\ymir work\monster\stray_dog\stray_dog.gr2 vid=23148 part=0 category=2 position=36077,-60213,17770.7 vertices=499 deform_vertices=499 rigid_vertices=0
material group=0 stage=0 alpha_test=0 blend=0 rigid=0 mesh=0 cull=0 depth_write=1 texture=d:\ymir work\monster\stray_dog\stray_dog.dds race=101 file=d:\ymir work\monster\stray_dog\stray_dog.gr2 vid=23148 part=0 category=2 position=36077,-60213,17770.7 vertices=499 deform_vertices=499 rigid_vertices=0
submitted: GPU-skinned actor part race=101 file=d:\ymir work\monster\stray_dog\stray_dog.gr2 vid=23119 part=0 category=2 position=38671,-60741,17781.2 vertices=499 deform_vertices=499 rigid_vertices=0
material group=0 stage=0 alpha_test=0 blend=0 rigid=0 mesh=0 cull=0 depth_write=1 texture=d:\ymir work\monster\stray_dog\stray_dog.dds race=101 file=d:\ymir work\monster\stray_dog\stray_dog.gr2 vid=23119 part=0 category=2 position=38671,-60741,17781.2 vertices=499 deform_vertices=499 rigid_vertices=0
submitted: GPU-skinned actor part race=101 file=d:\ymir work\monster\stray_dog\stray_dog.gr2 vid=23374 part=0 category=2 position=38726,-61000,17789.6 vertices=499 deform_vertices=499 rigid_vertices=0
material group=0 stage=0 alpha_test=0 blend=0 rigid=0 mesh=0 cull=0 depth_write=1 texture=d:\ymir work\monster\stray_dog\stray_dog.dds race=101 file=d:\ymir work\monster\stray_dog\stray_dog.gr2 vid=23374 part=0 category=2 position=38726,-61000,17789.6 vertices=499 deform_vertices=499 rigid_vertices=0
submitted: GPU-skinned actor part race=101 file=d:\ymir work\monster\stray_dog\stray_dog.gr2 vid=22741 part=0 category=2 position=37449,-60433,17774.7 vertices=682 deform_vertices=682 rigid_vertices=0
material group=0 stage=0 alpha_test=0 blend=0 rigid=0 mesh=0 cull=0 depth_write=1 texture=d:\ymir work\monster\stray_dog\stray_dog.dds race=101 file=d:\ymir work\monster\stray_dog\stray_dog.gr2 vid=22741 part=0 category=2 position=37449,-60433,17774.7 vertices=682 deform_vertices=682 rigid_vertices=0
submitted: GPU-skinned actor part race=101 file=d:\ymir work\monster\stray_dog\stray_dog.gr2 vid=23301 part=0 category=2 position=37575,-60438,17774.9 vertices=682 deform_vertices=682 rigid_vertices=0
material group=0 stage=0 alpha_test=0 blend=0 rigid=0 mesh=0 cull=0 depth_write=1 texture=d:\ymir work\monster\stray_dog\stray_dog.dds race=101 file=d:\ymir work\monster\stray_dog\stray_dog.gr2 vid=23301 part=0 category=2 position=37575,-60438,17774.9 vertices=682 deform_vertices=682 rigid_vertices=0
submitted: GPU-skinned actor part race=101 file=d:\ymir work\monster\stray_dog\stray_dog.gr2 vid=23421 part=0 category=2 position=37684,-60587,17778.2 vertices=682 deform_vertices=682 rigid_vertices=0
material group=0 stage=0 alpha_test=0 blend=0 rigid=0 mesh=0 cull=0 depth_write=1 texture=d:\ymir work\monster\stray_dog\stray_dog.dds race=101 file=d:\ymir work\monster\stray_dog\stray_dog.gr2 vid=23421 part=0 category=2 position=37684,-60587,17778.2 vertices=682 deform_vertices=682 rigid_vertices=0
submitted: GPU-skinned actor part race=101 file=d:\ymir work\monster\stray_dog\stray_dog.gr2 vid=22935 part=0 category=2 position=37702.2,-60721.9,17782.3 vertices=682 deform_vertices=682 rigid_vertices=0
material group=0 stage=0 alpha_test=0 blend=0 rigid=0 mesh=0 cull=0 depth_write=1 texture=d:\ymir work\monster\stray_dog\stray_dog.dds race=101 file=d:\ymir work\monster\stray_dog\stray_dog.gr2 vid=22935 part=0 category=2 position=37702.2,-60721.9,17782.3 vertices=682 deform_vertices=682 rigid_vertices=0
submitted: GPU-skinned actor part race=101 file=d:\ymir work\monster\stray_dog\stray_dog.gr2 vid=22779 part=0 category=2 position=37770,-60609,17778.8 vertices=682 deform_vertices=682 rigid_vertices=0
material group=0 stage=0 alpha_test=0 blend=0 rigid=0 mesh=0 cull=0 depth_write=1 texture=d:\ymir work\monster\stray_dog\stray_dog.dds race=101 file=d:\ymir work\monster\stray_dog\stray_dog.gr2 vid=22779 part=0 category=2 position=37770,-60609,17778.8 vertices=682 deform_vertices=682 rigid_vertices=0
submitted: GPU-skinned actor part race=101 file=d:\ymir work\monster\stray_dog\stray_dog.gr2 vid=22571 part=0 category=2 position=37741,-60755,17783.2 vertices=682 deform_vertices=682 rigid_vertices=0
material group=0 stage=0 alpha_test=0 blend=0 rigid=0 mesh=0 cull=0 depth_write=1 texture=d:\ymir work\monster\stray_dog\stray_dog.dds race=101 file=d:\ymir work\monster\stray_dog\stray_dog.gr2 vid=22571 part=0 category=2 position=37741,-60755,17783.2 vertices=682 deform_vertices=682 rigid_vertices=0
submitted: GPU-skinned actor part race=101 file=d:\ymir work\monster\stray_dog\stray_dog.gr2 vid=23408 part=0 category=2 position=37806,-60410,17774.3 vertices=682 deform_vertices=682 rigid_vertices=0
material group=0 stage=0 alpha_test=0 blend=0 rigid=0 mesh=0 cull=0 depth_write=1 texture=d:\ymir work\monster\stray_dog\stray_dog.dds race=101 file=d:\ymir work\monster\stray_dog\stray_dog.gr2 vid=23408 part=0 category=2 position=37806,-60410,17774.3 vertices=682 deform_vertices=682 rigid_vertices=0
submitted: GPU-skinned actor part race=101 file=d:\ymir work\monster\stray_dog\stray_dog.gr2 vid=22642 part=0 category=2 position=37854,-60598,17778.5 vertices=682 deform_vertices=682 rigid_vertices=0
material group=0 stage=0 alpha_test=0 blend=0 rigid=0 mesh=0 cull=0 depth_write=1 texture=d:\ymir work\monster\stray_dog\stray_dog.dds race=101 file=d:\ymir work\monster\stray_dog\stray_dog.gr2 vid=22642 part=0 category=2 position=37854,-60598,17778.5 vertices=682 deform_vertices=682 rigid_vertices=0
submitted: GPU-skinned actor part race=101 file=d:\ymir work\monster\stray_dog\stray_dog.gr2 vid=23176 part=0 category=2 position=37862,-60584,17778.1 vertices=499 deform_vertices=499 rigid_vertices=0
material group=0 stage=0 alpha_test=0 blend=0 rigid=0 mesh=0 cull=0 depth_write=1 texture=d:\ymir work\monster\stray_dog\stray_dog.dds race=101 file=d:\ymir work\monster\stray_dog\stray_dog.gr2 vid=23176 part=0 category=2 position=37862,-60584,17778.1 vertices=499 deform_vertices=499 rigid_vertices=0
submitted: GPU-skinned actor part race=101 file=d:\ymir work\monster\stray_dog\stray_dog.gr2 vid=22731 part=0 category=2 position=38019,-60411,17774.2 vertices=499 deform_vertices=499 rigid_vertices=0
material group=0 stage=0 alpha_test=0 blend=0 rigid=0 mesh=0 cull=0 depth_write=1 texture=d:\ymir work\monster\stray_dog\stray_dog.dds race=101 file=d:\ymir work\monster\stray_dog\stray_dog.gr2 vid=22731 part=0 category=2 position=38019,-60411,17774.2 vertices=499 deform_vertices=499 rigid_vertices=0
submitted: GPU-skinned actor part race=101 file=d:\ymir work\monster\stray_dog\stray_dog.gr2 vid=22578 part=0 category=2 position=38067,-60401,17774 vertices=499 deform_vertices=499 rigid_vertices=0
material group=0 stage=0 alpha_test=0 blend=0 rigid=0 mesh=0 cull=0 depth_write=1 texture=d:\ymir work\monster\stray_dog\stray_dog.dds race=101 file=d:\ymir work\monster\stray_dog\stray_dog.gr2 vid=22578 part=0 category=2 position=38067,-60401,17774 vertices=499 deform_vertices=499 rigid_vertices=0
submitted: GPU-skinned actor part race=101 file=d:\ymir work\monster\stray_dog\stray_dog.gr2 vid=23252 part=0 category=2 position=38180,-60382,17773.7 vertices=499 deform_vertices=499 rigid_vertices=0
material group=0 stage=0 alpha_test=0 blend=0 rigid=0 mesh=0 cull=0 depth_write=1 texture=d:\ymir work\monster\stray_dog\stray_dog.dds race=101 file=d:\ymir work\monster\stray_dog\stray_dog.gr2 vid=23252 part=0 category=2 position=38180,-60382,17773.7 vertices=499 deform_vertices=499 rigid_vertices=0
submitted: GPU-skinned actor part race=101 file=d:\ymir work\monster\stray_dog\stray_dog.gr2 vid=22950 part=0 category=2 position=38268,-60565,17777.5 vertices=499 deform_vertices=499 rigid_vertices=0
material group=0 stage=0 alpha_test=0 blend=0 rigid=0 mesh=0 cull=0 depth_write=1 texture=d:\ymir work\monster\stray_dog\stray_dog.dds race=101 file=d:\ymir work\monster\stray_dog\stray_dog.gr2 vid=22950 part=0 category=2 position=38268,-60565,17777.5 vertices=499 deform_vertices=499 rigid_vertices=0
submitted: GPU-skinned actor part race=101 file=d:\ymir work\monster\stray_dog\stray_dog.gr2 vid=23333 part=0 category=2 position=38258.6,-60413,17774 vertices=499 deform_vertices=499 rigid_vertices=0
material group=0 stage=0 alpha_test=0 blend=0 rigid=0 mesh=0 cull=0 depth_write=1 texture=d:\ymir work\monster\stray_dog\stray_dog.dds race=101 file=d:\ymir work\monster\stray_dog\stray_dog.gr2 vid=23333 part=0 category=2 position=38258.6,-60413,17774 vertices=499 deform_vertices=499 rigid_vertices=0
submitted: GPU-skinned actor part race=101 file=d:\ymir work\monster\stray_dog\stray_dog.gr2 vid=22476 part=0 category=2 position=38338,-60585,17777.8 vertices=499 deform_vertices=499 rigid_vertices=0
material group=0 stage=0 alpha_test=0 blend=0 rigid=0 mesh=0 cull=0 depth_write=1 texture=d:\ymir work\monster\stray_dog\stray_dog.dds race=101 file=d:\ymir work\monster\stray_dog\stray_dog.gr2 vid=22476 part=0 category=2 position=38338,-60585,17777.8 vertices=499 deform_vertices=499 rigid_vertices=0
submitted: GPU-skinned actor part race=101 file=d:\ymir work\monster\stray_dog\stray_dog.gr2 vid=23214 part=0 category=2 position=38397,-60552,17776.9 vertices=499 deform_vertices=499 rigid_vertices=0
material group=0 stage=0 alpha_test=0 blend=0 rigid=0 mesh=0 cull=0 depth_write=1 texture=d:\ymir work\monster\stray_dog\stray_dog.dds race=101 file=d:\ymir work\monster\stray_dog\stray_dog.gr2 vid=23214 part=0 category=2 position=38397,-60552,17776.9 vertices=499 deform_vertices=499 rigid_vertices=0
submitted: GPU-skinned actor part race=101 file=d:\ymir work\monster\stray_dog\stray_dog.gr2 vid=22951 part=0 category=2 position=38486,-60539,17776.4 vertices=499 deform_vertices=499 rigid_vertices=0
material group=0 stage=0 alpha_test=0 blend=0 rigid=0 mesh=0 cull=0 depth_write=1 texture=d:\ymir work\monster\stray_dog\stray_dog.dds race=101 file=d:\ymir work\monster\stray_dog\stray_dog.gr2 vid=22951 part=0 category=2 position=38486,-60539,17776.4 vertices=499 deform_vertices=499 rigid_vertices=0
submitted: GPU-skinned actor part race=101 file=d:\ymir work\monster\stray_dog\stray_dog.gr2 vid=23082 part=0 category=2 position=38501,-60523,17776 vertices=499 deform_vertices=499 rigid_vertices=0
material group=0 stage=0 alpha_test=0 blend=0 rigid=0 mesh=0 cull=0 depth_write=1 texture=d:\ymir work\monster\stray_dog\stray_dog.dds race=101 file=d:\ymir work\monster\stray_dog\stray_dog.gr2 vid=23082 part=0 category=2 position=38501,-60523,17776 vertices=499 deform_vertices=499 rigid_vertices=0
submitted: GPU-skinned actor part race=101 file=d:\ymir work\monster\stray_dog\stray_dog.gr2 vid=22908 part=0 category=2 position=38525,-60534,17776.2 vertices=499 deform_vertices=499 rigid_vertices=0
material group=0 stage=0 alpha_test=0 blend=0 rigid=0 mesh=0 cull=0 depth_write=1 texture=d:\ymir work\monster\stray_dog\stray_dog.dds race=101 file=d:\ymir work\monster\stray_dog\stray_dog.gr2 vid=22908 part=0 category=2 position=38525,-60534,17776.2 vertices=499 deform_vertices=499 rigid_vertices=0
submitted: GPU-skinned actor part race=101 file=d:\ymir work\monster\stray_dog\stray_dog.gr2 vid=22652 part=0 category=2 position=38610,-60417,17773.3 vertices=499 deform_vertices=499 rigid_vertices=0
material group=0 stage=0 alpha_test=0 blend=0 rigid=0 mesh=0 cull=0 depth_write=1 texture=d:\ymir work\monster\stray_dog\stray_dog.dds race=101 file=d:\ymir work\monster\stray_dog\stray_dog.gr2 vid=22652 part=0 category=2 position=38610,-60417,17773.3 vertices=499 deform_vertices=499 rigid_vertices=0
submitted: GPU-skinned actor part race=101 file=d:\ymir work\monster\stray_dog\stray_dog.gr2 vid=22567 part=0 category=2 position=36719,-59423,17767 vertices=499 deform_vertices=499 rigid_vertices=0
material group=0 stage=0 alpha_test=0 blend=0 rigid=0 mesh=0 cull=0 depth_write=1 texture=d:\ymir work\monster\stray_dog\stray_dog.dds race=101 file=d:\ymir work\monster\stray_dog\stray_dog.gr2 vid=22567 part=0 category=2 position=36719,-59423,17767 vertices=499 deform_vertices=499 rigid_vertices=0
submitted: GPU-skinned actor part race=101 file=d:\ymir work\monster\stray_dog\stray_dog.gr2 vid=23039 part=0 category=2 position=38732,-60626,17777.6 vertices=499 deform_vertices=499 rigid_vertices=0
material group=0 stage=0 alpha_test=0 blend=0 rigid=0 mesh=0 cull=0 depth_write=1 texture=d:\ymir work\monster\stray_dog\stray_dog.dds race=101 file=d:\ymir work\monster\stray_dog\stray_dog.gr2 vid=23039 part=0 category=2 position=38732,-60626,17777.6 vertices=499 deform_vertices=499 rigid_vertices=0
submitted: GPU-skinned actor part race=101 file=d:\ymir work\monster\stray_dog\stray_dog.gr2 vid=22790 part=0 category=2 position=36227,-59739,17767 vertices=499 deform_vertices=499 rigid_vertices=0
material group=0 stage=0 alpha_test=0 blend=0 rigid=0 mesh=0 cull=0 depth_write=1 texture=d:\ymir work\monster\stray_dog\stray_dog.dds race=101 file=d:\ymir work\monster\stray_dog\stray_dog.gr2 vid=22790 part=0 category=2 position=36227,-59739,17767 vertices=499 deform_vertices=499 rigid_vertices=0
submitted: GPU-skinned actor part race=101 file=d:\ymir work\monster\stray_dog\stray_dog.gr2 vid=22608 part=0 category=2 position=38771,-60420,17773 vertices=499 deform_vertices=499 rigid_vertices=0
material group=0 stage=0 alpha_test=0 blend=0 rigid=0 mesh=0 cull=0 depth_write=1 texture=d:\ymir work\monster\stray_dog\stray_dog.dds race=101 file=d:\ymir work\monster\stray_dog\stray_dog.gr2 vid=22608 part=0 category=2 position=38771,-60420,17773 vertices=499 deform_vertices=499 rigid_vertices=0
submitted: GPU-skinned actor part race=101 file=d:\ymir work\monster\stray_dog\stray_dog.gr2 vid=22913 part=0 category=2 position=36026.4,-60099.1,17769.3 vertices=499 deform_vertices=499 rigid_vertices=0
material group=0 stage=0 alpha_test=0 blend=0 rigid=0 mesh=0 cull=0 depth_write=1 texture=d:\ymir work\monster\stray_dog\stray_dog.dds race=101 file=d:\ymir work\monster\stray_dog\stray_dog.gr2 vid=22913 part=0 category=2 position=36026.4,-60099.1,17769.3 vertices=499 deform_vertices=499 rigid_vertices=0
submitted: GPU-skinned actor part race=101 file=d:\ymir work\monster\stray_dog\stray_dog.gr2 vid=23102 part=0 category=2 position=36309,-59601,17767 vertices=499 deform_vertices=499 rigid_vertices=0
material group=0 stage=0 alpha_test=0 blend=0 rigid=0 mesh=0 cull=0 depth_write=1 texture=d:\ymir work\monster\stray_dog\stray_dog.dds race=101 file=d:\ymir work\monster\stray_dog\stray_dog.gr2 vid=23102 part=0 category=2 position=36309,-59601,17767 vertices=499 deform_vertices=499 rigid_vertices=0
submitted: GPU-skinned actor part race=101 file=d:\ymir work\monster\stray_dog\stray_dog.gr2 vid=22845 part=0 category=2 position=38805.2,-60401.4,17772.4 vertices=499 deform_vertices=499 rigid_vertices=0
material group=0 stage=0 alpha_test=0 blend=0 rigid=0 mesh=0 cull=0 depth_write=1 texture=d:\ymir work\monster\stray_dog\stray_dog.dds race=101 file=d:\ymir work\monster\stray_dog\stray_dog.gr2 vid=22845 part=0 category=2 position=38805.2,-60401.4,17772.4 vertices=499 deform_vertices=499 rigid_vertices=0
submitted: GPU-skinned actor part race=101 file=d:\ymir work\monster\stray_dog\stray_dog.gr2 vid=22519 part=0 category=2 position=35985,-60096,17769.2 vertices=499 deform_vertices=499 rigid_vertices=0
material group=0 stage=0 alpha_test=0 blend=0 rigid=0 mesh=0 cull=0 depth_write=1 texture=d:\ymir work\monster\stray_dog\stray_dog.dds race=101 file=d:\ymir work\monster\stray_dog\stray_dog.gr2 vid=22519 part=0 category=2 position=35985,-60096,17769.2 vertices=499 deform_vertices=499 rigid_vertices=0
submitted: GPU-skinned actor part race=101 file=d:\ymir work\monster\stray_dog\stray_dog.gr2 vid=22676 part=0 category=2 position=36334,-59518,17767 vertices=499 deform_vertices=499 rigid_vertices=0
material group=0 stage=0 alpha_test=0 blend=0 rigid=0 mesh=0 cull=0 depth_write=1 texture=d:\ymir work\monster\stray_dog\stray_dog.dds race=101 file=d:\ymir work\monster\stray_dog\stray_dog.gr2 vid=22676 part=0 category=2 position=36334,-59518,17767 vertices=499 deform_vertices=499 rigid_vertices=0
submitted: GPU-skinned actor part race=101 file=d:\ymir work\monster\stray_dog\stray_dog.gr2 vid=23174 part=0 category=2 position=36175,-59663,17767 vertices=499 deform_vertices=499 rigid_vertices=0
material group=0 stage=0 alpha_test=0 blend=0 rigid=0 mesh=0 cull=0 depth_write=1 texture=d:\ymir work\monster\stray_dog\stray_dog.dds race=101 file=d:\ymir work\monster\stray_dog\stray_dog.gr2 vid=23174 part=0 category=2 position=36175,-59663,17767 vertices=499 deform_vertices=499 rigid_vertices=0
submitted: GPU-skinned actor part race=101 file=d:\ymir work\monster\stray_dog\stray_dog.gr2 vid=23147 part=0 category=2 position=37583,-60082,17769 vertices=682 deform_vertices=682 rigid_vertices=0
material group=0 stage=0 alpha_test=0 blend=0 rigid=0 mesh=0 cull=0 depth_write=1 texture=d:\ymir work\monster\stray_dog\stray_dog.dds race=101 file=d:\ymir work\monster\stray_dog\stray_dog.gr2 vid=23147 part=0 category=2 position=37583,-60082,17769 vertices=682 deform_vertices=682 rigid_vertices=0
submitted: GPU-skinned actor part race=101 file=d:\ymir work\monster\stray_dog\stray_dog.gr2 vid=22772 part=0 category=2 position=37704,-60177,17770.2 vertices=682 deform_vertices=682 rigid_vertices=0
material group=0 stage=0 alpha_test=0 blend=0 rigid=0 mesh=0 cull=0 depth_write=1 texture=d:\ymir work\monster\stray_dog\stray_dog.dds race=101 file=d:\ymir work\monster\stray_dog\stray_dog.gr2 vid=22772 part=0 category=2 position=37704,-60177,17770.2 vertices=682 deform_vertices=682 rigid_vertices=0
submitted: GPU-skinned actor part race=101 file=d:\ymir work\monster\stray_dog\stray_dog.gr2 vid=22691 part=0 category=2 position=37649,-60276,17771.8 vertices=682 deform_vertices=682 rigid_vertices=0
material group=0 stage=0 alpha_test=0 blend=0 rigid=0 mesh=0 cull=0 depth_write=1 texture=d:\ymir work\monster\stray_dog\stray_dog.dds race=101 file=d:\ymir work\monster\stray_dog\stray_dog.gr2 vid=22691 part=0 category=2 position=37649,-60276,17771.8 vertices=682 deform_vertices=682 rigid_vertices=0
submitted: GPU-skinned actor part race=101 file=d:\ymir work\monster\stray_dog\stray_dog.gr2 vid=22870 part=0 category=2 position=37666,-60344,17773 vertices=682 deform_vertices=682 rigid_vertices=0
material group=0 stage=0 alpha_test=0 blend=0 rigid=0 mesh=0 cull=0 depth_write=1 texture=d:\ymir work\monster\stray_dog\stray_dog.dds race=101 file=d:\ymir work\monster\stray_dog\stray_dog.gr2 vid=22870 part=0 category=2 position=37666,-60344,17773 vertices=682 deform_vertices=682 rigid_vertices=0
submitted: GPU-skinned actor part race=101 file=d:\ymir work\monster\stray_dog\stray_dog.gr2 vid=22674 part=0 category=2 position=37953,-60201,17770.5 vertices=682 deform_vertices=682 rigid_vertices=0
material group=0 stage=0 alpha_test=0 blend=0 rigid=0 mesh=0 cull=0 depth_write=1 texture=d:\ymir work\monster\stray_dog\stray_dog.dds race=101 file=d:\ymir work\monster\stray_dog\stray_dog.gr2 vid=22674 part=0 category=2 position=37953,-60201,17770.5 vertices=682 deform_vertices=682 rigid_vertices=0
submitted: GPU-skinned actor part race=101 file=d:\ymir work\monster\stray_dog\stray_dog.gr2 vid=23150 part=0 category=2 position=37971,-60186,17770.3 vertices=682 deform_vertices=682 rigid_vertices=0
material group=0 stage=0 alpha_test=0 blend=0 rigid=0 mesh=0 cull=0 depth_write=1 texture=d:\ymir work\monster\stray_dog\stray_dog.dds race=101 file=d:\ymir work\monster\stray_dog\stray_dog.gr2 vid=23150 part=0 category=2 position=37971,-60186,17770.3 vertices=682 deform_vertices=682 rigid_vertices=0
submitted: GPU-skinned actor part race=101 file=d:\ymir work\monster\stray_dog\stray_dog.gr2 vid=23270 part=0 category=2 position=37994,-60171,17770.1 vertices=682 deform_vertices=682 rigid_vertices=0
material group=0 stage=0 alpha_test=0 blend=0 rigid=0 mesh=0 cull=0 depth_write=1 texture=d:\ymir work\monster\stray_dog\stray_dog.dds race=101 file=d:\ymir work\monster\stray_dog\stray_dog.gr2 vid=23270 part=0 category=2 position=37994,-60171,17770.1 vertices=682 deform_vertices=682 rigid_vertices=0
submitted: GPU-skinned actor part race=101 file=d:\ymir work\monster\stray_dog\stray_dog.gr2 vid=23155 part=0 category=2 position=38011,-60099,17769.2 vertices=682 deform_vertices=682 rigid_vertices=0
material group=0 stage=0 alpha_test=0 blend=0 rigid=0 mesh=0 cull=0 depth_write=1 texture=d:\ymir work\monster\stray_dog\stray_dog.dds race=101 file=d:\ymir work\monster\stray_dog\stray_dog.gr2 vid=23155 part=0 category=2 position=38011,-60099,17769.2 vertices=682 deform_vertices=682 rigid_vertices=0
submitted: GPU-skinned actor part race=101 file=d:\ymir work\monster\stray_dog\stray_dog.gr2 vid=23221 part=0 category=2 position=37990,-60280,17771.9 vertices=682 deform_vertices=682 rigid_vertices=0
material group=0 stage=0 alpha_test=0 blend=0 rigid=0 mesh=0 cull=0 depth_write=1 texture=d:\ymir work\monster\stray_dog\stray_dog.dds race=101 file=d:\ymir work\monster\stray_dog\stray_dog.gr2 vid=23221 part=0 category=2 position=37990,-60280,17771.9 vertices=682 deform_vertices=682 rigid_vertices=0
submitted: GPU-skinned actor part race=101 file=d:\ymir work\monster\stray_dog\stray_dog.gr2 vid=22881 part=0 category=2 position=38014,-60075,17768.9 vertices=682 deform_vertices=682 rigid_vertices=0
material group=0 stage=0 alpha_test=0 blend=0 rigid=0 mesh=0 cull=0 depth_write=1 texture=d:\ymir work\monster\stray_dog\stray_dog.dds race=101 file=d:\ymir work\monster\stray_dog\stray_dog.gr2 vid=22881 part=0 category=2 position=38014,-60075,17768.9 vertices=682 deform_vertices=682 rigid_vertices=0
submitted: GPU-skinned actor part race=101 file=d:\ymir work\monster\stray_dog\stray_dog.gr2 vid=22933 part=0 category=2 position=38012,-60282,17771.9 vertices=682 deform_vertices=682 rigid_vertices=0
material group=0 stage=0 alpha_test=0 blend=0 rigid=0 mesh=0 cull=0 depth_write=1 texture=d:\ymir work\monster\stray_dog\stray_dog.dds race=101 file=d:\ymir work\monster\stray_dog\stray_dog.gr2 vid=22933 part=0 category=2 position=38012,-60282,17771.9 vertices=682 deform_vertices=682 rigid_vertices=0
submitted: GPU-skinned actor part race=101 file=d:\ymir work\monster\stray_dog\stray_dog.gr2 vid=22792 part=0 category=2 position=38045,-60306,17772.4 vertices=499 deform_vertices=499 rigid_vertices=0
material group=0 stage=0 alpha_test=0 blend=0 rigid=0 mesh=0 cull=0 depth_write=1 texture=d:\ymir work\monster\stray_dog\stray_dog.dds race=101 file=d:\ymir work\monster\stray_dog\stray_dog.gr2 vid=22792 part=0 category=2 position=38045,-60306,17772.4 vertices=499 deform_vertices=499 rigid_vertices=0
submitted: GPU-skinned actor part race=101 file=d:\ymir work\monster\stray_dog\stray_dog.gr2 vid=23121 part=0 category=2 position=38086,-60168,17770.1 vertices=499 deform_vertices=499 rigid_vertices=0
material group=0 stage=0 alpha_test=0 blend=0 rigid=0 mesh=0 cull=0 depth_write=1 texture=d:\ymir work\monster\stray_dog\stray_dog.dds race=101 file=d:\ymir work\monster\stray_dog\stray_dog.gr2 vid=23121 part=0 category=2 position=38086,-60168,17770.1 vertices=499 deform_vertices=499 rigid_vertices=0
submitted: GPU-skinned actor part race=101 file=d:\ymir work\monster\stray_dog\stray_dog.gr2 vid=22642 part=0 category=2 position=37854,-60598,17778.5 vertices=499 deform_vertices=499 rigid_vertices=0
material group=0 stage=0 alpha_test=0 blend=0 rigid=0 mesh=0 cull=0 depth_write=1 texture=d:\ymir work\monster\stray_dog\stray_dog.dds race=101 file=d:\ymir work\monster\stray_dog\stray_dog.gr2 vid=22642 part=0 category=2 position=37854,-60598,17778.5 vertices=499 deform_vertices=499 rigid_vertices=0
submitted: GPU-skinned actor part race=101 file=d:\ymir work\monster\stray_dog\stray_dog.gr2 vid=23159 part=0 category=2 position=38112,-60261,17771.6 vertices=499 deform_vertices=499 rigid_vertices=0
material group=0 stage=0 alpha_test=0 blend=0 rigid=0 mesh=0 cull=0 depth_write=1 texture=d:\ymir work\monster\stray_dog\stray_dog.dds race=101 file=d:\ymir work\monster\stray_dog\stray_dog.gr2 vid=23159 part=0 category=2 position=38112,-60261,17771.6 vertices=499 deform_vertices=499 rigid_vertices=0
submitted: GPU-skinned actor part race=101 file=d:\ymir work\monster\stray_dog\stray_dog.gr2 vid=22628 part=0 category=2 position=38134,-60227,17771 vertices=499 deform_vertices=499 rigid_vertices=0
material group=0 stage=0 alpha_test=0 blend=0 rigid=0 mesh=0 cull=0 depth_write=1 texture=d:\ymir work\monster\stray_dog\stray_dog.dds race=101 file=d:\ymir work\monster\stray_dog\stray_dog.gr2 vid=22628 part=0 category=2 position=38134,-60227,17771 vertices=499 deform_vertices=499 rigid_vertices=0
submitted: GPU-skinned actor part race=101 file=d:\ymir work\monster\stray_dog\stray_dog.gr2 vid=23108 part=0 category=2 position=38146,-60313,17772.5 vertices=499 deform_vertices=499 rigid_vertices=0
material group=0 stage=0 alpha_test=0 blend=0 rigid=0 mesh=0 cull=0 depth_write=1 texture=d:\ymir work\monster\stray_dog\stray_dog.dds race=101 file=d:\ymir work\monster\stray_dog\stray_dog.gr2 vid=23108 part=0 category=2 position=38146,-60313,17772.5 vertices=499 deform_vertices=499 rigid_vertices=0
submitted: GPU-skinned actor part race=101 file=d:\ymir work\monster\stray_dog\stray_dog.gr2 vid=22756 part=0 category=2 position=38293,-60167,17770.1 vertices=499 deform_vertices=499 rigid_vertices=0
material group=0 stage=0 alpha_test=0 blend=0 rigid=0 mesh=0 cull=0 depth_write=1 texture=d:\ymir work\monster\stray_dog\stray_dog.dds race=101 file=d:\ymir work\monster\stray_dog\stray_dog.gr2 vid=22756 part=0 category=2 position=38293,-60167,17770.1 vertices=499 deform_vertices=499 rigid_vertices=0
submitted: GPU-skinned actor part race=101 file=d:\ymir work\monster\stray_dog\stray_dog.gr2 vid=22614 part=0 category=2 position=38314,-60173,17770.2 vertices=499 deform_vertices=499 rigid_vertices=0
material group=0 stage=0 alpha_test=0 blend=0 rigid=0 mesh=0 cull=0 depth_write=1 texture=d:\ymir work\monster\stray_dog\stray_dog.dds race=101 file=d:\ymir work\monster\stray_dog\stray_dog.gr2 vid=22614 part=0 category=2 position=38314,-60173,17770.2 vertices=499 deform_vertices=499 rigid_vertices=0
submitted: GPU-skinned actor part race=101 file=d:\ymir work\monster\stray_dog\stray_dog.gr2 vid=22479 part=0 category=2 position=38379,-60138,17769.7 vertices=499 deform_vertices=499 rigid_vertices=0
material group=0 stage=0 alpha_test=0 blend=0 rigid=0 mesh=0 cull=0 depth_write=1 texture=d:\ymir work\monster\stray_dog\stray_dog.dds race=101 file=d:\ymir work\monster\stray_dog\stray_dog.gr2 vid=22479 part=0 category=2 position=38379,-60138,17769.7 vertices=499 deform_vertices=499 rigid_vertices=0
submitted: GPU-skinned actor part race=101 file=d:\ymir work\monster\stray_dog\stray_dog.gr2 vid=23023 part=0 category=2 position=38442,-60126,17769.5 vertices=499 deform_vertices=499 rigid_vertices=0
material group=0 stage=0 alpha_test=0 blend=0 rigid=0 mesh=0 cull=0 depth_write=1 texture=d:\ymir work\monster\stray_dog\stray_dog.dds race=101 file=d:\ymir work\monster\stray_dog\stray_dog.gr2 vid=23023 part=0 category=2 position=38442,-60126,17769.5 vertices=499 deform_vertices=499 rigid_vertices=0
submitted: GPU-skinned actor part race=101 file=d:\ymir work\monster\stray_dog\stray_dog.gr2 vid=23394 part=0 category=2 position=38459.5,-60254,17771 vertices=499 deform_vertices=499 rigid_vertices=0
material group=0 stage=0 alpha_test=0 blend=0 rigid=0 mesh=0 cull=0 depth_write=1 texture=d:\ymir work\monster\stray_dog\stray_dog.dds race=101 file=d:\ymir work\monster\stray_dog\stray_dog.gr2 vid=23394 part=0 category=2 position=38459.5,-60254,17771 vertices=499 deform_vertices=499 rigid_vertices=0
submitted: GPU-skinned actor part race=101 file=d:\ymir work\monster\stray_dog\stray_dog.gr2 vid=22860 part=0 category=2 position=38547,-60282,17771.4 vertices=499 deform_vertices=499 rigid_vertices=0
material group=0 stage=0 alpha_test=0 blend=0 rigid=0 mesh=0 cull=0 depth_write=1 texture=d:\ymir work\monster\stray_dog\stray_dog.dds race=101 file=d:\ymir work\monster\stray_dog\stray_dog.gr2 vid=22860 part=0 category=2 position=38547,-60282,17771.4 vertices=499 deform_vertices=499 rigid_vertices=0
submitted: GPU-skinned actor part race=101 file=d:\ymir work\monster\stray_dog\stray_dog.gr2 vid=23292 part=0 category=2 position=38588.8,-60210.9,17770.1 vertices=499 deform_vertices=499 rigid_vertices=0
material group=0 stage=0 alpha_test=0 blend=0 rigid=0 mesh=0 cull=0 depth_write=1 texture=d:\ymir work\monster\stray_dog\stray_dog.dds race=101 file=d:\ymir work\monster\stray_dog\stray_dog.gr2 vid=23292 part=0 category=2 position=38588.8,-60210.9,17770.1 vertices=499 deform_vertices=499 rigid_vertices=0
submitted: GPU-skinned actor part race=101 file=d:\ymir work\monster\stray_dog\stray_dog.gr2 vid=22637 part=0 category=2 position=38710,-60334,17771.7 vertices=499 deform_vertices=499 rigid_vertices=0
material group=0 stage=0 alpha_test=0 blend=0 rigid=0 mesh=0 cull=0 depth_write=1 texture=d:\ymir work\monster\stray_dog\stray_dog.dds race=101 file=d:\ymir work\monster\stray_dog\stray_dog.gr2 vid=22637 part=0 category=2 position=38710,-60334,17771.7 vertices=499 deform_vertices=499 rigid_vertices=0
submitted: GPU-skinned actor part race=101 file=d:\ymir work\monster\stray_dog\stray_dog.gr2 vid=22542 part=0 category=2 position=38760,-60257,17770.7 vertices=499 deform_vertices=499 rigid_vertices=0
material group=0 stage=0 alpha_test=0 blend=0 rigid=0 mesh=0 cull=0 depth_write=1 texture=d:\ymir work\monster\stray_dog\stray_dog.dds race=101 file=d:\ymir work\monster\stray_dog\stray_dog.gr2 vid=22542 part=0 category=2 position=38760,-60257,17770.7 vertices=499 deform_vertices=499 rigid_vertices=0
submitted: GPU-skinned actor part race=101 file=d:\ymir work\monster\stray_dog\stray_dog.gr2 vid=23432 part=0 category=2 position=38872,-60242,17770.3 vertices=499 deform_vertices=499 rigid_vertices=0
material group=0 stage=0 alpha_test=0 blend=0 rigid=0 mesh=0 cull=0 depth_write=1 texture=d:\ymir work\monster\stray_dog\stray_dog.dds race=101 file=d:\ymir work\monster\stray_dog\stray_dog.gr2 vid=23432 part=0 category=2 position=38872,-60242,17770.3 vertices=499 deform_vertices=499 rigid_vertices=0
submitted: GPU-skinned actor part race=101 file=d:\ymir work\monster\stray_dog\stray_dog.gr2 vid=22696 part=0 category=2 position=38883,-60346,17771.6 vertices=499 deform_vertices=499 rigid_vertices=0
material group=0 stage=0 alpha_test=0 blend=0 rigid=0 mesh=0 cull=0 depth_write=1 texture=d:\ymir work\monster\stray_dog\stray_dog.dds race=101 file=d:\ymir work\monster\stray_dog\stray_dog.gr2 vid=22696 part=0 category=2 position=38883,-60346,17771.6 vertices=499 deform_vertices=499 rigid_vertices=0
submitted: GPU-skinned actor part race=101 file=d:\ymir work\monster\stray_dog\stray_dog.gr2 vid=22612 part=0 category=2 position=38867,-60597,17776.1 vertices=499 deform_vertices=499 rigid_vertices=0
material group=0 stage=0 alpha_test=0 blend=0 rigid=0 mesh=0 cull=0 depth_write=1 texture=d:\ymir work\monster\stray_dog\stray_dog.dds race=101 file=d:\ymir work\monster\stray_dog\stray_dog.gr2 vid=22612 part=0 category=2 position=38867,-60597,17776.1 vertices=499 deform_vertices=499 rigid_vertices=0
submitted: GPU-skinned actor part race=101 file=d:\ymir work\monster\stray_dog\stray_dog.gr2 vid=23004 part=0 category=2 position=38906,-60584,17775.7 vertices=499 deform_vertices=499 rigid_vertices=0
material group=0 stage=0 alpha_test=0 blend=0 rigid=0 mesh=0 cull=0 depth_write=1 texture=d:\ymir work\monster\stray_dog\stray_dog.dds race=101 file=d:\ymir work\monster\stray_dog\stray_dog.gr2 vid=23004 part=0 category=2 position=38906,-60584,17775.7 vertices=499 deform_vertices=499 rigid_vertices=0
submitted: GPU-skinned actor part race=101 file=d:\ymir work\monster\stray_dog\stray_dog.gr2 vid=22727 part=0 category=2 position=38920,-60593,17775.8 vertices=499 deform_vertices=499 rigid_vertices=0
material group=0 stage=0 alpha_test=0 blend=0 rigid=0 mesh=0 cull=0 depth_write=1 texture=d:\ymir work\monster\stray_dog\stray_dog.dds race=101 file=d:\ymir work\monster\stray_dog\stray_dog.gr2 vid=22727 part=0 category=2 position=38920,-60593,17775.8 vertices=499 deform_vertices=499 rigid_vertices=0
submitted: GPU-skinned actor part race=101 file=d:\ymir work\monster\stray_dog\stray_dog.gr2 vid=23418 part=0 category=2 position=38861.7,-60833.8,17782.4 vertices=499 deform_vertices=499 rigid_vertices=0
material group=0 stage=0 alpha_test=0 blend=0 rigid=0 mesh=0 cull=0 depth_write=1 texture=d:\ymir work\monster\stray_dog\stray_dog.dds race=101 file=d:\ymir work\monster\stray_dog\stray_dog.gr2 vid=23418 part=0 category=2 position=38861.7,-60833.8,17782.4 vertices=499 deform_vertices=499 rigid_vertices=0
submitted: GPU-skinned actor part race=101 file=d:\ymir work\monster\stray_dog\stray_dog.gr2 vid=22502 part=0 category=2 position=37876,-59727,17767 vertices=682 deform_vertices=682 rigid_vertices=0
material group=0 stage=0 alpha_test=0 blend=0 rigid=0 mesh=0 cull=0 depth_write=1 texture=d:\ymir work\monster\stray_dog\stray_dog.dds race=101 file=d:\ymir work\monster\stray_dog\stray_dog.gr2 vid=22502 part=0 category=2 position=37876,-59727,17767 vertices=682 deform_vertices=682 rigid_vertices=0
submitted: GPU-skinned actor part race=101 file=d:\ymir work\monster\stray_dog\stray_dog.gr2 vid=23158 part=0 category=2 position=37913,-59860,17767.3 vertices=682 deform_vertices=682 rigid_vertices=0
material group=0 stage=0 alpha_test=0 blend=0 rigid=0 mesh=0 cull=0 depth_write=1 texture=d:\ymir work\monster\stray_dog\stray_dog.dds race=101 file=d:\ymir work\monster\stray_dog\stray_dog.gr2 vid=23158 part=0 category=2 position=37913,-59860,17767.3 vertices=682 deform_vertices=682 rigid_vertices=0
submitted: GPU-skinned actor part race=101 file=d:\ymir work\monster\stray_dog\stray_dog.gr2 vid=23099 part=0 category=2 position=37984.6,-59785,17767 vertices=682 deform_vertices=682 rigid_vertices=0
material group=0 stage=0 alpha_test=0 blend=0 rigid=0 mesh=0 cull=0 depth_write=1 texture=d:\ymir work\monster\stray_dog\stray_dog.dds race=101 file=d:\ymir work\monster\stray_dog\stray_dog.gr2 vid=23099 part=0 category=2 position=37984.6,-59785,17767 vertices=682 deform_vertices=682 rigid_vertices=0
submitted: GPU-skinned actor part race=101 file=d:\ymir work\monster\stray_dog\stray_dog.gr2 vid=23363 part=0 category=2 position=37926,-59944,17767.7 vertices=682 deform_vertices=682 rigid_vertices=0
material group=0 stage=0 alpha_test=0 blend=0 rigid=0 mesh=0 cull=0 depth_write=1 texture=d:\ymir work\monster\stray_dog\stray_dog.dds race=101 file=d:\ymir work\monster\stray_dog\stray_dog.gr2 vid=23363 part=0 category=2 position=37926,-59944,17767.7 vertices=682 deform_vertices=682 rigid_vertices=0
submitted: GPU-skinned actor part race=101 file=d:\ymir work\monster\stray_dog\stray_dog.gr2 vid=23234 part=0 category=2 position=38065,-59839,17767.2 vertices=682 deform_vertices=682 rigid_vertices=0
material group=0 stage=0 alpha_test=0 blend=0 rigid=0 mesh=0 cull=0 depth_write=1 texture=d:\ymir work\monster\stray_dog\stray_dog.dds race=101 file=d:\ymir work\monster\stray_dog\stray_dog.gr2 vid=23234 part=0 category=2 position=38065,-59839,17767.2 vertices=682 deform_vertices=682 rigid_vertices=0
submitted: GPU-skinned actor part race=101 file=d:\ymir work\monster\stray_dog\stray_dog.gr2 vid=23137 part=0 category=2 position=38064.8,-59859.3,17767.3 vertices=682 deform_vertices=682 rigid_vertices=0
material group=0 stage=0 alpha_test=0 blend=0 rigid=0 mesh=0 cull=0 depth_write=1 texture=d:\ymir work\monster\stray_dog\stray_dog.dds race=101 file=d:\ymir work\monster\stray_dog\stray_dog.gr2 vid=23137 part=0 category=2 position=38064.8,-59859.3,17767.3 vertices=682 deform_vertices=682 rigid_vertices=0
submitted: GPU-skinned actor part race=101 file=d:\ymir work\monster\stray_dog\stray_dog.gr2 vid=23235 part=0 category=2 position=38124,-59738,17767 vertices=682 deform_vertices=682 rigid_vertices=0
material group=0 stage=0 alpha_test=0 blend=0 rigid=0 mesh=0 cull=0 depth_write=1 texture=d:\ymir work\monster\stray_dog\stray_dog.dds race=101 file=d:\ymir work\monster\stray_dog\stray_dog.gr2 vid=23235 part=0 category=2 position=38124,-59738,17767 vertices=682 deform_vertices=682 rigid_vertices=0
submitted: GPU-skinned actor part race=101 file=d:\ymir work\monster\stray_dog\stray_dog.gr2 vid=23073 part=0 category=2 position=38011,-60058,17768.7 vertices=682 deform_vertices=682 rigid_vertices=0
material group=0 stage=0 alpha_test=0 blend=0 rigid=0 mesh=0 cull=0 depth_write=1 texture=d:\ymir work\monster\stray_dog\stray_dog.dds race=101 file=d:\ymir work\monster\stray_dog\stray_dog.gr2 vid=23073 part=0 category=2 position=38011,-60058,17768.7 vertices=682 deform_vertices=682 rigid_vertices=0
submitted: GPU-skinned actor part race=101 file=d:\ymir work\monster\stray_dog\stray_dog.gr2 vid=23057 part=0 category=2 position=38146,-59959,17767.8 vertices=682 deform_vertices=682 rigid_vertices=0
material group=0 stage=0 alpha_test=0 blend=0 rigid=0 mesh=0 cull=0 depth_write=1 texture=d:\ymir work\monster\stray_dog\stray_dog.dds race=101 file=d:\ymir work\monster\stray_dog\stray_dog.gr2 vid=23057 part=0 category=2 position=38146,-59959,17767.8 vertices=682 deform_vertices=682 rigid_vertices=0
submitted: GPU-skinned actor part race=101 file=d:\ymir work\monster\stray_dog\stray_dog.gr2 vid=23328 part=0 category=2 position=38191,-59962,17767.8 vertices=682 deform_vertices=682 rigid_vertices=0
material group=0 stage=0 alpha_test=0 blend=0 rigid=0 mesh=0 cull=0 depth_write=1 texture=d:\ymir work\monster\stray_dog\stray_dog.dds race=101 file=d:\ymir work\monster\stray_dog\stray_dog.gr2 vid=23328 part=0 category=2 position=38191,-59962,17767.8 vertices=682 deform_vertices=682 rigid_vertices=0
submitted: GPU-skinned actor part race=101 file=d:\ymir work\monster\stray_dog\stray_dog.gr2 vid=23405 part=0 category=2 position=38209,-59930,17767.7 vertices=682 deform_vertices=682 rigid_vertices=0
material group=0 stage=0 alpha_test=0 blend=0 rigid=0 mesh=0 cull=0 depth_write=1 texture=d:\ymir work\monster\stray_dog\stray_dog.dds race=101 file=d:\ymir work\monster\stray_dog\stray_dog.gr2 vid=23405 part=0 category=2 position=38209,-59930,17767.7 vertices=682 deform_vertices=682 rigid_vertices=0
submitted: GPU-skinned actor part race=101 file=d:\ymir work\monster\stray_dog\stray_dog.gr2 vid=23121 part=0 category=2 position=38086,-60168,17770.1 vertices=682 deform_vertices=682 rigid_vertices=0
material group=0 stage=0 alpha_test=0 blend=0 rigid=0 mesh=0 cull=0 depth_write=1 texture=d:\ymir work\monster\stray_dog\stray_dog.dds race=101 file=d:\ymir work\monster\stray_dog\stray_dog.gr2 vid=23121 part=0 category=2 position=38086,-60168,17770.1 vertices=682 deform_vertices=682 rigid_vertices=0
submitted: GPU-skinned actor part race=101 file=d:\ymir work\monster\stray_dog\stray_dog.gr2 vid=23293 part=0 category=2 position=38241,-60039,17768.5 vertices=682 deform_vertices=682 rigid_vertices=0
material group=0 stage=0 alpha_test=0 blend=0 rigid=0 mesh=0 cull=0 depth_write=1 texture=d:\ymir work\monster\stray_dog\stray_dog.dds race=101 file=d:\ymir work\monster\stray_dog\stray_dog.gr2 vid=23293 part=0 category=2 position=38241,-60039,17768.5 vertices=682 deform_vertices=682 rigid_vertices=0
submitted: GPU-skinned actor part race=101 file=d:\ymir work\monster\stray_dog\stray_dog.gr2 vid=23308 part=0 category=2 position=38306,-59990,17767.9 vertices=499 deform_vertices=499 rigid_vertices=0
material group=0 stage=0 alpha_test=0 blend=0 rigid=0 mesh=0 cull=0 depth_write=1 texture=d:\ymir work\monster\stray_dog\stray_dog.dds race=101 file=d:\ymir work\monster\stray_dog\stray_dog.gr2 vid=23308 part=0 category=2 position=38306,-59990,17767.9 vertices=499 deform_vertices=499 rigid_vertices=0
submitted: GPU-skinned actor part race=101 file=d:\ymir work\monster\stray_dog\stray_dog.gr2 vid=23014 part=0 category=2 position=38354,-59911,17767.6 vertices=499 deform_vertices=499 rigid_vertices=0
material group=0 stage=0 alpha_test=0 blend=0 rigid=0 mesh=0 cull=0 depth_write=1 texture=d:\ymir work\monster\stray_dog\stray_dog.dds race=101 file=d:\ymir work\monster\stray_dog\stray_dog.gr2 vid=23014 part=0 category=2 position=38354,-59911,17767.6 vertices=499 deform_vertices=499 rigid_vertices=0
submitted: GPU-skinned actor part race=101 file=d:\ymir work\monster\stray_dog\stray_dog.gr2 vid=22766 part=0 category=2 position=38348,-60037,17768.5 vertices=499 deform_vertices=499 rigid_vertices=0
material group=0 stage=0 alpha_test=0 blend=0 rigid=0 mesh=0 cull=0 depth_write=1 texture=d:\ymir work\monster\stray_dog\stray_dog.dds race=101 file=d:\ymir work\monster\stray_dog\stray_dog.gr2 vid=22766 part=0 category=2 position=38348,-60037,17768.5 vertices=499 deform_vertices=499 rigid_vertices=0
submitted: GPU-skinned actor part race=101 file=d:\ymir work\monster\stray_dog\stray_dog.gr2 vid=22505 part=0 category=2 position=38327,-60092,17769.2 vertices=499 deform_vertices=499 rigid_vertices=0
material group=0 stage=0 alpha_test=0 blend=0 rigid=0 mesh=0 cull=0 depth_write=1 texture=d:\ymir work\monster\stray_dog\stray_dog.dds race=101 file=d:\ymir work\monster\stray_dog\stray_dog.gr2 vid=22505 part=0 category=2 position=38327,-60092,17769.2 vertices=499 deform_vertices=499 rigid_vertices=0
submitted: GPU-skinned actor part race=101 file=d:\ymir work\monster\stray_dog\stray_dog.gr2 vid=23198 part=0 category=2 position=38398,-60049,17768.6 vertices=499 deform_vertices=499 rigid_vertices=0
material group=0 stage=0 alpha_test=0 blend=0 rigid=0 mesh=0 cull=0 depth_write=1 texture=d:\ymir work\monster\stray_dog\stray_dog.dds race=101 file=d:\ymir work\monster\stray_dog\stray_dog.gr2 vid=23198 part=0 category=2 position=38398,-60049,17768.6 vertices=499 deform_vertices=499 rigid_vertices=0
submitted: GPU-skinned actor part race=101 file=d:\ymir work\monster\stray_dog\stray_dog.gr2 vid=22932 part=0 category=2 position=38543,-59889,17767.4 vertices=499 deform_vertices=499 rigid_vertices=0
material group=0 stage=0 alpha_test=0 blend=0 rigid=0 mesh=0 cull=0 depth_write=1 texture=d:\ymir work\monster\stray_dog\stray_dog.dds race=101 file=d:\ymir work\monster\stray_dog\stray_dog.gr2 vid=22932 part=0 category=2 position=38543,-59889,17767.4 vertices=499 deform_vertices=499 rigid_vertices=0
submitted: GPU-skinned actor part race=101 file=d:\ymir work\monster\stray_dog\stray_dog.gr2 vid=23120 part=0 category=2 position=38507,-60128,17769.3 vertices=499 deform_vertices=499 rigid_vertices=0
material group=0 stage=0 alpha_test=0 blend=0 rigid=0 mesh=0 cull=0 depth_write=1 texture=d:\ymir work\monster\stray_dog\stray_dog.dds race=101 file=d:\ymir work\monster\stray_dog\stray_dog.gr2 vid=23120 part=0 category=2 position=38507,-60128,17769.3 vertices=499 deform_vertices=499 rigid_vertices=0
submitted: GPU-skinned actor part race=101 file=d:\ymir work\monster\stray_dog\stray_dog.gr2 vid=22878 part=0 category=2 position=38656,-59952,17767.8 vertices=499 deform_vertices=499 rigid_vertices=0
material group=0 stage=0 alpha_test=0 blend=0 rigid=0 mesh=0 cull=0 depth_write=1 texture=d:\ymir work\monster\stray_dog\stray_dog.dds race=101 file=d:\ymir work\monster\stray_dog\stray_dog.gr2 vid=22878 part=0 category=2 position=38656,-59952,17767.8 vertices=499 deform_vertices=499 rigid_vertices=0
submitted: GPU-skinned actor part race=101 file=d:\ymir work\monster\stray_dog\stray_dog.gr2 vid=22543 part=0 category=2 position=38664,-59961,17767.8 vertices=499 deform_vertices=499 rigid_vertices=0
material group=0 stage=0 alpha_test=0 blend=0 rigid=0 mesh=0 cull=0 depth_write=1 texture=d:\ymir work\monster\stray_dog\stray_dog.dds race=101 file=d:\ymir work\monster\stray_dog\stray_dog.gr2 vid=22543 part=0 category=2 position=38664,-59961,17767.8 vertices=499 deform_vertices=499 rigid_vertices=0
submitted: GPU-skinned actor part race=101 file=d:\ymir work\monster\stray_dog\stray_dog.gr2 vid=23209 part=0 category=2 position=38670,-60005,17768.1 vertices=499 deform_vertices=499 rigid_vertices=0
material group=0 stage=0 alpha_test=0 blend=0 rigid=0 mesh=0 cull=0 depth_write=1 texture=d:\ymir work\monster\stray_dog\stray_dog.dds race=101 file=d:\ymir work\monster\stray_dog\stray_dog.gr2 vid=23209 part=0 category=2 position=38670,-60005,17768.1 vertices=499 deform_vertices=499 rigid_vertices=0
submitted: GPU-skinned actor part race=101 file=d:\ymir work\monster\stray_dog\stray_dog.gr2 vid=23185 part=0 category=2 position=38691,-59989,17767.9 vertices=499 deform_vertices=499 rigid_vertices=0
material group=0 stage=0 alpha_test=0 blend=0 rigid=0 mesh=0 cull=0 depth_write=1 texture=d:\ymir work\monster\stray_dog\stray_dog.dds race=101 file=d:\ymir work\monster\stray_dog\stray_dog.gr2 vid=23185 part=0 category=2 position=38691,-59989,17767.9 vertices=499 deform_vertices=499 rigid_vertices=0
submitted: GPU-skinned actor part race=101 file=d:\ymir work\monster\stray_dog\stray_dog.gr2 vid=23051 part=0 category=2 position=38740.1,-59925.2,17767.6 vertices=499 deform_vertices=499 rigid_vertices=0
material group=0 stage=0 alpha_test=0 blend=0 rigid=0 mesh=0 cull=0 depth_write=1 texture=d:\ymir work\monster\stray_dog\stray_dog.dds race=101 file=d:\ymir work\monster\stray_dog\stray_dog.gr2 vid=23051 part=0 category=2 position=38740.1,-59925.2,17767.6 vertices=499 deform_vertices=499 rigid_vertices=0
submitted: GPU-skinned actor part race=101 file=d:\ymir work\monster\stray_dog\stray_dog.gr2 vid=22662 part=0 category=2 position=38676,-60145,17769.4 vertices=499 deform_vertices=499 rigid_vertices=0
material group=0 stage=0 alpha_test=0 blend=0 rigid=0 mesh=0 cull=0 depth_write=1 texture=d:\ymir work\monster\stray_dog\stray_dog.dds race=101 file=d:\ymir work\monster\stray_dog\stray_dog.gr2 vid=22662 part=0 category=2 position=38676,-60145,17769.4 vertices=499 deform_vertices=499 rigid_vertices=0
submitted: GPU-skinned actor part race=101 file=d:\ymir work\monster\stray_dog\stray_dog.gr2 vid=22650 part=0 category=2 position=38741,-60096,17769 vertices=499 deform_vertices=499 rigid_vertices=0
material group=0 stage=0 alpha_test=0 blend=0 rigid=0 mesh=0 cull=0 depth_write=1 texture=d:\ymir work\monster\stray_dog\stray_dog.dds race=101 file=d:\ymir work\monster\stray_dog\stray_dog.gr2 vid=22650 part=0 category=2 position=38741,-60096,17769 vertices=499 deform_vertices=499 rigid_vertices=0
submitted: GPU-skinned actor part race=101 file=d:\ymir work\monster\stray_dog\stray_dog.gr2 vid=22939 part=0 category=2 position=38762,-60155,17769.6 vertices=499 deform_vertices=499 rigid_vertices=0
material group=0 stage=0 alpha_test=0 blend=0 rigid=0 mesh=0 cull=0 depth_write=1 texture=d:\ymir work\monster\stray_dog\stray_dog.dds race=101 file=d:\ymir work\monster\stray_dog\stray_dog.gr2 vid=22939 part=0 category=2 position=38762,-60155,17769.6 vertices=499 deform_vertices=499 rigid_vertices=0
submitted: GPU-skinned actor part race=101 file=d:\ymir work\monster\stray_dog\stray_dog.gr2 vid=22794 part=0 category=2 position=38844,-60014,17768.1 vertices=499 deform_vertices=499 rigid_vertices=0
material group=0 stage=0 alpha_test=0 blend=0 rigid=0 mesh=0 cull=0 depth_write=1 texture=d:\ymir work\monster\stray_dog\stray_dog.dds race=101 file=d:\ymir work\monster\stray_dog\stray_dog.gr2 vid=22794 part=0 category=2 position=38844,-60014,17768.1 vertices=499 deform_vertices=499 rigid_vertices=0
submitted: GPU-skinned actor part race=101 file=d:\ymir work\monster\stray_dog\stray_dog.gr2 vid=22634 part=0 category=2 position=38955,-60081,17768.6 vertices=499 deform_vertices=499 rigid_vertices=0
material group=0 stage=0 alpha_test=0 blend=0 rigid=0 mesh=0 cull=0 depth_write=1 texture=d:\ymir work\monster\stray_dog\stray_dog.dds race=101 file=d:\ymir work\monster\stray_dog\stray_dog.gr2 vid=22634 part=0 category=2 position=38955,-60081,17768.6 vertices=499 deform_vertices=499 rigid_vertices=0
submitted: GPU-skinned actor part race=101 file=d:\ymir work\monster\stray_dog\stray_dog.gr2 vid=22757 part=0 category=2 position=39003,-60062,17768.5 vertices=499 deform_vertices=499 rigid_vertices=0
material group=0 stage=0 alpha_test=0 blend=0 rigid=0 mesh=0 cull=0 depth_write=1 texture=d:\ymir work\monster\stray_dog\stray_dog.dds race=101 file=d:\ymir work\monster\stray_dog\stray_dog.gr2 vid=22757 part=0 category=2 position=39003,-60062,17768.5 vertices=499 deform_vertices=499 rigid_vertices=0
submitted: GPU-skinned actor part race=101 file=d:\ymir work\monster\stray_dog\stray_dog.gr2 vid=22839 part=0 category=2 position=39078,-60049,17768.2 vertices=499 deform_vertices=499 rigid_vertices=0
material group=0 stage=0 alpha_test=0 blend=0 rigid=0 mesh=0 cull=0 depth_write=1 texture=d:\ymir work\monster\stray_dog\stray_dog.dds race=101 file=d:\ymir work\monster\stray_dog\stray_dog.gr2 vid=22839 part=0 category=2 position=39078,-60049,17768.2 vertices=499 deform_vertices=499 rigid_vertices=0
submitted: GPU-skinned actor part race=101 file=d:\ymir work\monster\stray_dog\stray_dog.gr2 vid=23072 part=0 category=2 position=39146,-60085,17768.3 vertices=499 deform_vertices=499 rigid_vertices=0
material group=0 stage=0 alpha_test=0 blend=0 rigid=0 mesh=0 cull=0 depth_write=1 texture=d:\ymir work\monster\stray_dog\stray_dog.dds race=101 file=d:\ymir work\monster\stray_dog\stray_dog.gr2 vid=23072 part=0 category=2 position=39146,-60085,17768.3 vertices=499 deform_vertices=499 rigid_vertices=0
submitted: GPU-skinned actor part race=101 file=d:\ymir work\monster\stray_dog\stray_dog.gr2 vid=23069 part=0 category=2 position=39064,-60319,17770.8 vertices=499 deform_vertices=499 rigid_vertices=0
material group=0 stage=0 alpha_test=0 blend=0 rigid=0 mesh=0 cull=0 depth_write=1 texture=d:\ymir work\monster\stray_dog\stray_dog.dds race=101 file=d:\ymir work\monster\stray_dog\stray_dog.gr2 vid=23069 part=0 category=2 position=39064,-60319,17770.8 vertices=499 deform_vertices=499 rigid_vertices=0
submitted: GPU-skinned actor part race=101 file=d:\ymir work\monster\stray_dog\stray_dog.gr2 vid=22529 part=0 category=2 position=39160,-60073,17768.1 vertices=499 deform_vertices=499 rigid_vertices=0
material group=0 stage=0 alpha_test=0 blend=0 rigid=0 mesh=0 cull=0 depth_write=1 texture=d:\ymir work\monster\stray_dog\stray_dog.dds race=101 file=d:\ymir work\monster\stray_dog\stray_dog.gr2 vid=22529 part=0 category=2 position=39160,-60073,17768.1 vertices=499 deform_vertices=499 rigid_vertices=0
submitted: GPU-skinned actor part race=101 file=d:\ymir work\monster\stray_dog\stray_dog.gr2 vid=23382 part=0 category=2 position=39156,-60330,17770.7 vertices=499 deform_vertices=499 rigid_vertices=0
material group=0 stage=0 alpha_test=0 blend=0 rigid=0 mesh=0 cull=0 depth_write=1 texture=d:\ymir work\monster\stray_dog\stray_dog.dds race=101 file=d:\ymir work\monster\stray_dog\stray_dog.gr2 vid=23382 part=0 category=2 position=39156,-60330,17770.7 vertices=499 deform_vertices=499 rigid_vertices=0
submitted: GPU-skinned actor part race=101 file=d:\ymir work\monster\stray_dog\stray_dog.gr2 vid=22788 part=0 category=2 position=38983,-60687,17777.8 vertices=499 deform_vertices=499 rigid_vertices=0
material group=0 stage=0 alpha_test=0 blend=0 rigid=0 mesh=0 cull=0 depth_write=1 texture=d:\ymir work\monster\stray_dog\stray_dog.dds race=101 file=d:\ymir work\monster\stray_dog\stray_dog.gr2 vid=22788 part=0 category=2 position=38983,-60687,17777.8 vertices=499 deform_vertices=499 rigid_vertices=0
submitted: GPU-skinned actor part race=101 file=d:\ymir work\monster\stray_dog\stray_dog.gr2 vid=23127 part=0 category=2 position=39134,-60476,17772.8 vertices=499 deform_vertices=499 rigid_vertices=0
material group=0 stage=0 alpha_test=0 blend=0 rigid=0 mesh=0 cull=0 depth_write=1 texture=d:\ymir work\monster\stray_dog\stray_dog.dds race=101 file=d:\ymir work\monster\stray_dog\stray_dog.gr2 vid=23127 part=0 category=2 position=39134,-60476,17772.8 vertices=499 deform_vertices=499 rigid_vertices=0
submitted: GPU-skinned actor part race=101 file=d:\ymir work\monster\stray_dog\stray_dog.gr2 vid=22954 part=0 category=2 position=39215,-60332,17770.6 vertices=499 deform_vertices=499 rigid_vertices=0
material group=0 stage=0 alpha_test=0 blend=0 rigid=0 mesh=0 cull=0 depth_write=1 texture=d:\ymir work\monster\stray_dog\stray_dog.dds race=101 file=d:\ymir work\monster\stray_dog\stray_dog.gr2 vid=22954 part=0 category=2 position=39215,-60332,17770.6 vertices=499 deform_vertices=499 rigid_vertices=0
submitted: GPU-skinned actor part race=101 file=d:\ymir work\monster\stray_dog\stray_dog.gr2 vid=22844 part=0 category=2 position=38171.1,-59665,17767 vertices=682 deform_vertices=682 rigid_vertices=0
material group=0 stage=0 alpha_test=0 blend=0 rigid=0 mesh=0 cull=0 depth_write=1 texture=d:\ymir work\monster\stray_dog\stray_dog.dds race=101 file=d:\ymir work\monster\stray_dog\stray_dog.gr2 vid=22844 part=0 category=2 position=38171.1,-59665,17767 vertices=682 deform_vertices=682 rigid_vertices=0
submitted: GPU-skinned actor part race=101 file=d:\ymir work\monster\stray_dog\stray_dog.gr2 vid=23412 part=0 category=2 position=38512,-59830,17767.2 vertices=499 deform_vertices=499 rigid_vertices=0
material group=0 stage=0 alpha_test=0 blend=0 rigid=0 mesh=0 cull=0 depth_write=1 texture=d:\ymir work\monster\stray_dog\stray_dog.dds race=101 file=d:\ymir work\monster\stray_dog\stray_dog.gr2 vid=23412 part=0 category=2 position=38512,-59830,17767.2 vertices=499 deform_vertices=499 rigid_vertices=0
submitted: GPU-skinned actor part race=101 file=d:\ymir work\monster\stray_dog\stray_dog.gr2 vid=23345 part=0 category=2 position=38558,-59819,17767.1 vertices=499 deform_vertices=499 rigid_vertices=0
material group=0 stage=0 alpha_test=0 blend=0 rigid=0 mesh=0 cull=0 depth_write=1 texture=d:\ymir work\monster\stray_dog\stray_dog.dds race=101 file=d:\ymir work\monster\stray_dog\stray_dog.gr2 vid=23345 part=0 category=2 position=38558,-59819,17767.1 vertices=499 deform_vertices=499 rigid_vertices=0
submitted: GPU-skinned actor part race=101 file=d:\ymir work\monster\stray_dog\stray_dog.gr2 vid=22669 part=0 category=2 position=38747,-59820,17767.1 vertices=499 deform_vertices=499 rigid_vertices=0
material group=0 stage=0 alpha_test=0 blend=0 rigid=0 mesh=0 cull=0 depth_write=1 texture=d:\ymir work\monster\stray_dog\stray_dog.dds race=101 file=d:\ymir work\monster\stray_dog\stray_dog.gr2 vid=22669 part=0 category=2 position=38747,-59820,17767.1 vertices=499 deform_vertices=499 rigid_vertices=0
submitted: GPU-skinned actor part race=101 file=d:\ymir work\monster\stray_dog\stray_dog.gr2 vid=23286 part=0 category=2 position=38733,-59876,17767.4 vertices=499 deform_vertices=499 rigid_vertices=0
material group=0 stage=0 alpha_test=0 blend=0 rigid=0 mesh=0 cull=0 depth_write=1 texture=d:\ymir work\monster\stray_dog\stray_dog.dds race=101 file=d:\ymir work\monster\stray_dog\stray_dog.gr2 vid=23286 part=0 category=2 position=38733,-59876,17767.4 vertices=499 deform_vertices=499 rigid_vertices=0
submitted: GPU-skinned actor part race=101 file=d:\ymir work\monster\stray_dog\stray_dog.gr2 vid=22890 part=0 category=2 position=38819,-59750,17767 vertices=499 deform_vertices=499 rigid_vertices=0
material group=0 stage=0 alpha_test=0 blend=0 rigid=0 mesh=0 cull=0 depth_write=1 texture=d:\ymir work\monster\stray_dog\stray_dog.dds race=101 file=d:\ymir work\monster\stray_dog\stray_dog.gr2 vid=22890 part=0 category=2 position=38819,-59750,17767 vertices=499 deform_vertices=499 rigid_vertices=0
submitted: GPU-skinned actor part race=101 file=d:\ymir work\monster\stray_dog\stray_dog.gr2 vid=23271 part=0 category=2 position=38827,-59786,17767 vertices=499 deform_vertices=499 rigid_vertices=0
material group=0 stage=0 alpha_test=0 blend=0 rigid=0 mesh=0 cull=0 depth_write=1 texture=d:\ymir work\monster\stray_dog\stray_dog.dds race=101 file=d:\ymir work\monster\stray_dog\stray_dog.gr2 vid=23271 part=0 category=2 position=38827,-59786,17767 vertices=499 deform_vertices=499 rigid_vertices=0
submitted: GPU-skinned actor part race=101 file=d:\ymir work\monster\stray_dog\stray_dog.gr2 vid=23200 part=0 category=2 position=38853,-59922,17767.6 vertices=499 deform_vertices=499 rigid_vertices=0
material group=0 stage=0 alpha_test=0 blend=0 rigid=0 mesh=0 cull=0 depth_write=1 texture=d:\ymir work\monster\stray_dog\stray_dog.dds race=101 file=d:\ymir work\monster\stray_dog\stray_dog.gr2 vid=23200 part=0 category=2 position=38853,-59922,17767.6 vertices=499 deform_vertices=499 rigid_vertices=0
submitted: GPU-skinned actor part race=101 file=d:\ymir work\monster\stray_dog\stray_dog.gr2 vid=23367 part=0 category=2 position=38981,-59814,17767.1 vertices=499 deform_vertices=499 rigid_vertices=0
material group=0 stage=0 alpha_test=0 blend=0 rigid=0 mesh=0 cull=0 depth_write=1 texture=d:\ymir work\monster\stray_dog\stray_dog.dds race=101 file=d:\ymir work\monster\stray_dog\stray_dog.gr2 vid=23367 part=0 category=2 position=38981,-59814,17767.1 vertices=499 deform_vertices=499 rigid_vertices=0
submitted: GPU-skinned actor part race=101 file=d:\ymir work\monster\stray_dog\stray_dog.gr2 vid=22976 part=0 category=2 position=39023,-59925,17767.6 vertices=499 deform_vertices=499 rigid_vertices=0
material group=0 stage=0 alpha_test=0 blend=0 rigid=0 mesh=0 cull=0 depth_write=1 texture=d:\ymir work\monster\stray_dog\stray_dog.dds race=101 file=d:\ymir work\monster\stray_dog\stray_dog.gr2 vid=22976 part=0 category=2 position=39023,-59925,17767.6 vertices=499 deform_vertices=499 rigid_vertices=0
submitted: GPU-skinned actor part race=101 file=d:\ymir work\monster\stray_dog\stray_dog.gr2 vid=22498 part=0 category=2 position=39032,-60029,17768.1 vertices=499 deform_vertices=499 rigid_vertices=0
material group=0 stage=0 alpha_test=0 blend=0 rigid=0 mesh=0 cull=0 depth_write=1 texture=d:\ymir work\monster\stray_dog\stray_dog.dds race=101 file=d:\ymir work\monster\stray_dog\stray_dog.gr2 vid=22498 part=0 category=2 position=39032,-60029,17768.1 vertices=499 deform_vertices=499 rigid_vertices=0
submitted: GPU-skinned actor part race=101 file=d:\ymir work\monster\stray_dog\stray_dog.gr2 vid=22554 part=0 category=2 position=39054,-59998,17767.9 vertices=499 deform_vertices=499 rigid_vertices=0
material group=0 stage=0 alpha_test=0 blend=0 rigid=0 mesh=0 cull=0 depth_write=1 texture=d:\ymir work\monster\stray_dog\stray_dog.dds race=101 file=d:\ymir work\monster\stray_dog\stray_dog.gr2 vid=22554 part=0 category=2 position=39054,-59998,17767.9 vertices=499 deform_vertices=499 rigid_vertices=0
submitted: GPU-skinned actor part race=101 file=d:\ymir work\monster\stray_dog\stray_dog.gr2 vid=22511 part=0 category=2 position=39055,-60025,17768.1 vertices=499 deform_vertices=499 rigid_vertices=0
material group=0 stage=0 alpha_test=0 blend=0 rigid=0 mesh=0 cull=0 depth_write=1 texture=d:\ymir work\monster\stray_dog\stray_dog.dds race=101 file=d:\ymir work\monster\stray_dog\stray_dog.gr2 vid=22511 part=0 category=2 position=39055,-60025,17768.1 vertices=499 deform_vertices=499 rigid_vertices=0
submitted: GPU-skinned actor part race=101 file=d:\ymir work\monster\stray_dog\stray_dog.gr2 vid=23305 part=0 category=2 position=39160,-59911,17767.3 vertices=499 deform_vertices=499 rigid_vertices=0
material group=0 stage=0 alpha_test=0 blend=0 rigid=0 mesh=0 cull=0 depth_write=1 texture=d:\ymir work\monster\stray_dog\stray_dog.dds race=101 file=d:\ymir work\monster\stray_dog\stray_dog.gr2 vid=23305 part=0 category=2 position=39160,-59911,17767.3 vertices=499 deform_vertices=499 rigid_vertices=0
submitted: GPU-skinned actor part race=101 file=d:\ymir work\monster\stray_dog\stray_dog.gr2 vid=22486 part=0 category=2 position=39124,-60038,17768 vertices=499 deform_vertices=499 rigid_vertices=0
material group=0 stage=0 alpha_test=0 blend=0 rigid=0 mesh=0 cull=0 depth_write=1 texture=d:\ymir work\monster\stray_dog\stray_dog.dds race=101 file=d:\ymir work\monster\stray_dog\stray_dog.gr2 vid=22486 part=0 category=2 position=39124,-60038,17768 vertices=499 deform_vertices=499 rigid_vertices=0
submitted: GPU-skinned actor part race=101 file=d:\ymir work\monster\stray_dog\stray_dog.gr2 vid=23059 part=0 category=2 position=39223,-59935,17767.3 vertices=499 deform_vertices=499 rigid_vertices=0
material group=0 stage=0 alpha_test=0 blend=0 rigid=0 mesh=0 cull=0 depth_write=1 texture=d:\ymir work\monster\stray_dog\stray_dog.dds race=101 file=d:\ymir work\monster\stray_dog\stray_dog.gr2 vid=23059 part=0 category=2 position=39223,-59935,17767.3 vertices=499 deform_vertices=499 rigid_vertices=0
submitted: GPU-skinned actor part race=101 file=d:\ymir work\monster\stray_dog\stray_dog.gr2 vid=22760 part=0 category=2 position=39236,-60066,17767.9 vertices=499 deform_vertices=499 rigid_vertices=0
material group=0 stage=0 alpha_test=0 blend=0 rigid=0 mesh=0 cull=0 depth_write=1 texture=d:\ymir work\monster\stray_dog\stray_dog.dds race=101 file=d:\ymir work\monster\stray_dog\stray_dog.gr2 vid=22760 part=0 category=2 position=39236,-60066,17767.9 vertices=499 deform_vertices=499 rigid_vertices=0
submitted: GPU-skinned actor part race=101 file=d:\ymir work\monster\stray_dog\stray_dog.gr2 vid=22759 part=0 category=2 position=39293,-60299,17769.8 vertices=499 deform_vertices=499 rigid_vertices=0
material group=0 stage=0 alpha_test=0 blend=0 rigid=0 mesh=0 cull=0 depth_write=1 texture=d:\ymir work\monster\stray_dog\stray_dog.dds race=101 file=d:\ymir work\monster\stray_dog\stray_dog.gr2 vid=22759 part=0 category=2 position=39293,-60299,17769.8 vertices=499 deform_vertices=499 rigid_vertices=0
submitted: GPU-skinned actor part race=101 file=d:\ymir work\monster\stray_dog\stray_dog.gr2 vid=23269 part=0 category=2 position=39354,-60242,17769 vertices=499 deform_vertices=499 rigid_vertices=0
material group=0 stage=0 alpha_test=0 blend=0 rigid=0 mesh=0 cull=0 depth_write=1 texture=d:\ymir work\monster\stray_dog\stray_dog.dds race=101 file=d:\ymir work\monster\stray_dog\stray_dog.gr2 vid=23269 part=0 category=2 position=39354,-60242,17769 vertices=499 deform_vertices=499 rigid_vertices=0
submitted: GPU-skinned actor part race=101 file=d:\ymir work\monster\stray_dog\stray_dog.gr2 vid=23413 part=0 category=2 position=38929,-59592,17767 vertices=499 deform_vertices=499 rigid_vertices=0
material group=0 stage=0 alpha_test=0 blend=0 rigid=0 mesh=0 cull=0 depth_write=1 texture=d:\ymir work\monster\stray_dog\stray_dog.dds race=101 file=d:\ymir work\monster\stray_dog\stray_dog.gr2 vid=23413 part=0 category=2 position=38929,-59592,17767 vertices=499 deform_vertices=499 rigid_vertices=0
submitted: GPU-skinned actor part race=101 file=d:\ymir work\monster\stray_dog\stray_dog.gr2 vid=23348 part=0 category=2 position=38928,-59654,17767 vertices=499 deform_vertices=499 rigid_vertices=0
material group=0 stage=0 alpha_test=0 blend=0 rigid=0 mesh=0 cull=0 depth_write=1 texture=d:\ymir work\monster\stray_dog\stray_dog.dds race=101 file=d:\ymir work\monster\stray_dog\stray_dog.gr2 vid=23348 part=0 category=2 position=38928,-59654,17767 vertices=499 deform_vertices=499 rigid_vertices=0
submitted: GPU-skinned actor part race=101 file=d:\ymir work\monster\stray_dog\stray_dog.gr2 vid=23140 part=0 category=2 position=38992,-59663,17767 vertices=499 deform_vertices=499 rigid_vertices=0
material group=0 stage=0 alpha_test=0 blend=0 rigid=0 mesh=0 cull=0 depth_write=1 texture=d:\ymir work\monster\stray_dog\stray_dog.dds race=101 file=d:\ymir work\monster\stray_dog\stray_dog.gr2 vid=23140 part=0 category=2 position=38992,-59663,17767 vertices=499 deform_vertices=499 rigid_vertices=0
submitted: GPU-skinned actor part race=101 file=d:\ymir work\monster\stray_dog\stray_dog.gr2 vid=23223 part=0 category=2 position=38945,-59716,17767 vertices=499 deform_vertices=499 rigid_vertices=0
material group=0 stage=0 alpha_test=0 blend=0 rigid=0 mesh=0 cull=0 depth_write=1 texture=d:\ymir work\monster\stray_dog\stray_dog.dds race=101 file=d:\ymir work\monster\stray_dog\stray_dog.gr2 vid=23223 part=0 category=2 position=38945,-59716,17767 vertices=499 deform_vertices=499 rigid_vertices=0
submitted: GPU-skinned actor part race=101 file=d:\ymir work\monster\stray_dog\stray_dog.gr2 vid=22473 part=0 category=2 position=39075,-59631,17767 vertices=499 deform_vertices=499 rigid_vertices=0
material group=0 stage=0 alpha_test=0 blend=0 rigid=0 mesh=0 cull=0 depth_write=1 texture=d:\ymir work\monster\stray_dog\stray_dog.dds race=101 file=d:\ymir work\monster\stray_dog\stray_dog.gr2 vid=22473 part=0 category=2 position=39075,-59631,17767 vertices=499 deform_vertices=499 rigid_vertices=0
submitted: GPU-skinned actor part race=101 file=d:\ymir work\monster\stray_dog\stray_dog.gr2 vid=22938 part=0 category=2 position=39170,-59663,17767 vertices=499 deform_vertices=499 rigid_vertices=0
material group=0 stage=0 alpha_test=0 blend=0 rigid=0 mesh=0 cull=0 depth_write=1 texture=d:\ymir work\monster\stray_dog\stray_dog.dds race=101 file=d:\ymir work\monster\stray_dog\stray_dog.gr2 vid=22938 part=0 category=2 position=39170,-59663,17767 vertices=499 deform_vertices=499 rigid_vertices=0
submitted: GPU-skinned actor part race=101 file=d:\ymir work\monster\stray_dog\stray_dog.gr2 vid=23281 part=0 category=2 position=39168,-59694,17767 vertices=499 deform_vertices=499 rigid_vertices=0
material group=0 stage=0 alpha_test=0 blend=0 rigid=0 mesh=0 cull=0 depth_write=1 texture=d:\ymir work\monster\stray_dog\stray_dog.dds race=101 file=d:\ymir work\monster\stray_dog\stray_dog.gr2 vid=23281 part=0 category=2 position=39168,-59694,17767 vertices=499 deform_vertices=499 rigid_vertices=0
submitted: GPU-skinned actor part race=101 file=d:\ymir work\monster\stray_dog\stray_dog.gr2 vid=22816 part=0 category=2 position=39188,-59695,17767 vertices=499 deform_vertices=499 rigid_vertices=0
material group=0 stage=0 alpha_test=0 blend=0 rigid=0 mesh=0 cull=0 depth_write=1 texture=d:\ymir work\monster\stray_dog\stray_dog.dds race=101 file=d:\ymir work\monster\stray_dog\stray_dog.gr2 vid=22816 part=0 category=2 position=39188,-59695,17767 vertices=499 deform_vertices=499 rigid_vertices=0
submitted: GPU-skinned actor part race=101 file=d:\ymir work\monster\stray_dog\stray_dog.gr2 vid=22720 part=0 category=2 position=39147,-59743,17767 vertices=499 deform_vertices=499 rigid_vertices=0
material group=0 stage=0 alpha_test=0 blend=0 rigid=0 mesh=0 cull=0 depth_write=1 texture=d:\ymir work\monster\stray_dog\stray_dog.dds race=101 file=d:\ymir work\monster\stray_dog\stray_dog.gr2 vid=22720 part=0 category=2 position=39147,-59743,17767 vertices=499 deform_vertices=499 rigid_vertices=0
submitted: GPU-skinned actor part race=101 file=d:\ymir work\monster\stray_dog\stray_dog.gr2 vid=23336 part=0 category=2 position=39236,-59842,17767.1 vertices=499 deform_vertices=499 rigid_vertices=0
material group=0 stage=0 alpha_test=0 blend=0 rigid=0 mesh=0 cull=0 depth_write=1 texture=d:\ymir work\monster\stray_dog\stray_dog.dds race=101 file=d:\ymir work\monster\stray_dog\stray_dog.gr2 vid=23336 part=0 category=2 position=39236,-59842,17767.1 vertices=499 deform_vertices=499 rigid_vertices=0
submitted: GPU-skinned actor part race=101 file=d:\ymir work\monster\stray_dog\stray_dog.gr2 vid=23347 part=0 category=2 position=39285,-59825,17767.1 vertices=499 deform_vertices=499 rigid_vertices=0
material group=0 stage=0 alpha_test=0 blend=0 rigid=0 mesh=0 cull=0 depth_write=1 texture=d:\ymir work\monster\stray_dog\stray_dog.dds race=101 file=d:\ymir work\monster\stray_dog\stray_dog.gr2 vid=23347 part=0 category=2 position=39285,-59825,17767.1 vertices=499 deform_vertices=499 rigid_vertices=0
submitted: GPU-skinned actor part race=101 file=d:\ymir work\monster\stray_dog\stray_dog.gr2 vid=23247 part=0 category=2 position=39360,-59932,17767.3 vertices=499 deform_vertices=499 rigid_vertices=0
material group=0 stage=0 alpha_test=0 blend=0 rigid=0 mesh=0 cull=0 depth_write=1 texture=d:\ymir work\monster\stray_dog\stray_dog.dds race=101 file=d:\ymir work\monster\stray_dog\stray_dog.gr2 vid=23247 part=0 category=2 position=39360,-59932,17767.3 vertices=499 deform_vertices=499 rigid_vertices=0
submitted: GPU-skinned actor part race=101 file=d:\ymir work\monster\stray_dog\stray_dog.gr2 vid=23191 part=0 category=2 position=39577,-60073,17767.4 vertices=499 deform_vertices=499 rigid_vertices=0
material group=0 stage=0 alpha_test=0 blend=0 rigid=0 mesh=0 cull=0 depth_write=1 texture=d:\ymir work\monster\stray_dog\stray_dog.dds race=101 file=d:\ymir work\monster\stray_dog\stray_dog.gr2 vid=23191 part=0 category=2 position=39577,-60073,17767.4 vertices=499 deform_vertices=499 rigid_vertices=0
submitted: GPU-skinned actor part race=101 file=d:\ymir work\monster\stray_dog\stray_dog.gr2 vid=23008 part=0 category=2 position=39651,-60037,17767.1 vertices=499 deform_vertices=499 rigid_vertices=0
material group=0 stage=0 alpha_test=0 blend=0 rigid=0 mesh=0 cull=0 depth_write=1 texture=d:\ymir work\monster\stray_dog\stray_dog.dds race=101 file=d:\ymir work\monster\stray_dog\stray_dog.gr2 vid=23008 part=0 category=2 position=39651,-60037,17767.1 vertices=499 deform_vertices=499 rigid_vertices=0
submitted: GPU-skinned actor part race=101 file=d:\ymir work\monster\stray_dog\stray_dog.gr2 vid=22884 part=0 category=2 position=39619,-60081,17767.4 vertices=499 deform_vertices=499 rigid_vertices=0
material group=0 stage=0 alpha_test=0 blend=0 rigid=0 mesh=0 cull=0 depth_write=1 texture=d:\ymir work\monster\stray_dog\stray_dog.dds race=101 file=d:\ymir work\monster\stray_dog\stray_dog.gr2 vid=22884 part=0 category=2 position=39619,-60081,17767.4 vertices=499 deform_vertices=499 rigid_vertices=0
submitted: GPU-skinned actor part race=101 file=d:\ymir work\monster\stray_dog\stray_dog.gr2 vid=23134 part=0 category=2 position=39489,-60217,17768.4 vertices=499 deform_vertices=499 rigid_vertices=0
material group=0 stage=0 alpha_test=0 blend=0 rigid=0 mesh=0 cull=0 depth_write=1 texture=d:\ymir work\monster\stray_dog\stray_dog.dds race=101 file=d:\ymir work\monster\stray_dog\stray_dog.gr2 vid=23134 part=0 category=2 position=39489,-60217,17768.4 vertices=499 deform_vertices=499 rigid_vertices=0
submitted: GPU-skinned actor part race=101 file=d:\ymir work\monster\stray_dog\stray_dog.gr2 vid=23168 part=0 category=2 position=39445,-60328,17769.7 vertices=499 deform_vertices=499 rigid_vertices=0
material group=0 stage=0 alpha_test=0 blend=0 rigid=0 mesh=0 cull=0 depth_write=1 texture=d:\ymir work\monster\stray_dog\stray_dog.dds race=101 file=d:\ymir work\monster\stray_dog\stray_dog.gr2 vid=23168 part=0 category=2 position=39445,-60328,17769.7 vertices=499 deform_vertices=499 rigid_vertices=0
submitted: GPU-skinned actor part race=101 file=d:\ymir work\monster\stray_dog\stray_dog.gr2 vid=22803 part=0 category=2 position=39506,-60286,17769.1 vertices=499 deform_vertices=499 rigid_vertices=0
material group=0 stage=0 alpha_test=0 blend=0 rigid=0 mesh=0 cull=0 depth_write=1 texture=d:\ymir work\monster\stray_dog\stray_dog.dds race=101 file=d:\ymir work\monster\stray_dog\stray_dog.gr2 vid=22803 part=0 category=2 position=39506,-60286,17769.1 vertices=499 deform_vertices=499 rigid_vertices=0
submitted: GPU-skinned actor part race=101 file=d:\ymir work\monster\stray_dog\stray_dog.gr2 vid=23092 part=0 category=2 position=39421,-60387,17770.3 vertices=499 deform_vertices=499 rigid_vertices=0
material group=0 stage=0 alpha_test=0 blend=0 rigid=0 mesh=0 cull=0 depth_write=1 texture=d:\ymir work\monster\stray_dog\stray_dog.dds race=101 file=d:\ymir work\monster\stray_dog\stray_dog.gr2 vid=23092 part=0 category=2 position=39421,-60387,17770.3 vertices=499 deform_vertices=499 rigid_vertices=0
submitted: GPU-skinned actor part race=101 file=d:\ymir work\monster\stray_dog\stray_dog.gr2 vid=22552 part=0 category=2 position=39727,-60145,17767.4 vertices=499 deform_vertices=499 rigid_vertices=0
material group=0 stage=0 alpha_test=0 blend=0 rigid=0 mesh=0 cull=0 depth_write=1 texture=d:\ymir work\monster\stray_dog\stray_dog.dds race=101 file=d:\ymir work\monster\stray_dog\stray_dog.gr2 vid=22552 part=0 category=2 position=39727,-60145,17767.4 vertices=499 deform_vertices=499 rigid_vertices=0
submitted: GPU-skinned actor part race=101 file=d:\ymir work\monster\stray_dog\stray_dog.gr2 vid=22945 part=0 category=2 position=39574,-60334,17769.4 vertices=499 deform_vertices=499 rigid_vertices=0
material group=0 stage=0 alpha_test=0 blend=0 rigid=0 mesh=0 cull=0 depth_write=1 texture=d:\ymir work\monster\stray_dog\stray_dog.dds race=101 file=d:\ymir work\monster\stray_dog\stray_dog.gr2 vid=22945 part=0 category=2 position=39574,-60334,17769.4 vertices=499 deform_vertices=499 rigid_vertices=0
submitted: GPU-skinned actor part race=101 file=d:\ymir work\monster\stray_dog\stray_dog.gr2 vid=22853 part=0 category=2 position=39742,-60181,17767.6 vertices=499 deform_vertices=499 rigid_vertices=0
material group=0 stage=0 alpha_test=0 blend=0 rigid=0 mesh=0 cull=0 depth_write=1 texture=d:\ymir work\monster\stray_dog\stray_dog.dds race=101 file=d:\ymir work\monster\stray_dog\stray_dog.gr2 vid=22853 part=0 category=2 position=39742,-60181,17767.6 vertices=499 deform_vertices=499 rigid_vertices=0
submitted: GPU-skinned actor part race=101 file=d:\ymir work\monster\stray_dog\stray_dog.gr2 vid=22837 part=0 category=2 position=39475,-59390,17767 vertices=499 deform_vertices=499 rigid_vertices=0
material group=0 stage=0 alpha_test=0 blend=0 rigid=0 mesh=0 cull=0 depth_write=1 texture=d:\ymir work\monster\stray_dog\stray_dog.dds race=101 file=d:\ymir work\monster\stray_dog\stray_dog.gr2 vid=22837 part=0 category=2 position=39475,-59390,17767 vertices=499 deform_vertices=499 rigid_vertices=0
submitted: GPU-skinned actor part race=101 file=d:\ymir work\monster\stray_dog\stray_dog.gr2 vid=23325 part=0 category=2 position=39322,-59524,17767 vertices=499 deform_vertices=499 rigid_vertices=0
material group=0 stage=0 alpha_test=0 blend=0 rigid=0 mesh=0 cull=0 depth_write=1 texture=d:\ymir work\monster\stray_dog\stray_dog.dds race=101 file=d:\ymir work\monster\stray_dog\stray_dog.gr2 vid=23325 part=0 category=2 position=39322,-59524,17767 vertices=499 deform_vertices=499 rigid_vertices=0
submitted: GPU-skinned actor part race=101 file=d:\ymir work\monster\stray_dog\stray_dog.gr2 vid=23341 part=0 category=2 position=39458,-59481,17767 vertices=499 deform_vertices=499 rigid_vertices=0
material group=0 stage=0 alpha_test=0 blend=0 rigid=0 mesh=0 cull=0 depth_write=1 texture=d:\ymir work\monster\stray_dog\stray_dog.dds race=101 file=d:\ymir work\monster\stray_dog\stray_dog.gr2 vid=23341 part=0 category=2 position=39458,-59481,17767 vertices=499 deform_vertices=499 rigid_vertices=0
submitted: GPU-skinned actor part race=101 file=d:\ymir work\monster\stray_dog\stray_dog.gr2 vid=23022 part=0 category=2 position=39362,-59603,17767 vertices=499 deform_vertices=499 rigid_vertices=0
material group=0 stage=0 alpha_test=0 blend=0 rigid=0 mesh=0 cull=0 depth_write=1 texture=d:\ymir work\monster\stray_dog\stray_dog.dds race=101 file=d:\ymir work\monster\stray_dog\stray_dog.gr2 vid=23022 part=0 category=2 position=39362,-59603,17767 vertices=499 deform_vertices=499 rigid_vertices=0
submitted: GPU-skinned actor part race=101 file=d:\ymir work\monster\stray_dog\stray_dog.gr2 vid=22568 part=0 category=2 position=39342,-59659,17767 vertices=499 deform_vertices=499 rigid_vertices=0
material group=0 stage=0 alpha_test=0 blend=0 rigid=0 mesh=0 cull=0 depth_write=1 texture=d:\ymir work\monster\stray_dog\stray_dog.dds race=101 file=d:\ymir work\monster\stray_dog\stray_dog.gr2 vid=22568 part=0 category=2 position=39342,-59659,17767 vertices=499 deform_vertices=499 rigid_vertices=0
submitted: GPU-skinned actor part race=101 file=d:\ymir work\monster\stray_dog\stray_dog.gr2 vid=23404 part=0 category=2 position=39575,-59708,17767 vertices=499 deform_vertices=499 rigid_vertices=0
material group=0 stage=0 alpha_test=0 blend=0 rigid=0 mesh=0 cull=0 depth_write=1 texture=d:\ymir work\monster\stray_dog\stray_dog.dds race=101 file=d:\ymir work\monster\stray_dog\stray_dog.gr2 vid=23404 part=0 category=2 position=39575,-59708,17767 vertices=499 deform_vertices=499 rigid_vertices=0
submitted: GPU-skinned actor part race=101 file=d:\ymir work\monster\stray_dog\stray_dog.gr2 vid=22981 part=0 category=2 position=39683,-59787,17767 vertices=499 deform_vertices=499 rigid_vertices=0
material group=0 stage=0 alpha_test=0 blend=0 rigid=0 mesh=0 cull=0 depth_write=1 texture=d:\ymir work\monster\stray_dog\stray_dog.dds race=101 file=d:\ymir work\monster\stray_dog\stray_dog.gr2 vid=22981 part=0 category=2 position=39683,-59787,17767 vertices=499 deform_vertices=499 rigid_vertices=0
submitted: GPU-skinned actor part race=101 file=d:\ymir work\monster\stray_dog\stray_dog.gr2 vid=23177 part=0 category=2 position=39737,-59808,17767 vertices=499 deform_vertices=499 rigid_vertices=0
material group=0 stage=0 alpha_test=0 blend=0 rigid=0 mesh=0 cull=0 depth_write=1 texture=d:\ymir work\monster\stray_dog\stray_dog.dds race=101 file=d:\ymir work\monster\stray_dog\stray_dog.gr2 vid=23177 part=0 category=2 position=39737,-59808,17767 vertices=499 deform_vertices=499 rigid_vertices=0
submitted: GPU-skinned actor part race=101 file=d:\ymir work\monster\stray_dog\stray_dog.gr2 vid=22649 part=0 category=2 position=39646,-59875,17767 vertices=499 deform_vertices=499 rigid_vertices=0
material group=0 stage=0 alpha_test=0 blend=0 rigid=0 mesh=0 cull=0 depth_write=1 texture=d:\ymir work\monster\stray_dog\stray_dog.dds race=101 file=d:\ymir work\monster\stray_dog\stray_dog.gr2 vid=22649 part=0 category=2 position=39646,-59875,17767 vertices=499 deform_vertices=499 rigid_vertices=0
submitted: GPU-skinned actor part race=101 file=d:\ymir work\monster\stray_dog\stray_dog.gr2 vid=22955 part=0 category=2 position=39627,-59955,17767 vertices=499 deform_vertices=499 rigid_vertices=0
material group=0 stage=0 alpha_test=0 blend=0 rigid=0 mesh=0 cull=0 depth_write=1 texture=d:\ymir work\monster\stray_dog\stray_dog.dds race=101 file=d:\ymir work\monster\stray_dog\stray_dog.gr2 vid=22955 part=0 category=2 position=39627,-59955,17767 vertices=499 deform_vertices=499 rigid_vertices=0
submitted: GPU-skinned actor part race=101 file=d:\ymir work\monster\stray_dog\stray_dog.gr2 vid=22629 part=0 category=2 position=39744,-59908,17767 vertices=499 deform_vertices=499 rigid_vertices=0
material group=0 stage=0 alpha_test=0 blend=0 rigid=0 mesh=0 cull=0 depth_write=1 texture=d:\ymir work\monster\stray_dog\stray_dog.dds race=101 file=d:\ymir work\monster\stray_dog\stray_dog.gr2 vid=22629 part=0 category=2 position=39744,-59908,17767 vertices=499 deform_vertices=499 rigid_vertices=0
submitted: GPU-skinned actor part race=101 file=d:\ymir work\monster\stray_dog\stray_dog.gr2 vid=23403 part=0 category=2 position=39833,-59883,17767 vertices=499 deform_vertices=499 rigid_vertices=0
material group=0 stage=0 alpha_test=0 blend=0 rigid=0 mesh=0 cull=0 depth_write=1 texture=d:\ymir work\monster\stray_dog\stray_dog.dds race=101 file=d:\ymir work\monster\stray_dog\stray_dog.gr2 vid=23403 part=0 category=2 position=39833,-59883,17767 vertices=499 deform_vertices=499 rigid_vertices=0
submitted: GPU-skinned actor part race=101 file=d:\ymir work\monster\stray_dog\stray_dog.gr2 vid=23056 part=0 category=2 position=39849.4,-59961.2,17767 vertices=499 deform_vertices=499 rigid_vertices=0
material group=0 stage=0 alpha_test=0 blend=0 rigid=0 mesh=0 cull=0 depth_write=1 texture=d:\ymir work\monster\stray_dog\stray_dog.dds race=101 file=d:\ymir work\monster\stray_dog\stray_dog.gr2 vid=23056 part=0 category=2 position=39849.4,-59961.2,17767 vertices=499 deform_vertices=499 rigid_vertices=0
submitted: GPU-skinned actor part race=101 file=d:\ymir work\monster\stray_dog\stray_dog.gr2 vid=22603 part=0 category=2 position=39786,-60048,17767.1 vertices=499 deform_vertices=499 rigid_vertices=0
material group=0 stage=0 alpha_test=0 blend=0 rigid=0 mesh=0 cull=0 depth_write=1 texture=d:\ymir work\monster\stray_dog\stray_dog.dds race=101 file=d:\ymir work\monster\stray_dog\stray_dog.gr2 vid=22603 part=0 category=2 position=39786,-60048,17767.1 vertices=499 deform_vertices=499 rigid_vertices=0
submitted: GPU-skinned actor part race=101 file=d:\ymir work\monster\stray_dog\stray_dog.gr2 vid=23352 part=0 category=2 position=39908,-60163,17767.1 vertices=499 deform_vertices=499 rigid_vertices=0
material group=0 stage=0 alpha_test=0 blend=0 rigid=0 mesh=0 cull=0 depth_write=1 texture=d:\ymir work\monster\stray_dog\stray_dog.dds race=101 file=d:\ymir work\monster\stray_dog\stray_dog.gr2 vid=23352 part=0 category=2 position=39908,-60163,17767.1 vertices=499 deform_vertices=499 rigid_vertices=0
submitted: GPU-skinned actor part race=20016 file=d:\ymir work\npc\blacksmith\blacksmith.gr2 vid=2844 part=0 category=1 position=39300,-69200,17767 vertices=1556 deform_vertices=1180 rigid_vertices=376
material group=0 stage=0 alpha_test=0 blend=0 rigid=0 mesh=0 cull=0 depth_write=1 texture=d:\ymir work\npc\blacksmith\blacksmith.dds race=20016 file=d:\ymir work\npc\blacksmith\blacksmith.gr2 vid=2844 part=0 category=1 position=39300,-69200,17767 vertices=1556 deform_vertices=1180 rigid_vertices=376
material group=0 stage=0 alpha_test=0 blend=0 rigid=1 mesh=2 cull=0 depth_write=1 texture=d:\ymir work\npc\blacksmith\blacksmith.dds race=20016 file=d:\ymir work\npc\blacksmith\blacksmith.gr2 vid=2844 part=0 category=1 position=39300,-69200,17767 vertices=1556 deform_vertices=1180 rigid_vertices=376
material group=0 stage=0 alpha_test=0 blend=0 rigid=1 mesh=1 cull=0 depth_write=1 texture=d:\ymir work\npc\blacksmith\blacksmith.dds race=20016 file=d:\ymir work\npc\blacksmith\blacksmith.gr2 vid=2844 part=0 category=1 position=39300,-69200,17767 vertices=1556 deform_vertices=1180 rigid_vertices=376
submitted: GPU-skinned actor part race=101 file=d:\ymir work\monster\stray_dog\stray_dog.gr2 vid=22833 part=0 category=2 position=39885,-59477,17767 vertices=499 deform_vertices=499 rigid_vertices=0
material group=0 stage=0 alpha_test=0 blend=0 rigid=0 mesh=0 cull=0 depth_write=1 texture=d:\ymir work\monster\stray_dog\stray_dog.dds race=101 file=d:\ymir work\monster\stray_dog\stray_dog.gr2 vid=22833 part=0 category=2 position=39885,-59477,17767 vertices=499 deform_vertices=499 rigid_vertices=0
submitted: GPU-skinned actor part race=101 file=d:\ymir work\monster\stray_dog\stray_dog.gr2 vid=23136 part=0 category=2 position=39701,-59618,17767 vertices=499 deform_vertices=499 rigid_vertices=0
material group=0 stage=0 alpha_test=0 blend=0 rigid=0 mesh=0 cull=0 depth_write=1 texture=d:\ymir work\monster\stray_dog\stray_dog.dds race=101 file=d:\ymir work\monster\stray_dog\stray_dog.gr2 vid=23136 part=0 category=2 position=39701,-59618,17767 vertices=499 deform_vertices=499 rigid_vertices=0
submitted: GPU-skinned actor part race=101 file=d:\ymir work\monster\stray_dog\stray_dog.gr2 vid=22515 part=0 category=2 position=39741,-59622,17767 vertices=499 deform_vertices=499 rigid_vertices=0
material group=0 stage=0 alpha_test=0 blend=0 rigid=0 mesh=0 cull=0 depth_write=1 texture=d:\ymir work\monster\stray_dog\stray_dog.dds race=101 file=d:\ymir work\monster\stray_dog\stray_dog.gr2 vid=22515 part=0 category=2 position=39741,-59622,17767 vertices=499 deform_vertices=499 rigid_vertices=0
submitted: GPU-skinned actor part race=101 file=d:\ymir work\monster\stray_dog\stray_dog.gr2 vid=23097 part=0 category=2 position=39772,-59627,17767 vertices=499 deform_vertices=499 rigid_vertices=0
material group=0 stage=0 alpha_test=0 blend=0 rigid=0 mesh=0 cull=0 depth_write=1 texture=d:\ymir work\monster\stray_dog\stray_dog.dds race=101 file=d:\ymir work\monster\stray_dog\stray_dog.gr2 vid=23097 part=0 category=2 position=39772,-59627,17767 vertices=499 deform_vertices=499 rigid_vertices=0
submitted: GPU-skinned actor part race=101 file=d:\ymir work\monster\stray_dog\stray_dog.gr2 vid=23342 part=0 category=2 position=39998,-59661,17767 vertices=499 deform_vertices=499 rigid_vertices=0
material group=0 stage=0 alpha_test=0 blend=0 rigid=0 mesh=0 cull=0 depth_write=1 texture=d:\ymir work\monster\stray_dog\stray_dog.dds race=101 file=d:\ymir work\monster\stray_dog\stray_dog.gr2 vid=23342 part=0 category=2 position=39998,-59661,17767 vertices=499 deform_vertices=499 rigid_vertices=0
submitted: GPU-skinned actor part race=101 file=d:\ymir work\monster\stray_dog\stray_dog.gr2 vid=23284 part=0 category=2 position=39930,-59694,17767 vertices=499 deform_vertices=499 rigid_vertices=0
material group=0 stage=0 alpha_test=0 blend=0 rigid=0 mesh=0 cull=0 depth_write=1 texture=d:\ymir work\monster\stray_dog\stray_dog.dds race=101 file=d:\ymir work\monster\stray_dog\stray_dog.gr2 vid=23284 part=0 category=2 position=39930,-59694,17767 vertices=499 deform_vertices=499 rigid_vertices=0
submitted: GPU-skinned actor part race=101 file=d:\ymir work\monster\stray_dog\stray_dog.gr2 vid=22868 part=0 category=2 position=40065,-59892,17767 vertices=499 deform_vertices=499 rigid_vertices=0
material group=0 stage=0 alpha_test=0 blend=0 rigid=0 mesh=0 cull=0 depth_write=1 texture=d:\ymir work\monster\stray_dog\stray_dog.dds race=101 file=d:\ymir work\monster\stray_dog\stray_dog.gr2 vid=22868 part=0 category=2 position=40065,-59892,17767 vertices=499 deform_vertices=499 rigid_vertices=0
submitted: GPU-skinned actor part race=101 file=d:\ymir work\monster\stray_dog\stray_dog.gr2 vid=23277 part=0 category=2 position=40111,-60303,17767.3 vertices=499 deform_vertices=499 rigid_vertices=0
material group=0 stage=0 alpha_test=0 blend=0 rigid=0 mesh=0 cull=0 depth_write=1 texture=d:\ymir work\monster\stray_dog\stray_dog.dds race=101 file=d:\ymir work\monster\stray_dog\stray_dog.gr2 vid=23277 part=0 category=2 position=40111,-60303,17767.3 vertices=499 deform_vertices=499 rigid_vertices=0
submitted: GPU-skinned actor part race=101 file=d:\ymir work\monster\stray_dog\stray_dog.gr2 vid=23434 part=0 category=2 position=40083,-60358,17767.6 vertices=499 deform_vertices=499 rigid_vertices=0
material group=0 stage=0 alpha_test=0 blend=0 rigid=0 mesh=0 cull=0 depth_write=1 texture=d:\ymir work\monster\stray_dog\stray_dog.dds race=101 file=d:\ymir work\monster\stray_dog\stray_dog.gr2 vid=23434 part=0 category=2 position=40083,-60358,17767.6 vertices=499 deform_vertices=499 rigid_vertices=0
submitted: GPU-skinned actor part race=101 file=d:\ymir work\monster\stray_dog\stray_dog.gr2 vid=22895 part=0 category=2 position=40087,-60365,17767.6 vertices=499 deform_vertices=499 rigid_vertices=0
material group=0 stage=0 alpha_test=0 blend=0 rigid=0 mesh=0 cull=0 depth_write=1 texture=d:\ymir work\monster\stray_dog\stray_dog.dds race=101 file=d:\ymir work\monster\stray_dog\stray_dog.gr2 vid=22895 part=0 category=2 position=40087,-60365,17767.6 vertices=499 deform_vertices=499 rigid_vertices=0
submitted: GPU-skinned actor part race=101 file=d:\ymir work\monster\stray_dog\stray_dog.gr2 vid=22681 part=0 category=2 position=39793,-60461,17769.8 vertices=499 deform_vertices=499 rigid_vertices=0
material group=0 stage=0 alpha_test=0 blend=0 rigid=0 mesh=0 cull=0 depth_write=1 texture=d:\ymir work\monster\stray_dog\stray_dog.dds race=101 file=d:\ymir work\monster\stray_dog\stray_dog.gr2 vid=22681 part=0 category=2 position=39793,-60461,17769.8 vertices=499 deform_vertices=499 rigid_vertices=0
submitted: GPU-skinned actor part race=11004 file=d:\ymir work\npc\sinsu_patrol_spear\sinsu_patrol_spear.gr2 vid=2871 part=0 category=1 position=38300,-64000,17907.2 vertices=2193 deform_vertices=1839 rigid_vertices=354
material group=0 stage=0 alpha_test=0 blend=0 rigid=0 mesh=0 cull=0 depth_write=1 texture=d:\ymir work\npc\sinsu_patrol_spear\sinsu_patrol_spear.dds race=11004 file=d:\ymir work\npc\sinsu_patrol_spear\sinsu_patrol_spear.gr2 vid=2871 part=0 category=1 position=38300,-64000,17907.2 vertices=2193 deform_vertices=1839 rigid_vertices=354
material group=1 stage=0 alpha_test=0 blend=0 rigid=1 mesh=1 cull=0 depth_write=1 texture=d:\ymir work\npc\sinsu_patrol_bow\sinsu_patrol_weapon.dds race=11004 file=d:\ymir work\npc\sinsu_patrol_spear\sinsu_patrol_spear.gr2 vid=2871 part=0 category=1 position=38300,-64000,17907.2 vertices=2193 deform_vertices=1839 rigid_vertices=354
submitted: GPU-skinned actor part race=101 file=d:\ymir work\monster\stray_dog\stray_dog.gr2 vid=23272 part=0 category=2 position=40246,-59585,17767 vertices=499 deform_vertices=499 rigid_vertices=0
material group=0 stage=0 alpha_test=0 blend=0 rigid=0 mesh=0 cull=0 depth_write=1 texture=d:\ymir work\monster\stray_dog\stray_dog.dds race=101 file=d:\ymir work\monster\stray_dog\stray_dog.gr2 vid=23272 part=0 category=2 position=40246,-59585,17767 vertices=499 deform_vertices=499 rigid_vertices=0
submitted: GPU-skinned actor part race=101 file=d:\ymir work\monster\stray_dog\stray_dog.gr2 vid=22826 part=0 category=2 position=40139.8,-59670.6,17767 vertices=499 deform_vertices=499 rigid_vertices=0
material group=0 stage=0 alpha_test=0 blend=0 rigid=0 mesh=0 cull=0 depth_write=1 texture=d:\ymir work\monster\stray_dog\stray_dog.dds race=101 file=d:\ymir work\monster\stray_dog\stray_dog.gr2 vid=22826 part=0 category=2 position=40139.8,-59670.6,17767 vertices=499 deform_vertices=499 rigid_vertices=0
submitted: GPU-skinned actor part race=101 file=d:\ymir work\monster\stray_dog\stray_dog.gr2 vid=23416 part=0 category=2 position=40294,-59881,17767 vertices=499 deform_vertices=499 rigid_vertices=0
material group=0 stage=0 alpha_test=0 blend=0 rigid=0 mesh=0 cull=0 depth_write=1 texture=d:\ymir work\monster\stray_dog\stray_dog.dds race=101 file=d:\ymir work\monster\stray_dog\stray_dog.gr2 vid=23416 part=0 category=2 position=40294,-59881,17767 vertices=499 deform_vertices=499 rigid_vertices=0
submitted: GPU-skinned actor part race=101 file=d:\ymir work\monster\stray_dog\stray_dog.gr2 vid=22663 part=0 category=2 position=40303,-59945,17767 vertices=499 deform_vertices=499 rigid_vertices=0
material group=0 stage=0 alpha_test=0 blend=0 rigid=0 mesh=0 cull=0 depth_write=1 texture=d:\ymir work\monster\stray_dog\stray_dog.dds race=101 file=d:\ymir work\monster\stray_dog\stray_dog.gr2 vid=22663 part=0 category=2 position=40303,-59945,17767 vertices=499 deform_vertices=499 rigid_vertices=0
submitted: GPU-skinned actor part race=101 file=d:\ymir work\monster\stray_dog\stray_dog.gr2 vid=23188 part=0 category=2 position=40389,-60014,17767 vertices=499 deform_vertices=499 rigid_vertices=0
material group=0 stage=0 alpha_test=0 blend=0 rigid=0 mesh=0 cull=0 depth_write=1 texture=d:\ymir work\monster\stray_dog\stray_dog.dds race=101 file=d:\ymir work\monster\stray_dog\stray_dog.gr2 vid=23188 part=0 category=2 position=40389,-60014,17767 vertices=499 deform_vertices=499 rigid_vertices=0
submitted: GPU-skinned actor part race=101 file=d:\ymir work\monster\stray_dog\stray_dog.gr2 vid=23401 part=0 category=2 position=40276,-60293,17767 vertices=499 deform_vertices=499 rigid_vertices=0
material group=0 stage=0 alpha_test=0 blend=0 rigid=0 mesh=0 cull=0 depth_write=1 texture=d:\ymir work\monster\stray_dog\stray_dog.dds race=101 file=d:\ymir work\monster\stray_dog\stray_dog.gr2 vid=23401 part=0 category=2 position=40276,-60293,17767 vertices=499 deform_vertices=499 rigid_vertices=0
submitted: GPU-skinned actor part race=101 file=d:\ymir work\monster\stray_dog\stray_dog.gr2 vid=22814 part=0 category=2 position=40382,-60392,17767 vertices=499 deform_vertices=499 rigid_vertices=0
material group=0 stage=0 alpha_test=0 blend=0 rigid=0 mesh=0 cull=0 depth_write=1 texture=d:\ymir work\monster\stray_dog\stray_dog.dds race=101 file=d:\ymir work\monster\stray_dog\stray_dog.gr2 vid=22814 part=0 category=2 position=40382,-60392,17767 vertices=499 deform_vertices=499 rigid_vertices=0
submitted: GPU-skinned actor part race=101 file=d:\ymir work\monster\stray_dog\stray_dog.gr2 vid=22536 part=0 category=2 position=40081,-60558,17769 vertices=499 deform_vertices=499 rigid_vertices=0
material group=0 stage=0 alpha_test=0 blend=0 rigid=0 mesh=0 cull=0 depth_write=1 texture=d:\ymir work\monster\stray_dog\stray_dog.dds race=101 file=d:\ymir work\monster\stray_dog\stray_dog.gr2 vid=22536 part=0 category=2 position=40081,-60558,17769 vertices=499 deform_vertices=499 rigid_vertices=0
submitted: GPU-skinned actor part race=101 file=d:\ymir work\monster\stray_dog\stray_dog.gr2 vid=23165 part=0 category=2 position=37477,-63137,17892.9 vertices=682 deform_vertices=682 rigid_vertices=0
material group=0 stage=0 alpha_test=0 blend=0 rigid=0 mesh=0 cull=0 depth_write=1 texture=d:\ymir work\monster\stray_dog\stray_dog.dds race=101 file=d:\ymir work\monster\stray_dog\stray_dog.gr2 vid=23165 part=0 category=2 position=37477,-63137,17892.9 vertices=682 deform_vertices=682 rigid_vertices=0
submitted: GPU-skinned actor part race=101 file=d:\ymir work\monster\stray_dog\stray_dog.gr2 vid=23438 part=0 category=2 position=40539,-60137,17767 vertices=499 deform_vertices=499 rigid_vertices=0
material group=0 stage=0 alpha_test=0 blend=0 rigid=0 mesh=0 cull=0 depth_write=1 texture=d:\ymir work\monster\stray_dog\stray_dog.dds race=101 file=d:\ymir work\monster\stray_dog\stray_dog.gr2 vid=23438 part=0 category=2 position=40539,-60137,17767 vertices=499 deform_vertices=499 rigid_vertices=0
submitted: GPU-skinned actor part race=101 file=d:\ymir work\monster\stray_dog\stray_dog.gr2 vid=22579 part=0 category=2 position=40257,-60677,17768.8 vertices=499 deform_vertices=499 rigid_vertices=0
material group=0 stage=0 alpha_test=0 blend=0 rigid=0 mesh=0 cull=0 depth_write=1 texture=d:\ymir work\monster\stray_dog\stray_dog.dds race=101 file=d:\ymir work\monster\stray_dog\stray_dog.gr2 vid=22579 part=0 category=2 position=40257,-60677,17768.8 vertices=499 deform_vertices=499 rigid_vertices=0
submitted: GPU-skinned actor part race=101 file=d:\ymir work\monster\stray_dog\stray_dog.gr2 vid=23304 part=0 category=2 position=37103.6,-62727.6,17873 vertices=682 deform_vertices=682 rigid_vertices=0
material group=0 stage=0 alpha_test=0 blend=0 rigid=0 mesh=0 cull=0 depth_write=1 texture=d:\ymir work\monster\stray_dog\stray_dog.dds race=101 file=d:\ymir work\monster\stray_dog\stray_dog.gr2 vid=23304 part=0 category=2 position=37103.6,-62727.6,17873 vertices=682 deform_vertices=682 rigid_vertices=0
submitted: GPU-skinned actor part race=101 file=d:\ymir work\monster\stray_dog\stray_dog.gr2 vid=22556 part=0 category=2 position=38401.1,-61073.1,17794.4 vertices=682 deform_vertices=682 rigid_vertices=0
material group=0 stage=0 alpha_test=0 blend=0 rigid=0 mesh=0 cull=0 depth_write=1 texture=d:\ymir work\monster\stray_dog\stray_dog.dds race=101 file=d:\ymir work\monster\stray_dog\stray_dog.gr2 vid=22556 part=0 category=2 position=38401.1,-61073.1,17794.4 vertices=682 deform_vertices=682 rigid_vertices=0
submitted: GPU-skinned actor part race=101 file=d:\ymir work\monster\stray_dog\stray_dog.gr2 vid=23021 part=0 category=2 position=38394,-61237,17802.4 vertices=682 deform_vertices=682 rigid_vertices=0
material group=0 stage=0 alpha_test=0 blend=0 rigid=0 mesh=0 cull=0 depth_write=1 texture=d:\ymir work\monster\stray_dog\stray_dog.dds race=101 file=d:\ymir work\monster\stray_dog\stray_dog.gr2 vid=23021 part=0 category=2 position=38394,-61237,17802.4 vertices=682 deform_vertices=682 rigid_vertices=0
submitted: GPU-skinned actor part race=101 file=d:\ymir work\monster\stray_dog\stray_dog.gr2 vid=22990 part=0 category=2 position=38288,-61229,17802.2 vertices=682 deform_vertices=682 rigid_vertices=0
material group=0 stage=0 alpha_test=0 blend=0 rigid=0 mesh=0 cull=0 depth_write=1 texture=d:\ymir work\monster\stray_dog\stray_dog.dds race=101 file=d:\ymir work\monster\stray_dog\stray_dog.gr2 vid=22990 part=0 category=2 position=38288,-61229,17802.2 vertices=682 deform_vertices=682 rigid_vertices=0
submitted: GPU-skinned actor part race=101 file=d:\ymir work\monster\stray_dog\stray_dog.gr2 vid=22509 part=0 category=2 position=41012,-60420,17767 vertices=499 deform_vertices=499 rigid_vertices=0
material group=0 stage=0 alpha_test=0 blend=0 rigid=0 mesh=0 cull=0 depth_write=1 texture=d:\ymir work\monster\stray_dog\stray_dog.dds race=101 file=d:\ymir work\monster\stray_dog\stray_dog.gr2 vid=22509 part=0 category=2 position=41012,-60420,17767 vertices=499 deform_vertices=499 rigid_vertices=0
submitted: GPU-skinned actor part race=101 file=d:\ymir work\monster\stray_dog\stray_dog.gr2 vid=23153 part=0 category=2 position=40798,-60878,17767.9 vertices=499 deform_vertices=499 rigid_vertices=0
material group=0 stage=0 alpha_test=0 blend=0 rigid=0 mesh=0 cull=0 depth_write=1 texture=d:\ymir work\monster\stray_dog\stray_dog.dds race=101 file=d:\ymir work\monster\stray_dog\stray_dog.gr2 vid=23153 part=0 category=2 position=40798,-60878,17767.9 vertices=499 deform_vertices=499 rigid_vertices=0
submitted: GPU-skinned actor part race=101 file=d:\ymir work\monster\stray_dog\stray_dog.gr2 vid=22622 part=0 category=2 position=40564,-61109,17771.6 vertices=499 deform_vertices=499 rigid_vertices=0
material group=0 stage=0 alpha_test=0 blend=0 rigid=0 mesh=0 cull=0 depth_write=1 texture=d:\ymir work\monster\stray_dog\stray_dog.dds race=101 file=d:\ymir work\monster\stray_dog\stray_dog.gr2 vid=22622 part=0 category=2 position=40564,-61109,17771.6 vertices=499 deform_vertices=499 rigid_vertices=0
submitted: GPU-skinned actor part race=101 file=d:\ymir work\monster\stray_dog\stray_dog.gr2 vid=22500 part=0 category=2 position=38307,-60770,17783.3 vertices=682 deform_vertices=682 rigid_vertices=0
material group=0 stage=0 alpha_test=0 blend=0 rigid=0 mesh=0 cull=0 depth_write=1 texture=d:\ymir work\monster\stray_dog\stray_dog.dds race=101 file=d:\ymir work\monster\stray_dog\stray_dog.gr2 vid=22500 part=0 category=2 position=38307,-60770,17783.3 vertices=682 deform_vertices=682 rigid_vertices=0
submitted: GPU-skinned actor part race=101 file=d:\ymir work\monster\stray_dog\stray_dog.gr2 vid=23233 part=0 category=2 position=38216,-60768,17783.5 vertices=682 deform_vertices=682 rigid_vertices=0
material group=0 stage=0 alpha_test=0 blend=0 rigid=0 mesh=0 cull=0 depth_write=1 texture=d:\ymir work\monster\stray_dog\stray_dog.dds race=101 file=d:\ymir work\monster\stray_dog\stray_dog.gr2 vid=23233 part=0 category=2 position=38216,-60768,17783.5 vertices=682 deform_vertices=682 rigid_vertices=0
submitted: GPU-skinned actor part race=101 file=d:\ymir work\monster\stray_dog\stray_dog.gr2 vid=23189 part=0 category=2 position=38092,-60811,17784.9 vertices=682 deform_vertices=682 rigid_vertices=0
material group=0 stage=0 alpha_test=0 blend=0 rigid=0 mesh=0 cull=0 depth_write=1 texture=d:\ymir work\monster\stray_dog\stray_dog.dds race=101 file=d:\ymir work\monster\stray_dog\stray_dog.gr2 vid=23189 part=0 category=2 position=38092,-60811,17784.9 vertices=682 deform_vertices=682 rigid_vertices=0
submitted: GPU-skinned actor part race=101 file=d:\ymir work\monster\stray_dog\stray_dog.gr2 vid=22488 part=0 category=2 position=38043,-61103,17796.6 vertices=682 deform_vertices=682 rigid_vertices=0
material group=0 stage=0 alpha_test=0 blend=0 rigid=0 mesh=0 cull=0 depth_write=1 texture=d:\ymir work\monster\stray_dog\stray_dog.dds race=101 file=d:\ymir work\monster\stray_dog\stray_dog.gr2 vid=22488 part=0 category=2 position=38043,-61103,17796.6 vertices=682 deform_vertices=682 rigid_vertices=0
submitted: GPU-skinned actor part race=101 file=d:\ymir work\monster\stray_dog\stray_dog.gr2 vid=23280 part=0 category=2 position=35518,-61650,17819.7 vertices=682 deform_vertices=682 rigid_vertices=0
material group=0 stage=0 alpha_test=0 blend=0 rigid=0 mesh=0 cull=0 depth_write=1 texture=d:\ymir work\monster\stray_dog\stray_dog.dds race=101 file=d:\ymir work\monster\stray_dog\stray_dog.gr2 vid=23280 part=0 category=2 position=35518,-61650,17819.7 vertices=682 deform_vertices=682 rigid_vertices=0
submitted: GPU-skinned actor part race=20041 file=d:\ymir work\npc\beggar\beggar.gr2 vid=2873 part=0 category=1 position=35528.7,-61876.8,17827.4 vertices=1593 deform_vertices=1424 rigid_vertices=169
material group=0 stage=2 alpha_test=0 blend=0 rigid=0 mesh=0 cull=0 depth_write=1 texture=d:\ymir work\npc\beggar\beggar.dds race=20041 file=d:\ymir work\npc\beggar\beggar.gr2 vid=2873 part=0 category=1 position=35528.7,-61876.8,17827.4 vertices=1593 deform_vertices=1424 rigid_vertices=169
material group=0 stage=2 alpha_test=0 blend=0 rigid=1 mesh=2 cull=0 depth_write=1 texture=d:\ymir work\npc\beggar\beggar.dds race=20041 file=d:\ymir work\npc\beggar\beggar.gr2 vid=2873 part=0 category=1 position=35528.7,-61876.8,17827.4 vertices=1593 deform_vertices=1424 rigid_vertices=169
material group=0 stage=2 alpha_test=0 blend=0 rigid=1 mesh=1 cull=0 depth_write=1 texture=d:\ymir work\npc\beggar\beggar.dds race=20041 file=d:\ymir work\npc\beggar\beggar.gr2 vid=2873 part=0 category=1 position=35528.7,-61876.8,17827.4 vertices=1593 deform_vertices=1424 rigid_vertices=169
submitted: GPU-skinned actor part race=101 file=d:\ymir work\monster\stray_dog\stray_dog.gr2 vid=22840 part=0 category=2 position=35583,-62251,17839.4 vertices=682 deform_vertices=682 rigid_vertices=0
material group=0 stage=0 alpha_test=0 blend=0 rigid=0 mesh=0 cull=0 depth_write=1 texture=d:\ymir work\monster\stray_dog\stray_dog.dds race=101 file=d:\ymir work\monster\stray_dog\stray_dog.gr2 vid=22840 part=0 category=2 position=35583,-62251,17839.4 vertices=682 deform_vertices=682 rigid_vertices=0
submitted: GPU-skinned actor part race=101 file=d:\ymir work\monster\stray_dog\stray_dog.gr2 vid=23370 part=0 category=2 position=41054,-61049,17767.5 vertices=499 deform_vertices=499 rigid_vertices=0
material group=0 stage=0 alpha_test=0 blend=0 rigid=0 mesh=0 cull=0 depth_write=1 texture=d:\ymir work\monster\stray_dog\stray_dog.dds race=101 file=d:\ymir work\monster\stray_dog\stray_dog.gr2 vid=23370 part=0 category=2 position=41054,-61049,17767.5 vertices=499 deform_vertices=499 rigid_vertices=0
submitted: GPU-skinned actor part race=101 file=d:\ymir work\monster\stray_dog\stray_dog.gr2 vid=22876 part=0 category=2 position=40524,-61333,17775.5 vertices=499 deform_vertices=499 rigid_vertices=0
material group=0 stage=0 alpha_test=0 blend=0 rigid=0 mesh=0 cull=0 depth_write=1 texture=d:\ymir work\monster\stray_dog\stray_dog.dds race=101 file=d:\ymir work\monster\stray_dog\stray_dog.gr2 vid=22876 part=0 category=2 position=40524,-61333,17775.5 vertices=499 deform_vertices=499 rigid_vertices=0
submitted: GPU-skinned actor part race=101 file=d:\ymir work\monster\stray_dog\stray_dog.gr2 vid=23214 part=0 category=2 position=38397,-60552,17776.9 vertices=682 deform_vertices=682 rigid_vertices=0
material group=0 stage=0 alpha_test=0 blend=0 rigid=0 mesh=0 cull=0 depth_write=1 texture=d:\ymir work\monster\stray_dog\stray_dog.dds race=101 file=d:\ymir work\monster\stray_dog\stray_dog.gr2 vid=23214 part=0 category=2 position=38397,-60552,17776.9 vertices=682 deform_vertices=682 rigid_vertices=0
submitted: GPU-skinned actor part race=101 file=d:\ymir work\monster\stray_dog\stray_dog.gr2 vid=22775 part=0 category=2 position=38356,-60655,17779.8 vertices=682 deform_vertices=682 rigid_vertices=0
material group=0 stage=0 alpha_test=0 blend=0 rigid=0 mesh=0 cull=0 depth_write=1 texture=d:\ymir work\monster\stray_dog\stray_dog.dds race=101 file=d:\ymir work\monster\stray_dog\stray_dog.gr2 vid=22775 part=0 category=2 position=38356,-60655,17779.8 vertices=682 deform_vertices=682 rigid_vertices=0
submitted: GPU-skinned actor part race=101 file=d:\ymir work\monster\stray_dog\stray_dog.gr2 vid=22476 part=0 category=2 position=38338,-60585,17777.8 vertices=682 deform_vertices=682 rigid_vertices=0
material group=0 stage=0 alpha_test=0 blend=0 rigid=0 mesh=0 cull=0 depth_write=1 texture=d:\ymir work\monster\stray_dog\stray_dog.dds race=101 file=d:\ymir work\monster\stray_dog\stray_dog.gr2 vid=22476 part=0 category=2 position=38338,-60585,17777.8 vertices=682 deform_vertices=682 rigid_vertices=0
submitted: GPU-skinned actor part race=101 file=d:\ymir work\monster\stray_dog\stray_dog.gr2 vid=22950 part=0 category=2 position=38268,-60565,17777.5 vertices=682 deform_vertices=682 rigid_vertices=0
material group=0 stage=0 alpha_test=0 blend=0 rigid=0 mesh=0 cull=0 depth_write=1 texture=d:\ymir work\monster\stray_dog\stray_dog.dds race=101 file=d:\ymir work\monster\stray_dog\stray_dog.gr2 vid=22950 part=0 category=2 position=38268,-60565,17777.5 vertices=682 deform_vertices=682 rigid_vertices=0
submitted: GPU-skinned actor part race=101 file=d:\ymir work\monster\stray_dog\stray_dog.gr2 vid=22578 part=0 category=2 position=38067,-60401,17774 vertices=682 deform_vertices=682 rigid_vertices=0
material group=0 stage=0 alpha_test=0 blend=0 rigid=0 mesh=0 cull=0 depth_write=1 texture=d:\ymir work\monster\stray_dog\stray_dog.dds race=101 file=d:\ymir work\monster\stray_dog\stray_dog.gr2 vid=22578 part=0 category=2 position=38067,-60401,17774 vertices=682 deform_vertices=682 rigid_vertices=0
submitted: GPU-skinned actor part race=101 file=d:\ymir work\monster\stray_dog\stray_dog.gr2 vid=22731 part=0 category=2 position=38019,-60411,17774.2 vertices=682 deform_vertices=682 rigid_vertices=0
material group=0 stage=0 alpha_test=0 blend=0 rigid=0 mesh=0 cull=0 depth_write=1 texture=d:\ymir work\monster\stray_dog\stray_dog.dds race=101 file=d:\ymir work\monster\stray_dog\stray_dog.gr2 vid=22731 part=0 category=2 position=38019,-60411,17774.2 vertices=682 deform_vertices=682 rigid_vertices=0
submitted: GPU-skinned actor part race=101 file=d:\ymir work\monster\stray_dog\stray_dog.gr2 vid=23176 part=0 category=2 position=37862,-60584,17778.1 vertices=682 deform_vertices=682 rigid_vertices=0
material group=0 stage=0 alpha_test=0 blend=0 rigid=0 mesh=0 cull=0 depth_write=1 texture=d:\ymir work\monster\stray_dog\stray_dog.dds race=101 file=d:\ymir work\monster\stray_dog\stray_dog.gr2 vid=23176 part=0 category=2 position=37862,-60584,17778.1 vertices=682 deform_vertices=682 rigid_vertices=0
submitted: GPU-skinned actor part race=101 file=d:\ymir work\monster\stray_dog\stray_dog.gr2 vid=22984 part=0 category=2 position=37632,-60418,17774.4 vertices=682 deform_vertices=682 rigid_vertices=0
material group=0 stage=0 alpha_test=0 blend=0 rigid=0 mesh=0 cull=0 depth_write=1 texture=d:\ymir work\monster\stray_dog\stray_dog.dds race=101 file=d:\ymir work\monster\stray_dog\stray_dog.gr2 vid=22984 part=0 category=2 position=37632,-60418,17774.4 vertices=682 deform_vertices=682 rigid_vertices=0
submitted: GPU-skinned actor part race=101 file=d:\ymir work\monster\stray_dog\stray_dog.gr2 vid=23243 part=0 category=2 position=37411,-60410,17774.2 vertices=682 deform_vertices=682 rigid_vertices=0
material group=0 stage=0 alpha_test=0 blend=0 rigid=0 mesh=0 cull=0 depth_write=1 texture=d:\ymir work\monster\stray_dog\stray_dog.dds race=101 file=d:\ymir work\monster\stray_dog\stray_dog.gr2 vid=23243 part=0 category=2 position=37411,-60410,17774.2 vertices=682 deform_vertices=682 rigid_vertices=0
submitted: GPU-skinned actor part race=101 file=d:\ymir work\monster\stray_dog\stray_dog.gr2 vid=23204 part=0 category=2 position=37356,-60735,17782.6 vertices=682 deform_vertices=682 rigid_vertices=0
material group=0 stage=0 alpha_test=0 blend=0 rigid=0 mesh=0 cull=0 depth_write=1 texture=d:\ymir work\monster\stray_dog\stray_dog.dds race=101 file=d:\ymir work\monster\stray_dog\stray_dog.gr2 vid=23204 part=0 category=2 position=37356,-60735,17782.6 vertices=682 deform_vertices=682 rigid_vertices=0
submitted: GPU-skinned actor part race=101 file=d:\ymir work\monster\stray_dog\stray_dog.gr2 vid=22600 part=0 category=2 position=37117,-60568,17777.8 vertices=682 deform_vertices=682 rigid_vertices=0
material group=0 stage=0 alpha_test=0 blend=0 rigid=0 mesh=0 cull=0 depth_write=1 texture=d:\ymir work\monster\stray_dog\stray_dog.dds race=101 file=d:\ymir work\monster\stray_dog\stray_dog.gr2 vid=22600 part=0 category=2 position=37117,-60568,17777.8 vertices=682 deform_vertices=682 rigid_vertices=0
submitted: GPU-skinned actor part race=101 file=d:\ymir work\monster\stray_dog\stray_dog.gr2 vid=22646 part=0 category=2 position=37081,-60468,17775.5 vertices=682 deform_vertices=682 rigid_vertices=0
material group=0 stage=0 alpha_test=0 blend=0 rigid=0 mesh=0 cull=0 depth_write=1 texture=d:\ymir work\monster\stray_dog\stray_dog.dds race=101 file=d:\ymir work\monster\stray_dog\stray_dog.gr2 vid=22646 part=0 category=2 position=37081,-60468,17775.5 vertices=682 deform_vertices=682 rigid_vertices=0
submitted: GPU-skinned actor part race=101 file=d:\ymir work\monster\stray_dog\stray_dog.gr2 vid=22994 part=0 category=2 position=36608,-60400,17774 vertices=682 deform_vertices=682 rigid_vertices=0
material group=0 stage=0 alpha_test=0 blend=0 rigid=0 mesh=0 cull=0 depth_write=1 texture=d:\ymir work\monster\stray_dog\stray_dog.dds race=101 file=d:\ymir work\monster\stray_dog\stray_dog.gr2 vid=22994 part=0 category=2 position=36608,-60400,17774 vertices=682 deform_vertices=682 rigid_vertices=0
submitted: GPU-skinned actor part race=101 file=d:\ymir work\monster\stray_dog\stray_dog.gr2 vid=23252 part=0 category=2 position=38180,-60382,17773.7 vertices=682 deform_vertices=682 rigid_vertices=0
material group=0 stage=0 alpha_test=0 blend=0 rigid=0 mesh=0 cull=0 depth_write=1 texture=d:\ymir work\monster\stray_dog\stray_dog.dds race=101 file=d:\ymir work\monster\stray_dog\stray_dog.gr2 vid=23252 part=0 category=2 position=38180,-60382,17773.7 vertices=682 deform_vertices=682 rigid_vertices=0
submitted: GPU-skinned actor part race=101 file=d:\ymir work\monster\stray_dog\stray_dog.gr2 vid=23108 part=0 category=2 position=38146,-60313,17772.5 vertices=682 deform_vertices=682 rigid_vertices=0
material group=0 stage=0 alpha_test=0 blend=0 rigid=0 mesh=0 cull=0 depth_write=1 texture=d:\ymir work\monster\stray_dog\stray_dog.dds race=101 file=d:\ymir work\monster\stray_dog\stray_dog.gr2 vid=23108 part=0 category=2 position=38146,-60313,17772.5 vertices=682 deform_vertices=682 rigid_vertices=0
submitted: GPU-skinned actor part race=101 file=d:\ymir work\monster\stray_dog\stray_dog.gr2 vid=22628 part=0 category=2 position=38134,-60227,17771 vertices=682 deform_vertices=682 rigid_vertices=0
material group=0 stage=0 alpha_test=0 blend=0 rigid=0 mesh=0 cull=0 depth_write=1 texture=d:\ymir work\monster\stray_dog\stray_dog.dds race=101 file=d:\ymir work\monster\stray_dog\stray_dog.gr2 vid=22628 part=0 category=2 position=38134,-60227,17771 vertices=682 deform_vertices=682 rigid_vertices=0
submitted: GPU-skinned actor part race=101 file=d:\ymir work\monster\stray_dog\stray_dog.gr2 vid=23159 part=0 category=2 position=38112,-60261,17771.6 vertices=682 deform_vertices=682 rigid_vertices=0
material group=0 stage=0 alpha_test=0 blend=0 rigid=0 mesh=0 cull=0 depth_write=1 texture=d:\ymir work\monster\stray_dog\stray_dog.dds race=101 file=d:\ymir work\monster\stray_dog\stray_dog.gr2 vid=23159 part=0 category=2 position=38112,-60261,17771.6 vertices=682 deform_vertices=682 rigid_vertices=0
submitted: GPU-skinned actor part race=101 file=d:\ymir work\monster\stray_dog\stray_dog.gr2 vid=22792 part=0 category=2 position=38045,-60306,17772.4 vertices=682 deform_vertices=682 rigid_vertices=0
material group=0 stage=0 alpha_test=0 blend=0 rigid=0 mesh=0 cull=0 depth_write=1 texture=d:\ymir work\monster\stray_dog\stray_dog.dds race=101 file=d:\ymir work\monster\stray_dog\stray_dog.gr2 vid=22792 part=0 category=2 position=38045,-60306,17772.4 vertices=682 deform_vertices=682 rigid_vertices=0
submitted: GPU-skinned actor part race=101 file=d:\ymir work\monster\stray_dog\stray_dog.gr2 vid=23123 part=0 category=2 position=37504,-60166,17770.1 vertices=682 deform_vertices=682 rigid_vertices=0
material group=0 stage=0 alpha_test=0 blend=0 rigid=0 mesh=0 cull=0 depth_write=1 texture=d:\ymir work\monster\stray_dog\stray_dog.dds race=101 file=d:\ymir work\monster\stray_dog\stray_dog.gr2 vid=23123 part=0 category=2 position=37504,-60166,17770.1 vertices=682 deform_vertices=682 rigid_vertices=0
submitted: GPU-skinned actor part race=101 file=d:\ymir work\monster\stray_dog\stray_dog.gr2 vid=23131 part=0 category=2 position=37533,-59815,17767.1 vertices=682 deform_vertices=682 rigid_vertices=0
material group=0 stage=0 alpha_test=0 blend=0 rigid=0 mesh=0 cull=0 depth_write=1 texture=d:\ymir work\monster\stray_dog\stray_dog.dds race=101 file=d:\ymir work\monster\stray_dog\stray_dog.gr2 vid=23131 part=0 category=2 position=37533,-59815,17767.1 vertices=682 deform_vertices=682 rigid_vertices=0
submitted: GPU-skinned actor part race=101 file=d:\ymir work\monster\stray_dog\stray_dog.gr2 vid=22802 part=0 category=2 position=37507,-59899,17767.5 vertices=682 deform_vertices=682 rigid_vertices=0
material group=0 stage=0 alpha_test=0 blend=0 rigid=0 mesh=0 cull=0 depth_write=1 texture=d:\ymir work\monster\stray_dog\stray_dog.dds race=101 file=d:\ymir work\monster\stray_dog\stray_dog.gr2 vid=22802 part=0 category=2 position=37507,-59899,17767.5 vertices=682 deform_vertices=682 rigid_vertices=0
submitted: GPU-skinned actor part race=101 file=d:\ymir work\monster\stray_dog\stray_dog.gr2 vid=22970 part=0 category=2 position=37474.7,-59892.6,17767.4 vertices=682 deform_vertices=682 rigid_vertices=0
material group=0 stage=0 alpha_test=0 blend=0 rigid=0 mesh=0 cull=0 depth_write=1 texture=d:\ymir work\monster\stray_dog\stray_dog.dds race=101 file=d:\ymir work\monster\stray_dog\stray_dog.gr2 vid=22970 part=0 category=2 position=37474.7,-59892.6,17767.4 vertices=682 deform_vertices=682 rigid_vertices=0
submitted: GPU-skinned actor part race=101 file=d:\ymir work\monster\stray_dog\stray_dog.gr2 vid=22781 part=0 category=2 position=37429,-60042,17768.5 vertices=682 deform_vertices=682 rigid_vertices=0
material group=0 stage=0 alpha_test=0 blend=0 rigid=0 mesh=0 cull=0 depth_write=1 texture=d:\ymir work\monster\stray_dog\stray_dog.dds race=101 file=d:\ymir work\monster\stray_dog\stray_dog.gr2 vid=22781 part=0 category=2 position=37429,-60042,17768.5 vertices=682 deform_vertices=682 rigid_vertices=0
submitted: GPU-skinned actor part race=101 file=d:\ymir work\monster\stray_dog\stray_dog.gr2 vid=23167 part=0 category=2 position=37367,-60318,17772.6 vertices=682 deform_vertices=682 rigid_vertices=0
material group=0 stage=0 alpha_test=0 blend=0 rigid=0 mesh=0 cull=0 depth_write=1 texture=d:\ymir work\monster\stray_dog\stray_dog.dds race=101 file=d:\ymir work\monster\stray_dog\stray_dog.gr2 vid=23167 part=0 category=2 position=37367,-60318,17772.6 vertices=682 deform_vertices=682 rigid_vertices=0
submitted: GPU-skinned actor part race=101 file=d:\ymir work\monster\stray_dog\stray_dog.gr2 vid=22482 part=0 category=2 position=37492,-59769,17767 vertices=682 deform_vertices=682 rigid_vertices=0
material group=0 stage=0 alpha_test=0 blend=0 rigid=0 mesh=0 cull=0 depth_write=1 texture=d:\ymir work\monster\stray_dog\stray_dog.dds race=101 file=d:\ymir work\monster\stray_dog\stray_dog.gr2 vid=22482 part=0 category=2 position=37492,-59769,17767 vertices=682 deform_vertices=682 rigid_vertices=0
submitted: GPU-skinned actor part race=101 file=d:\ymir work\monster\stray_dog\stray_dog.gr2 vid=22724 part=0 category=2 position=37425,-59846,17767.2 vertices=682 deform_vertices=682 rigid_vertices=0
material group=0 stage=0 alpha_test=0 blend=0 rigid=0 mesh=0 cull=0 depth_write=1 texture=d:\ymir work\monster\stray_dog\stray_dog.dds race=101 file=d:\ymir work\monster\stray_dog\stray_dog.gr2 vid=22724 part=0 category=2 position=37425,-59846,17767.2 vertices=682 deform_vertices=682 rigid_vertices=0
submitted: GPU-skinned actor part race=101 file=d:\ymir work\monster\stray_dog\stray_dog.gr2 vid=22467 part=0 category=2 position=37297,-60071,17768.9 vertices=682 deform_vertices=682 rigid_vertices=0
material group=0 stage=0 alpha_test=0 blend=0 rigid=0 mesh=0 cull=0 depth_write=1 texture=d:\ymir work\monster\stray_dog\stray_dog.dds race=101 file=d:\ymir work\monster\stray_dog\stray_dog.gr2 vid=22467 part=0 category=2 position=37297,-60071,17768.9 vertices=682 deform_vertices=682 rigid_vertices=0
submitted: GPU-skinned actor part race=101 file=d:\ymir work\monster\stray_dog\stray_dog.gr2 vid=23399 part=0 category=2 position=37287,-60106,17769.3 vertices=682 deform_vertices=682 rigid_vertices=0
material group=0 stage=0 alpha_test=0 blend=0 rigid=0 mesh=0 cull=0 depth_write=1 texture=d:\ymir work\monster\stray_dog\stray_dog.dds race=101 file=d:\ymir work\monster\stray_dog\stray_dog.gr2 vid=23399 part=0 category=2 position=37287,-60106,17769.3 vertices=682 deform_vertices=682 rigid_vertices=0
submitted: GPU-skinned actor part race=101 file=d:\ymir work\monster\stray_dog\stray_dog.gr2 vid=23098 part=0 category=2 position=37246,-60272,17771.8 vertices=682 deform_vertices=682 rigid_vertices=0
material group=0 stage=0 alpha_test=0 blend=0 rigid=0 mesh=0 cull=0 depth_write=1 texture=d:\ymir work\monster\stray_dog\stray_dog.dds race=101 file=d:\ymir work\monster\stray_dog\stray_dog.gr2 vid=23098 part=0 category=2 position=37246,-60272,17771.8 vertices=682 deform_vertices=682 rigid_vertices=0
submitted: GPU-skinned actor part race=101 file=d:\ymir work\monster\stray_dog\stray_dog.gr2 vid=22525 part=0 category=2 position=37301,-59960,17767.8 vertices=682 deform_vertices=682 rigid_vertices=0
material group=0 stage=0 alpha_test=0 blend=0 rigid=0 mesh=0 cull=0 depth_write=1 texture=d:\ymir work\monster\stray_dog\stray_dog.dds race=101 file=d:\ymir work\monster\stray_dog\stray_dog.gr2 vid=22525 part=0 category=2 position=37301,-59960,17767.8 vertices=682 deform_vertices=682 rigid_vertices=0
submitted: GPU-skinned actor part race=101 file=d:\ymir work\monster\stray_dog\stray_dog.gr2 vid=22997 part=0 category=2 position=37323,-59858,17767.3 vertices=682 deform_vertices=682 rigid_vertices=0
material group=0 stage=0 alpha_test=0 blend=0 rigid=0 mesh=0 cull=0 depth_write=1 texture=d:\ymir work\monster\stray_dog\stray_dog.dds race=101 file=d:\ymir work\monster\stray_dog\stray_dog.gr2 vid=22997 part=0 category=2 position=37323,-59858,17767.3 vertices=682 deform_vertices=682 rigid_vertices=0
submitted: GPU-skinned actor part race=101 file=d:\ymir work\monster\stray_dog\stray_dog.gr2 vid=23141 part=0 category=2 position=37309.1,-59801.2,17767 vertices=682 deform_vertices=682 rigid_vertices=0
material group=0 stage=0 alpha_test=0 blend=0 rigid=0 mesh=0 cull=0 depth_write=1 texture=d:\ymir work\monster\stray_dog\stray_dog.dds race=101 file=d:\ymir work\monster\stray_dog\stray_dog.gr2 vid=23141 part=0 category=2 position=37309.1,-59801.2,17767 vertices=682 deform_vertices=682 rigid_vertices=0
submitted: GPU-skinned actor part race=101 file=d:\ymir work\monster\stray_dog\stray_dog.gr2 vid=23426 part=0 category=2 position=37270,-59920,17767.6 vertices=682 deform_vertices=682 rigid_vertices=0
material group=0 stage=0 alpha_test=0 blend=0 rigid=0 mesh=0 cull=0 depth_write=1 texture=d:\ymir work\monster\stray_dog\stray_dog.dds race=101 file=d:\ymir work\monster\stray_dog\stray_dog.gr2 vid=23426 part=0 category=2 position=37270,-59920,17767.6 vertices=682 deform_vertices=682 rigid_vertices=0
submitted: GPU-skinned actor part race=101 file=d:\ymir work\monster\stray_dog\stray_dog.gr2 vid=23300 part=0 category=2 position=37192,-59896,17767.5 vertices=682 deform_vertices=682 rigid_vertices=0
material group=0 stage=0 alpha_test=0 blend=0 rigid=0 mesh=0 cull=0 depth_write=1 texture=d:\ymir work\monster\stray_dog\stray_dog.dds race=101 file=d:\ymir work\monster\stray_dog\stray_dog.gr2 vid=23300 part=0 category=2 position=37192,-59896,17767.5 vertices=682 deform_vertices=682 rigid_vertices=0
submitted: GPU-skinned actor part race=101 file=d:\ymir work\monster\stray_dog\stray_dog.gr2 vid=23295 part=0 category=2 position=37060,-60219,17770.8 vertices=682 deform_vertices=682 rigid_vertices=0
material group=0 stage=0 alpha_test=0 blend=0 rigid=0 mesh=0 cull=0 depth_write=1 texture=d:\ymir work\monster\stray_dog\stray_dog.dds race=101 file=d:\ymir work\monster\stray_dog\stray_dog.gr2 vid=23295 part=0 category=2 position=37060,-60219,17770.8 vertices=682 deform_vertices=682 rigid_vertices=0
submitted: GPU-skinned actor part race=101 file=d:\ymir work\monster\stray_dog\stray_dog.gr2 vid=22846 part=0 category=2 position=37072,-60141,17769.8 vertices=682 deform_vertices=682 rigid_vertices=0
material group=0 stage=0 alpha_test=0 blend=0 rigid=0 mesh=0 cull=0 depth_write=1 texture=d:\ymir work\monster\stray_dog\stray_dog.dds race=101 file=d:\ymir work\monster\stray_dog\stray_dog.gr2 vid=22846 part=0 category=2 position=37072,-60141,17769.8 vertices=682 deform_vertices=682 rigid_vertices=0
submitted: GPU-skinned actor part race=101 file=d:\ymir work\monster\stray_dog\stray_dog.gr2 vid=22952 part=0 category=2 position=37089,-59851,17767.3 vertices=682 deform_vertices=682 rigid_vertices=0
material group=0 stage=0 alpha_test=0 blend=0 rigid=0 mesh=0 cull=0 depth_write=1 texture=d:\ymir work\monster\stray_dog\stray_dog.dds race=101 file=d:\ymir work\monster\stray_dog\stray_dog.gr2 vid=22952 part=0 category=2 position=37089,-59851,17767.3 vertices=682 deform_vertices=682 rigid_vertices=0
submitted: GPU-skinned actor part race=101 file=d:\ymir work\monster\stray_dog\stray_dog.gr2 vid=23338 part=0 category=2 position=36954,-60189,17770.4 vertices=682 deform_vertices=682 rigid_vertices=0
material group=0 stage=0 alpha_test=0 blend=0 rigid=0 mesh=0 cull=0 depth_write=1 texture=d:\ymir work\monster\stray_dog\stray_dog.dds race=101 file=d:\ymir work\monster\stray_dog\stray_dog.gr2 vid=23338 part=0 category=2 position=36954,-60189,17770.4 vertices=682 deform_vertices=682 rigid_vertices=0
submitted: GPU-skinned actor part race=101 file=d:\ymir work\monster\stray_dog\stray_dog.gr2 vid=22512 part=0 category=2 position=37046,-59783,17767 vertices=682 deform_vertices=682 rigid_vertices=0
material group=0 stage=0 alpha_test=0 blend=0 rigid=0 mesh=0 cull=0 depth_write=1 texture=d:\ymir work\monster\stray_dog\stray_dog.dds race=101 file=d:\ymir work\monster\stray_dog\stray_dog.gr2 vid=22512 part=0 category=2 position=37046,-59783,17767 vertices=682 deform_vertices=682 rigid_vertices=0
submitted: GPU-skinned actor part race=101 file=d:\ymir work\monster\stray_dog\stray_dog.gr2 vid=23020 part=0 category=2 position=37033,-59731,17767 vertices=682 deform_vertices=682 rigid_vertices=0
material group=0 stage=0 alpha_test=0 blend=0 rigid=0 mesh=0 cull=0 depth_write=1 texture=d:\ymir work\monster\stray_dog\stray_dog.dds race=101 file=d:\ymir work\monster\stray_dog\stray_dog.gr2 vid=23020 part=0 category=2 position=37033,-59731,17767 vertices=682 deform_vertices=682 rigid_vertices=0
submitted: GPU-skinned actor part race=101 file=d:\ymir work\monster\stray_dog\stray_dog.gr2 vid=22924 part=0 category=2 position=36973,-59771,17767 vertices=682 deform_vertices=682 rigid_vertices=0
material group=0 stage=0 alpha_test=0 blend=0 rigid=0 mesh=0 cull=0 depth_write=1 texture=d:\ymir work\monster\stray_dog\stray_dog.dds race=101 file=d:\ymir work\monster\stray_dog\stray_dog.gr2 vid=22924 part=0 category=2 position=36973,-59771,17767 vertices=682 deform_vertices=682 rigid_vertices=0
submitted: GPU-skinned actor part race=101 file=d:\ymir work\monster\stray_dog\stray_dog.gr2 vid=23220 part=0 category=2 position=36965,-59754,17767 vertices=682 deform_vertices=682 rigid_vertices=0
material group=0 stage=0 alpha_test=0 blend=0 rigid=0 mesh=0 cull=0 depth_write=1 texture=d:\ymir work\monster\stray_dog\stray_dog.dds race=101 file=d:\ymir work\monster\stray_dog\stray_dog.gr2 vid=23220 part=0 category=2 position=36965,-59754,17767 vertices=682 deform_vertices=682 rigid_vertices=0
submitted: GPU-skinned actor part race=101 file=d:\ymir work\monster\stray_dog\stray_dog.gr2 vid=23441 part=0 category=2 position=36867,-60144,17769.8 vertices=682 deform_vertices=682 rigid_vertices=0
material group=0 stage=0 alpha_test=0 blend=0 rigid=0 mesh=0 cull=0 depth_write=1 texture=d:\ymir work\monster\stray_dog\stray_dog.dds race=101 file=d:\ymir work\monster\stray_dog\stray_dog.gr2 vid=23441 part=0 category=2 position=36867,-60144,17769.8 vertices=682 deform_vertices=682 rigid_vertices=0
submitted: GPU-skinned actor part race=101 file=d:\ymir work\monster\stray_dog\stray_dog.gr2 vid=23115 part=0 category=2 position=36941,-59806,17767 vertices=682 deform_vertices=682 rigid_vertices=0
material group=0 stage=0 alpha_test=0 blend=0 rigid=0 mesh=0 cull=0 depth_write=1 texture=d:\ymir work\monster\stray_dog\stray_dog.dds race=101 file=d:\ymir work\monster\stray_dog\stray_dog.gr2 vid=23115 part=0 category=2 position=36941,-59806,17767 vertices=682 deform_vertices=682 rigid_vertices=0
submitted: GPU-skinned actor part race=101 file=d:\ymir work\monster\stray_dog\stray_dog.gr2 vid=23179 part=0 category=2 position=36954,-59657,17767 vertices=682 deform_vertices=682 rigid_vertices=0
material group=0 stage=0 alpha_test=0 blend=0 rigid=0 mesh=0 cull=0 depth_write=1 texture=d:\ymir work\monster\stray_dog\stray_dog.dds race=101 file=d:\ymir work\monster\stray_dog\stray_dog.gr2 vid=23179 part=0 category=2 position=36954,-59657,17767 vertices=682 deform_vertices=682 rigid_vertices=0
submitted: GPU-skinned actor part race=101 file=d:\ymir work\monster\stray_dog\stray_dog.gr2 vid=23085 part=0 category=2 position=36813,-60050,17768.6 vertices=682 deform_vertices=682 rigid_vertices=0
material group=0 stage=0 alpha_test=0 blend=0 rigid=0 mesh=0 cull=0 depth_write=1 texture=d:\ymir work\monster\stray_dog\stray_dog.dds race=101 file=d:\ymir work\monster\stray_dog\stray_dog.gr2 vid=23085 part=0 category=2 position=36813,-60050,17768.6 vertices=682 deform_vertices=682 rigid_vertices=0
submitted: GPU-skinned actor part race=101 file=d:\ymir work\monster\stray_dog\stray_dog.gr2 vid=23400 part=0 category=2 position=36912,-59602,17767 vertices=682 deform_vertices=682 rigid_vertices=0
material group=0 stage=0 alpha_test=0 blend=0 rigid=0 mesh=0 cull=0 depth_write=1 texture=d:\ymir work\monster\stray_dog\stray_dog.dds race=101 file=d:\ymir work\monster\stray_dog\stray_dog.gr2 vid=23400 part=0 category=2 position=36912,-59602,17767 vertices=682 deform_vertices=682 rigid_vertices=0
submitted: GPU-skinned actor part race=101 file=d:\ymir work\monster\stray_dog\stray_dog.gr2 vid=22632 part=0 category=2 position=36740,-60030,17768.4 vertices=682 deform_vertices=682 rigid_vertices=0
material group=0 stage=0 alpha_test=0 blend=0 rigid=0 mesh=0 cull=0 depth_write=1 texture=d:\ymir work\monster\stray_dog\stray_dog.dds race=101 file=d:\ymir work\monster\stray_dog\stray_dog.gr2 vid=22632 part=0 category=2 position=36740,-60030,17768.4 vertices=682 deform_vertices=682 rigid_vertices=0
submitted: GPU-skinned actor part race=101 file=d:\ymir work\monster\stray_dog\stray_dog.gr2 vid=22966 part=0 category=2 position=36698,-60109,17769.4 vertices=682 deform_vertices=682 rigid_vertices=0
material group=0 stage=0 alpha_test=0 blend=0 rigid=0 mesh=0 cull=0 depth_write=1 texture=d:\ymir work\monster\stray_dog\stray_dog.dds race=101 file=d:\ymir work\monster\stray_dog\stray_dog.gr2 vid=22966 part=0 category=2 position=36698,-60109,17769.4 vertices=682 deform_vertices=682 rigid_vertices=0
submitted: GPU-skinned actor part race=101 file=d:\ymir work\monster\stray_dog\stray_dog.gr2 vid=22956 part=0 category=2 position=36588,-59974,17767.9 vertices=682 deform_vertices=682 rigid_vertices=0
material group=0 stage=0 alpha_test=0 blend=0 rigid=0 mesh=0 cull=0 depth_write=1 texture=d:\ymir work\monster\stray_dog\stray_dog.dds race=101 file=d:\ymir work\monster\stray_dog\stray_dog.gr2 vid=22956 part=0 category=2 position=36588,-59974,17767.9 vertices=682 deform_vertices=682 rigid_vertices=0
submitted: GPU-skinned actor part race=101 file=d:\ymir work\monster\stray_dog\stray_dog.gr2 vid=22480 part=0 category=2 position=36495,-60133,17769.7 vertices=682 deform_vertices=682 rigid_vertices=0
material group=0 stage=0 alpha_test=0 blend=0 rigid=0 mesh=0 cull=0 depth_write=1 texture=d:\ymir work\monster\stray_dog\stray_dog.dds race=101 file=d:\ymir work\monster\stray_dog\stray_dog.gr2 vid=22480 part=0 category=2 position=36495,-60133,17769.7 vertices=682 deform_vertices=682 rigid_vertices=0
submitted: GPU-skinned actor part race=101 file=d:\ymir work\monster\stray_dog\stray_dog.gr2 vid=22811 part=0 category=2 position=36532,-59809,17767 vertices=682 deform_vertices=682 rigid_vertices=0
material group=0 stage=0 alpha_test=0 blend=0 rigid=0 mesh=0 cull=0 depth_write=1 texture=d:\ymir work\monster\stray_dog\stray_dog.dds race=101 file=d:\ymir work\monster\stray_dog\stray_dog.gr2 vid=22811 part=0 category=2 position=36532,-59809,17767 vertices=682 deform_vertices=682 rigid_vertices=0
submitted: GPU-skinned actor part race=101 file=d:\ymir work\monster\stray_dog\stray_dog.gr2 vid=22972 part=0 category=2 position=38015,-59633,17767 vertices=682 deform_vertices=682 rigid_vertices=0
material group=0 stage=0 alpha_test=0 blend=0 rigid=0 mesh=0 cull=0 depth_write=1 texture=d:\ymir work\monster\stray_dog\stray_dog.dds race=101 file=d:\ymir work\monster\stray_dog\stray_dog.gr2 vid=22972 part=0 category=2 position=38015,-59633,17767 vertices=682 deform_vertices=682 rigid_vertices=0
submitted: GPU-skinned actor part race=101 file=d:\ymir work\monster\stray_dog\stray_dog.gr2 vid=23060 part=0 category=2 position=37994,-59572,17767 vertices=682 deform_vertices=682 rigid_vertices=0
material group=0 stage=0 alpha_test=0 blend=0 rigid=0 mesh=0 cull=0 depth_write=1 texture=d:\ymir work\monster\stray_dog\stray_dog.dds race=101 file=d:\ymir work\monster\stray_dog\stray_dog.gr2 vid=23060 part=0 category=2 position=37994,-59572,17767 vertices=682 deform_vertices=682 rigid_vertices=0
submitted: GPU-skinned actor part race=101 file=d:\ymir work\monster\stray_dog\stray_dog.gr2 vid=22570 part=0 category=2 position=37921,-59506,17767 vertices=682 deform_vertices=682 rigid_vertices=0
material group=0 stage=0 alpha_test=0 blend=0 rigid=0 mesh=0 cull=0 depth_write=1 texture=d:\ymir work\monster\stray_dog\stray_dog.dds race=101 file=d:\ymir work\monster\stray_dog\stray_dog.gr2 vid=22570 part=0 category=2 position=37921,-59506,17767 vertices=682 deform_vertices=682 rigid_vertices=0
submitted: GPU-skinned actor part race=101 file=d:\ymir work\monster\stray_dog\stray_dog.gr2 vid=23312 part=0 category=2 position=37877,-59578,17767 vertices=682 deform_vertices=682 rigid_vertices=0
material group=0 stage=0 alpha_test=0 blend=0 rigid=0 mesh=0 cull=0 depth_write=1 texture=d:\ymir work\monster\stray_dog\stray_dog.dds race=101 file=d:\ymir work\monster\stray_dog\stray_dog.gr2 vid=23312 part=0 category=2 position=37877,-59578,17767 vertices=682 deform_vertices=682 rigid_vertices=0
submitted: GPU-skinned actor part race=101 file=d:\ymir work\monster\stray_dog\stray_dog.gr2 vid=22719 part=0 category=2 position=37852,-59589,17767 vertices=682 deform_vertices=682 rigid_vertices=0
material group=0 stage=0 alpha_test=0 blend=0 rigid=0 mesh=0 cull=0 depth_write=1 texture=d:\ymir work\monster\stray_dog\stray_dog.dds race=101 file=d:\ymir work\monster\stray_dog\stray_dog.gr2 vid=22719 part=0 category=2 position=37852,-59589,17767 vertices=682 deform_vertices=682 rigid_vertices=0
submitted: GPU-skinned actor part race=101 file=d:\ymir work\monster\stray_dog\stray_dog.gr2 vid=22621 part=0 category=2 position=37797,-59680,17767 vertices=682 deform_vertices=682 rigid_vertices=0
material group=0 stage=0 alpha_test=0 blend=0 rigid=0 mesh=0 cull=0 depth_write=1 texture=d:\ymir work\monster\stray_dog\stray_dog.dds race=101 file=d:\ymir work\monster\stray_dog\stray_dog.gr2 vid=22621 part=0 category=2 position=37797,-59680,17767 vertices=682 deform_vertices=682 rigid_vertices=0
submitted: GPU-skinned actor part race=101 file=d:\ymir work\monster\stray_dog\stray_dog.gr2 vid=23132 part=0 category=2 position=37822,-59593,17767 vertices=682 deform_vertices=682 rigid_vertices=0
material group=0 stage=0 alpha_test=0 blend=0 rigid=0 mesh=0 cull=0 depth_write=1 texture=d:\ymir work\monster\stray_dog\stray_dog.dds race=101 file=d:\ymir work\monster\stray_dog\stray_dog.gr2 vid=23132 part=0 category=2 position=37822,-59593,17767 vertices=682 deform_vertices=682 rigid_vertices=0
submitted: GPU-skinned actor part race=101 file=d:\ymir work\monster\stray_dog\stray_dog.gr2 vid=22980 part=0 category=2 position=37710,-59788,17767 vertices=682 deform_vertices=682 rigid_vertices=0
material group=0 stage=0 alpha_test=0 blend=0 rigid=0 mesh=0 cull=0 depth_write=1 texture=d:\ymir work\monster\stray_dog\stray_dog.dds race=101 file=d:\ymir work\monster\stray_dog\stray_dog.gr2 vid=22980 part=0 category=2 position=37710,-59788,17767 vertices=682 deform_vertices=682 rigid_vertices=0
submitted: GPU-skinned actor part race=101 file=d:\ymir work\monster\stray_dog\stray_dog.gr2 vid=22807 part=0 category=2 position=37753,-59495,17767 vertices=682 deform_vertices=682 rigid_vertices=0
material group=0 stage=0 alpha_test=0 blend=0 rigid=0 mesh=0 cull=0 depth_write=1 texture=d:\ymir work\monster\stray_dog\stray_dog.dds race=101 file=d:\ymir work\monster\stray_dog\stray_dog.gr2 vid=22807 part=0 category=2 position=37753,-59495,17767 vertices=682 deform_vertices=682 rigid_vertices=0
submitted: GPU-skinned actor part race=101 file=d:\ymir work\monster\stray_dog\stray_dog.gr2 vid=22776 part=0 category=2 position=37817,-59353,17767 vertices=682 deform_vertices=682 rigid_vertices=0
material group=0 stage=0 alpha_test=0 blend=0 rigid=0 mesh=0 cull=0 depth_write=1 texture=d:\ymir work\monster\stray_dog\stray_dog.dds race=101 file=d:\ymir work\monster\stray_dog\stray_dog.gr2 vid=22776 part=0 category=2 position=37817,-59353,17767 vertices=682 deform_vertices=682 rigid_vertices=0
submitted: GPU-skinned actor part race=101 file=d:\ymir work\monster\stray_dog\stray_dog.gr2 vid=22812 part=0 category=2 position=37645,-59659,17767 vertices=682 deform_vertices=682 rigid_vertices=0
material group=0 stage=0 alpha_test=0 blend=0 rigid=0 mesh=0 cull=0 depth_write=1 texture=d:\ymir work\monster\stray_dog\stray_dog.dds race=101 file=d:\ymir work\monster\stray_dog\stray_dog.gr2 vid=22812 part=0 category=2 position=37645,-59659,17767 vertices=682 deform_vertices=682 rigid_vertices=0
submitted: GPU-skinned actor part race=101 file=d:\ymir work\monster\stray_dog\stray_dog.gr2 vid=23344 part=0 category=2 position=37656,-59630,17767 vertices=682 deform_vertices=682 rigid_vertices=0
material group=0 stage=0 alpha_test=0 blend=0 rigid=0 mesh=0 cull=0 depth_write=1 texture=d:\ymir work\monster\stray_dog\stray_dog.dds race=101 file=d:\ymir work\monster\stray_dog\stray_dog.gr2 vid=23344 part=0 category=2 position=37656,-59630,17767 vertices=682 deform_vertices=682 rigid_vertices=0
submitted: GPU-skinned actor part race=101 file=d:\ymir work\monster\stray_dog\stray_dog.gr2 vid=23024 part=0 category=2 position=37703,-59456,17767 vertices=682 deform_vertices=682 rigid_vertices=0
material group=0 stage=0 alpha_test=0 blend=0 rigid=0 mesh=0 cull=0 depth_write=1 texture=d:\ymir work\monster\stray_dog\stray_dog.dds race=101 file=d:\ymir work\monster\stray_dog\stray_dog.gr2 vid=23024 part=0 category=2 position=37703,-59456,17767 vertices=682 deform_vertices=682 rigid_vertices=0
submitted: GPU-skinned actor part race=101 file=d:\ymir work\monster\stray_dog\stray_dog.gr2 vid=23156 part=0 category=2 position=37781,-59314,17767 vertices=682 deform_vertices=682 rigid_vertices=0
material group=0 stage=0 alpha_test=0 blend=0 rigid=0 mesh=0 cull=0 depth_write=1 texture=d:\ymir work\monster\stray_dog\stray_dog.dds race=101 file=d:\ymir work\monster\stray_dog\stray_dog.gr2 vid=23156 part=0 category=2 position=37781,-59314,17767 vertices=682 deform_vertices=682 rigid_vertices=0
submitted: GPU-skinned actor part race=101 file=d:\ymir work\monster\stray_dog\stray_dog.gr2 vid=23222 part=0 category=2 position=37783,-59281,17767 vertices=682 deform_vertices=682 rigid_vertices=0
material group=0 stage=0 alpha_test=0 blend=0 rigid=0 mesh=0 cull=0 depth_write=1 texture=d:\ymir work\monster\stray_dog\stray_dog.dds race=101 file=d:\ymir work\monster\stray_dog\stray_dog.gr2 vid=23222 part=0 category=2 position=37783,-59281,17767 vertices=682 deform_vertices=682 rigid_vertices=0
submitted: GPU-skinned actor part race=101 file=d:\ymir work\monster\stray_dog\stray_dog.gr2 vid=23433 part=0 category=2 position=37532,-59739,17767 vertices=682 deform_vertices=682 rigid_vertices=0
material group=0 stage=0 alpha_test=0 blend=0 rigid=0 mesh=0 cull=0 depth_write=1 texture=d:\ymir work\monster\stray_dog\stray_dog.dds race=101 file=d:\ymir work\monster\stray_dog\stray_dog.gr2 vid=23433 part=0 category=2 position=37532,-59739,17767 vertices=682 deform_vertices=682 rigid_vertices=0
submitted: GPU-skinned actor part race=101 file=d:\ymir work\monster\stray_dog\stray_dog.gr2 vid=23075 part=0 category=2 position=37618,-59530,17767 vertices=682 deform_vertices=682 rigid_vertices=0
material group=0 stage=0 alpha_test=0 blend=0 rigid=0 mesh=0 cull=0 depth_write=1 texture=d:\ymir work\monster\stray_dog\stray_dog.dds race=101 file=d:\ymir work\monster\stray_dog\stray_dog.gr2 vid=23075 part=0 category=2 position=37618,-59530,17767 vertices=682 deform_vertices=682 rigid_vertices=0
submitted: GPU-skinned actor part race=101 file=d:\ymir work\monster\stray_dog\stray_dog.gr2 vid=23230 part=0 category=2 position=37636,-59490,17767 vertices=682 deform_vertices=682 rigid_vertices=0
material group=0 stage=0 alpha_test=0 blend=0 rigid=0 mesh=0 cull=0 depth_write=1 texture=d:\ymir work\monster\stray_dog\stray_dog.dds race=101 file=d:\ymir work\monster\stray_dog\stray_dog.gr2 vid=23230 part=0 category=2 position=37636,-59490,17767 vertices=682 deform_vertices=682 rigid_vertices=0
submitted: GPU-skinned actor part race=101 file=d:\ymir work\monster\stray_dog\stray_dog.gr2 vid=22735 part=0 category=2 position=37840,-59133,17767 vertices=682 deform_vertices=682 rigid_vertices=0
material group=0 stage=0 alpha_test=0 blend=0 rigid=0 mesh=0 cull=0 depth_write=1 texture=d:\ymir work\monster\stray_dog\stray_dog.dds race=101 file=d:\ymir work\monster\stray_dog\stray_dog.gr2 vid=22735 part=0 category=2 position=37840,-59133,17767 vertices=682 deform_vertices=682 rigid_vertices=0
submitted: GPU-skinned actor part race=101 file=d:\ymir work\monster\stray_dog\stray_dog.gr2 vid=23125 part=0 category=2 position=37807,-59145,17767 vertices=682 deform_vertices=682 rigid_vertices=0
material group=0 stage=0 alpha_test=0 blend=0 rigid=0 mesh=0 cull=0 depth_write=1 texture=d:\ymir work\monster\stray_dog\stray_dog.dds race=101 file=d:\ymir work\monster\stray_dog\stray_dog.gr2 vid=23125 part=0 category=2 position=37807,-59145,17767 vertices=682 deform_vertices=682 rigid_vertices=0
submitted: GPU-skinned actor part race=101 file=d:\ymir work\monster\stray_dog\stray_dog.gr2 vid=23151 part=0 category=2 position=37681,-59338,17767 vertices=682 deform_vertices=682 rigid_vertices=0
material group=0 stage=0 alpha_test=0 blend=0 rigid=0 mesh=0 cull=0 depth_write=1 texture=d:\ymir work\monster\stray_dog\stray_dog.dds race=101 file=d:\ymir work\monster\stray_dog\stray_dog.gr2 vid=23151 part=0 category=2 position=37681,-59338,17767 vertices=682 deform_vertices=682 rigid_vertices=0
submitted: GPU-skinned actor part race=101 file=d:\ymir work\monster\stray_dog\stray_dog.gr2 vid=22641 part=0 category=2 position=37559,-59558,17767 vertices=682 deform_vertices=682 rigid_vertices=0
material group=0 stage=0 alpha_test=0 blend=0 rigid=0 mesh=0 cull=0 depth_write=1 texture=d:\ymir work\monster\stray_dog\stray_dog.dds race=101 file=d:\ymir work\monster\stray_dog\stray_dog.gr2 vid=22641 part=0 category=2 position=37559,-59558,17767 vertices=682 deform_vertices=682 rigid_vertices=0
submitted: GPU-skinned actor part race=101 file=d:\ymir work\monster\stray_dog\stray_dog.gr2 vid=22528 part=0 category=2 position=37701.3,-59295.3,17767 vertices=682 deform_vertices=682 rigid_vertices=0
material group=0 stage=0 alpha_test=0 blend=0 rigid=0 mesh=0 cull=0 depth_write=1 texture=d:\ymir work\monster\stray_dog\stray_dog.dds race=101 file=d:\ymir work\monster\stray_dog\stray_dog.gr2 vid=22528 part=0 category=2 position=37701.3,-59295.3,17767 vertices=682 deform_vertices=682 rigid_vertices=0
submitted: GPU-skinned actor part race=101 file=d:\ymir work\monster\stray_dog\stray_dog.gr2 vid=22885 part=0 category=2 position=37803,-59125,17767 vertices=682 deform_vertices=682 rigid_vertices=0
material group=0 stage=0 alpha_test=0 blend=0 rigid=0 mesh=0 cull=0 depth_write=1 texture=d:\ymir work\monster\stray_dog\stray_dog.dds race=101 file=d:\ymir work\monster\stray_dog\stray_dog.gr2 vid=22885 part=0 category=2 position=37803,-59125,17767 vertices=682 deform_vertices=682 rigid_vertices=0
submitted: GPU-skinned actor part race=101 file=d:\ymir work\monster\stray_dog\stray_dog.gr2 vid=22763 part=0 category=2 position=37813,-59095,17767 vertices=682 deform_vertices=682 rigid_vertices=0
material group=0 stage=0 alpha_test=0 blend=0 rigid=0 mesh=0 cull=0 depth_write=1 texture=d:\ymir work\monster\stray_dog\stray_dog.dds race=101 file=d:\ymir work\monster\stray_dog\stray_dog.gr2 vid=22763 part=0 category=2 position=37813,-59095,17767 vertices=682 deform_vertices=682 rigid_vertices=0
submitted: GPU-skinned actor part race=101 file=d:\ymir work\monster\stray_dog\stray_dog.gr2 vid=23027 part=0 category=2 position=37569,-59329,17767 vertices=682 deform_vertices=682 rigid_vertices=0
material group=0 stage=0 alpha_test=0 blend=0 rigid=0 mesh=0 cull=0 depth_write=1 texture=d:\ymir work\monster\stray_dog\stray_dog.dds race=101 file=d:\ymir work\monster\stray_dog\stray_dog.gr2 vid=23027 part=0 category=2 position=37569,-59329,17767 vertices=682 deform_vertices=682 rigid_vertices=0
submitted: GPU-skinned actor part race=101 file=d:\ymir work\monster\stray_dog\stray_dog.gr2 vid=23186 part=0 category=2 position=37556,-59341,17767 vertices=682 deform_vertices=682 rigid_vertices=0
material group=0 stage=0 alpha_test=0 blend=0 rigid=0 mesh=0 cull=0 depth_write=1 texture=d:\ymir work\monster\stray_dog\stray_dog.dds race=101 file=d:\ymir work\monster\stray_dog\stray_dog.gr2 vid=23186 part=0 category=2 position=37556,-59341,17767 vertices=682 deform_vertices=682 rigid_vertices=0
submitted: GPU-skinned actor part race=101 file=d:\ymir work\monster\stray_dog\stray_dog.gr2 vid=23323 part=0 category=2 position=37420,-59536,17767 vertices=682 deform_vertices=682 rigid_vertices=0
material group=0 stage=0 alpha_test=0 blend=0 rigid=0 mesh=0 cull=0 depth_write=1 texture=d:\ymir work\monster\stray_dog\stray_dog.dds race=101 file=d:\ymir work\monster\stray_dog\stray_dog.gr2 vid=23323 part=0 category=2 position=37420,-59536,17767 vertices=682 deform_vertices=682 rigid_vertices=0
submitted: GPU-skinned actor part race=101 file=d:\ymir work\monster\stray_dog\stray_dog.gr2 vid=23358 part=0 category=2 position=37650,-59103,17767 vertices=682 deform_vertices=682 rigid_vertices=0
material group=0 stage=0 alpha_test=0 blend=0 rigid=0 mesh=0 cull=0 depth_write=1 texture=d:\ymir work\monster\stray_dog\stray_dog.dds race=101 file=d:\ymir work\monster\stray_dog\stray_dog.gr2 vid=23358 part=0 category=2 position=37650,-59103,17767 vertices=682 deform_vertices=682 rigid_vertices=0
submitted: GPU-skinned actor part race=101 file=d:\ymir work\monster\stray_dog\stray_dog.gr2 vid=23260 part=0 category=2 position=37517,-59321,17767 vertices=682 deform_vertices=682 rigid_vertices=0
material group=0 stage=0 alpha_test=0 blend=0 rigid=0 mesh=0 cull=0 depth_write=1 texture=d:\ymir work\monster\stray_dog\stray_dog.dds race=101 file=d:\ymir work\monster\stray_dog\stray_dog.gr2 vid=23260 part=0 category=2 position=37517,-59321,17767 vertices=682 deform_vertices=682 rigid_vertices=0
submitted: GPU-skinned actor part race=101 file=d:\ymir work\monster\stray_dog\stray_dog.gr2 vid=22695 part=0 category=2 position=37498,-59277,17767 vertices=682 deform_vertices=682 rigid_vertices=0
material group=0 stage=0 alpha_test=0 blend=0 rigid=0 mesh=0 cull=0 depth_write=1 texture=d:\ymir work\monster\stray_dog\stray_dog.dds race=101 file=d:\ymir work\monster\stray_dog\stray_dog.gr2 vid=22695 part=0 category=2 position=37498,-59277,17767 vertices=682 deform_vertices=682 rigid_vertices=0
submitted: GPU-skinned actor part race=101 file=d:\ymir work\monster\stray_dog\stray_dog.gr2 vid=22643 part=0 category=2 position=37312,-59556,17767 vertices=682 deform_vertices=682 rigid_vertices=0
material group=0 stage=0 alpha_test=0 blend=0 rigid=0 mesh=0 cull=0 depth_write=1 texture=d:\ymir work\monster\stray_dog\stray_dog.dds race=101 file=d:\ymir work\monster\stray_dog\stray_dog.gr2 vid=22643 part=0 category=2 position=37312,-59556,17767 vertices=682 deform_vertices=682 rigid_vertices=0
submitted: GPU-skinned actor part race=101 file=d:\ymir work\monster\stray_dog\stray_dog.gr2 vid=22742 part=0 category=2 position=37519,-59149,17767 vertices=682 deform_vertices=682 rigid_vertices=0
material group=0 stage=0 alpha_test=0 blend=0 rigid=0 mesh=0 cull=0 depth_write=1 texture=d:\ymir work\monster\stray_dog\stray_dog.dds race=101 file=d:\ymir work\monster\stray_dog\stray_dog.gr2 vid=22742 part=0 category=2 position=37519,-59149,17767 vertices=682 deform_vertices=682 rigid_vertices=0
submitted: GPU-skinned actor part race=101 file=d:\ymir work\monster\stray_dog\stray_dog.gr2 vid=22849 part=0 category=2 position=37548,-59041,17767 vertices=682 deform_vertices=682 rigid_vertices=0
material group=0 stage=0 alpha_test=0 blend=0 rigid=0 mesh=0 cull=0 depth_write=1 texture=d:\ymir work\monster\stray_dog\stray_dog.dds race=101 file=d:\ymir work\monster\stray_dog\stray_dog.gr2 vid=22849 part=0 category=2 position=37548,-59041,17767 vertices=682 deform_vertices=682 rigid_vertices=0
submitted: GPU-skinned actor part race=101 file=d:\ymir work\monster\stray_dog\stray_dog.gr2 vid=22706 part=0 category=2 position=37410,-59264,17767 vertices=682 deform_vertices=682 rigid_vertices=0
material group=0 stage=0 alpha_test=0 blend=0 rigid=0 mesh=0 cull=0 depth_write=1 texture=d:\ymir work\monster\stray_dog\stray_dog.dds race=101 file=d:\ymir work\monster\stray_dog\stray_dog.gr2 vid=22706 part=0 category=2 position=37410,-59264,17767 vertices=682 deform_vertices=682 rigid_vertices=0
submitted: GPU-skinned actor part race=101 file=d:\ymir work\monster\stray_dog\stray_dog.gr2 vid=22624 part=0 category=2 position=37466,-59152,17767 vertices=682 deform_vertices=682 rigid_vertices=0
material group=0 stage=0 alpha_test=0 blend=0 rigid=0 mesh=0 cull=0 depth_write=1 texture=d:\ymir work\monster\stray_dog\stray_dog.dds race=101 file=d:\ymir work\monster\stray_dog\stray_dog.gr2 vid=22624 part=0 category=2 position=37466,-59152,17767 vertices=682 deform_vertices=682 rigid_vertices=0
submitted: GPU-skinned actor part race=101 file=d:\ymir work\monster\stray_dog\stray_dog.gr2 vid=22832 part=0 category=2 position=37542,-58979,17767 vertices=682 deform_vertices=682 rigid_vertices=0
material group=0 stage=0 alpha_test=0 blend=0 rigid=0 mesh=0 cull=0 depth_write=1 texture=d:\ymir work\monster\stray_dog\stray_dog.dds race=101 file=d:\ymir work\monster\stray_dog\stray_dog.gr2 vid=22832 part=0 category=2 position=37542,-58979,17767 vertices=682 deform_vertices=682 rigid_vertices=0
submitted: GPU-skinned actor part race=101 file=d:\ymir work\monster\stray_dog\stray_dog.gr2 vid=23175 part=0 category=2 position=37311,-59369,17767 vertices=682 deform_vertices=682 rigid_vertices=0
material group=0 stage=0 alpha_test=0 blend=0 rigid=0 mesh=0 cull=0 depth_write=1 texture=d:\ymir work\monster\stray_dog\stray_dog.dds race=101 file=d:\ymir work\monster\stray_dog\stray_dog.gr2 vid=23175 part=0 category=2 position=37311,-59369,17767 vertices=682 deform_vertices=682 rigid_vertices=0
submitted: GPU-skinned actor part race=101 file=d:\ymir work\monster\stray_dog\stray_dog.gr2 vid=23246 part=0 category=2 position=37291,-59360,17767 vertices=682 deform_vertices=682 rigid_vertices=0
material group=0 stage=0 alpha_test=0 blend=0 rigid=0 mesh=0 cull=0 depth_write=1 texture=d:\ymir work\monster\stray_dog\stray_dog.dds race=101 file=d:\ymir work\monster\stray_dog\stray_dog.gr2 vid=23246 part=0 category=2 position=37291,-59360,17767 vertices=682 deform_vertices=682 rigid_vertices=0
submitted: GPU-skinned actor part race=101 file=d:\ymir work\monster\stray_dog\stray_dog.gr2 vid=23076 part=0 category=2 position=37318,-59305,17767 vertices=682 deform_vertices=682 rigid_vertices=0
material group=0 stage=0 alpha_test=0 blend=0 rigid=0 mesh=0 cull=0 depth_write=1 texture=d:\ymir work\monster\stray_dog\stray_dog.dds race=101 file=d:\ymir work\monster\stray_dog\stray_dog.gr2 vid=23076 part=0 category=2 position=37318,-59305,17767 vertices=682 deform_vertices=682 rigid_vertices=0
submitted: GPU-skinned actor part race=101 file=d:\ymir work\monster\stray_dog\stray_dog.gr2 vid=22668 part=0 category=2 position=37512,-58903,17767 vertices=682 deform_vertices=682 rigid_vertices=0
material group=0 stage=0 alpha_test=0 blend=0 rigid=0 mesh=0 cull=0 depth_write=1 texture=d:\ymir work\monster\stray_dog\stray_dog.dds race=101 file=d:\ymir work\monster\stray_dog\stray_dog.gr2 vid=22668 part=0 category=2 position=37512,-58903,17767 vertices=682 deform_vertices=682 rigid_vertices=0
submitted: GPU-skinned actor part race=101 file=d:\ymir work\monster\stray_dog\stray_dog.gr2 vid=23206 part=0 category=2 position=37142,-59470,17767 vertices=682 deform_vertices=682 rigid_vertices=0
material group=0 stage=0 alpha_test=0 blend=0 rigid=0 mesh=0 cull=0 depth_write=1 texture=d:\ymir work\monster\stray_dog\stray_dog.dds race=101 file=d:\ymir work\monster\stray_dog\stray_dog.gr2 vid=23206 part=0 category=2 position=37142,-59470,17767 vertices=682 deform_vertices=682 rigid_vertices=0
submitted: GPU-skinned actor part race=101 file=d:\ymir work\monster\stray_dog\stray_dog.gr2 vid=22899 part=0 category=2 position=37102,-59520,17767 vertices=682 deform_vertices=682 rigid_vertices=0
material group=0 stage=0 alpha_test=0 blend=0 rigid=0 mesh=0 cull=0 depth_write=1 texture=d:\ymir work\monster\stray_dog\stray_dog.dds race=101 file=d:\ymir work\monster\stray_dog\stray_dog.gr2 vid=22899 part=0 category=2 position=37102,-59520,17767 vertices=682 deform_vertices=682 rigid_vertices=0
submitted: GPU-skinned actor part race=101 file=d:\ymir work\monster\stray_dog\stray_dog.gr2 vid=23443 part=0 category=2 position=37302,-59132,17767 vertices=682 deform_vertices=682 rigid_vertices=0
material group=0 stage=0 alpha_test=0 blend=0 rigid=0 mesh=0 cull=0 depth_write=1 texture=d:\ymir work\monster\stray_dog\stray_dog.dds race=101 file=d:\ymir work\monster\stray_dog\stray_dog.gr2 vid=23443 part=0 category=2 position=37302,-59132,17767 vertices=682 deform_vertices=682 rigid_vertices=0
submitted: GPU-skinned actor part race=101 file=d:\ymir work\monster\stray_dog\stray_dog.gr2 vid=23217 part=0 category=2 position=37328.8,-59067.3,17767 vertices=682 deform_vertices=682 rigid_vertices=0
material group=0 stage=0 alpha_test=0 blend=0 rigid=0 mesh=0 cull=0 depth_write=1 texture=d:\ymir work\monster\stray_dog\stray_dog.dds race=101 file=d:\ymir work\monster\stray_dog\stray_dog.gr2 vid=23217 part=0 category=2 position=37328.8,-59067.3,17767 vertices=682 deform_vertices=682 rigid_vertices=0
submitted: GPU-skinned actor part race=101 file=d:\ymir work\monster\stray_dog\stray_dog.gr2 vid=23029 part=0 category=2 position=37134,-59293,17767 vertices=682 deform_vertices=682 rigid_vertices=0
material group=0 stage=0 alpha_test=0 blend=0 rigid=0 mesh=0 cull=0 depth_write=1 texture=d:\ymir work\monster\stray_dog\stray_dog.dds race=101 file=d:\ymir work\monster\stray_dog\stray_dog.gr2 vid=23029 part=0 category=2 position=37134,-59293,17767 vertices=682 deform_vertices=682 rigid_vertices=0
submitted: GPU-skinned actor part race=101 file=d:\ymir work\monster\stray_dog\stray_dog.gr2 vid=22989 part=0 category=2 position=37279.6,-59008.5,17767 vertices=682 deform_vertices=682 rigid_vertices=0
material group=0 stage=0 alpha_test=0 blend=0 rigid=0 mesh=0 cull=0 depth_write=1 texture=d:\ymir work\monster\stray_dog\stray_dog.dds race=101 file=d:\ymir work\monster\stray_dog\stray_dog.gr2 vid=22989 part=0 category=2 position=37279.6,-59008.5,17767 vertices=682 deform_vertices=682 rigid_vertices=0
submitted: GPU-skinned actor part race=101 file=d:\ymir work\monster\stray_dog\stray_dog.gr2 vid=22750 part=0 category=2 position=37016,-59451,17767 vertices=682 deform_vertices=682 rigid_vertices=0
material group=0 stage=0 alpha_test=0 blend=0 rigid=0 mesh=0 cull=0 depth_write=1 texture=d:\ymir work\monster\stray_dog\stray_dog.dds race=101 file=d:\ymir work\monster\stray_dog\stray_dog.gr2 vid=22750 part=0 category=2 position=37016,-59451,17767 vertices=682 deform_vertices=682 rigid_vertices=0
submitted: GPU-skinned actor part race=101 file=d:\ymir work\monster\stray_dog\stray_dog.gr2 vid=22825 part=0 category=2 position=37319,-58794,17767 vertices=682 deform_vertices=682 rigid_vertices=0
material group=0 stage=0 alpha_test=0 blend=0 rigid=0 mesh=0 cull=0 depth_write=1 texture=d:\ymir work\monster\stray_dog\stray_dog.dds race=101 file=d:\ymir work\monster\stray_dog\stray_dog.gr2 vid=22825 part=0 category=2 position=37319,-58794,17767 vertices=682 deform_vertices=682 rigid_vertices=0
submitted: GPU-skinned actor part race=101 file=d:\ymir work\monster\stray_dog\stray_dog.gr2 vid=23228 part=0 category=2 position=37145,-58935,17767 vertices=682 deform_vertices=682 rigid_vertices=0
material group=0 stage=0 alpha_test=0 blend=0 rigid=0 mesh=0 cull=0 depth_write=1 texture=d:\ymir work\monster\stray_dog\stray_dog.dds race=101 file=d:\ymir work\monster\stray_dog\stray_dog.gr2 vid=23228 part=0 category=2 position=37145,-58935,17767 vertices=682 deform_vertices=682 rigid_vertices=0
submitted: GPU-skinned actor part race=101 file=d:\ymir work\monster\stray_dog\stray_dog.gr2 vid=22819 part=0 category=2 position=36917,-58910,17767 vertices=682 deform_vertices=682 rigid_vertices=0
material group=0 stage=0 alpha_test=0 blend=0 rigid=0 mesh=0 cull=0 depth_write=1 texture=d:\ymir work\monster\stray_dog\stray_dog.dds race=101 file=d:\ymir work\monster\stray_dog\stray_dog.gr2 vid=22819 part=0 category=2 position=36917,-58910,17767 vertices=682 deform_vertices=682 rigid_vertices=0
submitted: GPU-skinned actor part race=101 file=d:\ymir work\monster\stray_dog\stray_dog.gr2 vid=23310 part=0 category=2 position=36776,-59073,17767 vertices=682 deform_vertices=682 rigid_vertices=0
material group=0 stage=0 alpha_test=0 blend=0 rigid=0 mesh=0 cull=0 depth_write=1 texture=d:\ymir work\monster\stray_dog\stray_dog.dds race=101 file=d:\ymir work\monster\stray_dog\stray_dog.gr2 vid=23310 part=0 category=2 position=36776,-59073,17767 vertices=682 deform_vertices=682 rigid_vertices=0
submitted: GPU-skinned actor part race=101 file=d:\ymir work\monster\stray_dog\stray_dog.gr2 vid=23197 part=0 category=2 position=37041,-58623,17767 vertices=682 deform_vertices=682 rigid_vertices=0
material group=0 stage=0 alpha_test=0 blend=0 rigid=0 mesh=0 cull=0 depth_write=1 texture=d:\ymir work\monster\stray_dog\stray_dog.dds race=101 file=d:\ymir work\monster\stray_dog\stray_dog.gr2 vid=23197 part=0 category=2 position=37041,-58623,17767 vertices=682 deform_vertices=682 rigid_vertices=0
submitted: GPU-skinned actor part race=101 file=d:\ymir work\monster\stray_dog\stray_dog.gr2 vid=23093 part=0 category=2 position=36910,-58810,17767 vertices=682 deform_vertices=682 rigid_vertices=0
material group=0 stage=0 alpha_test=0 blend=0 rigid=0 mesh=0 cull=0 depth_write=1 texture=d:\ymir work\monster\stray_dog\stray_dog.dds race=101 file=d:\ymir work\monster\stray_dog\stray_dog.gr2 vid=23093 part=0 category=2 position=36910,-58810,17767 vertices=682 deform_vertices=682 rigid_vertices=0
submitted: GPU-skinned actor part race=101 file=d:\ymir work\monster\stray_dog\stray_dog.gr2 vid=22714 part=0 category=2 position=37027,-58575,17767 vertices=682 deform_vertices=682 rigid_vertices=0
material group=0 stage=0 alpha_test=0 blend=0 rigid=0 mesh=0 cull=0 depth_write=1 texture=d:\ymir work\monster\stray_dog\stray_dog.dds race=101 file=d:\ymir work\monster\stray_dog\stray_dog.gr2 vid=22714 part=0 category=2 position=37027,-58575,17767 vertices=682 deform_vertices=682 rigid_vertices=0
submitted: GPU-skinned actor part race=101 file=d:\ymir work\monster\stray_dog\stray_dog.gr2 vid=23385 part=0 category=2 position=36721,-59001,17767 vertices=682 deform_vertices=682 rigid_vertices=0
material group=0 stage=0 alpha_test=0 blend=0 rigid=0 mesh=0 cull=0 depth_write=1 texture=d:\ymir work\monster\stray_dog\stray_dog.dds race=101 file=d:\ymir work\monster\stray_dog\stray_dog.gr2 vid=23385 part=0 category=2 position=36721,-59001,17767 vertices=682 deform_vertices=682 rigid_vertices=0
submitted: GPU-skinned actor part race=101 file=d:\ymir work\monster\stray_dog\stray_dog.gr2 vid=23415 part=0 category=2 position=36640,-59094,17767 vertices=682 deform_vertices=682 rigid_vertices=0
material group=0 stage=0 alpha_test=0 blend=0 rigid=0 mesh=0 cull=0 depth_write=1 texture=d:\ymir work\monster\stray_dog\stray_dog.dds race=101 file=d:\ymir work\monster\stray_dog\stray_dog.gr2 vid=23415 part=0 category=2 position=36640,-59094,17767 vertices=682 deform_vertices=682 rigid_vertices=0
submitted: GPU-skinned actor part race=101 file=d:\ymir work\monster\stray_dog\stray_dog.gr2 vid=23077 part=0 category=2 position=36651,-58906,17767 vertices=682 deform_vertices=682 rigid_vertices=0
material group=0 stage=0 alpha_test=0 blend=0 rigid=0 mesh=0 cull=0 depth_write=1 texture=d:\ymir work\monster\stray_dog\stray_dog.dds race=101 file=d:\ymir work\monster\stray_dog\stray_dog.gr2 vid=23077 part=0 category=2 position=36651,-58906,17767 vertices=682 deform_vertices=682 rigid_vertices=0
submitted: GPU-skinned actor part race=101 file=d:\ymir work\monster\stray_dog\stray_dog.gr2 vid=22910 part=0 category=2 position=36646,-58784,17767 vertices=682 deform_vertices=682 rigid_vertices=0
material group=0 stage=0 alpha_test=0 blend=0 rigid=0 mesh=0 cull=0 depth_write=1 texture=d:\ymir work\monster\stray_dog\stray_dog.dds race=101 file=d:\ymir work\monster\stray_dog\stray_dog.gr2 vid=22910 part=0 category=2 position=36646,-58784,17767 vertices=682 deform_vertices=682 rigid_vertices=0
submitted: GPU-skinned actor part race=101 file=d:\ymir work\monster\stray_dog\stray_dog.gr2 vid=22705 part=0 category=2 position=36725,-58571,17767 vertices=682 deform_vertices=682 rigid_vertices=0
material group=0 stage=0 alpha_test=0 blend=0 rigid=0 mesh=0 cull=0 depth_write=1 texture=d:\ymir work\monster\stray_dog\stray_dog.dds race=101 file=d:\ymir work\monster\stray_dog\stray_dog.gr2 vid=22705 part=0 category=2 position=36725,-58571,17767 vertices=682 deform_vertices=682 rigid_vertices=0
submitted: GPU-skinned actor part race=101 file=d:\ymir work\monster\stray_dog\stray_dog.gr2 vid=22534 part=0 category=2 position=36752,-58505,17767 vertices=682 deform_vertices=682 rigid_vertices=0
material group=0 stage=0 alpha_test=0 blend=0 rigid=0 mesh=0 cull=0 depth_write=1 texture=d:\ymir work\monster\stray_dog\stray_dog.dds race=101 file=d:\ymir work\monster\stray_dog\stray_dog.gr2 vid=22534 part=0 category=2 position=36752,-58505,17767 vertices=682 deform_vertices=682 rigid_vertices=0
submitted: GPU-skinned actor part race=101 file=d:\ymir work\monster\stray_dog\stray_dog.gr2 vid=23225 part=0 category=2 position=36729,-58530,17767 vertices=682 deform_vertices=682 rigid_vertices=0
material group=0 stage=0 alpha_test=0 blend=0 rigid=0 mesh=0 cull=0 depth_write=1 texture=d:\ymir work\monster\stray_dog\stray_dog.dds race=101 file=d:\ymir work\monster\stray_dog\stray_dog.gr2 vid=23225 part=0 category=2 position=36729,-58530,17767 vertices=682 deform_vertices=682 rigid_vertices=0
submitted: GPU-skinned actor part race=101 file=d:\ymir work\monster\stray_dog\stray_dog.gr2 vid=22551 part=0 category=2 position=36562,-58787,17767 vertices=682 deform_vertices=682 rigid_vertices=0
material group=0 stage=0 alpha_test=0 blend=0 rigid=0 mesh=0 cull=0 depth_write=1 texture=d:\ymir work\monster\stray_dog\stray_dog.dds race=101 file=d:\ymir work\monster\stray_dog\stray_dog.gr2 vid=22551 part=0 category=2 position=36562,-58787,17767 vertices=682 deform_vertices=682 rigid_vertices=0
submitted: GPU-skinned actor part race=101 file=d:\ymir work\monster\stray_dog\stray_dog.gr2 vid=22564 part=0 category=2 position=36368,-58977,17767 vertices=682 deform_vertices=682 rigid_vertices=0
material group=0 stage=0 alpha_test=0 blend=0 rigid=0 mesh=0 cull=0 depth_write=1 texture=d:\ymir work\monster\stray_dog\stray_dog.dds race=101 file=d:\ymir work\monster\stray_dog\stray_dog.gr2 vid=22564 part=0 category=2 position=36368,-58977,17767 vertices=682 deform_vertices=682 rigid_vertices=0
submitted: GPU-skinned actor part race=101 file=d:\ymir work\monster\stray_dog\stray_dog.gr2 vid=22583 part=0 category=2 position=36500,-58411,17767 vertices=682 deform_vertices=682 rigid_vertices=0
material group=0 stage=0 alpha_test=0 blend=0 rigid=0 mesh=0 cull=0 depth_write=1 texture=d:\ymir work\monster\stray_dog\stray_dog.dds race=101 file=d:\ymir work\monster\stray_dog\stray_dog.gr2 vid=22583 part=0 category=2 position=36500,-58411,17767 vertices=682 deform_vertices=682 rigid_vertices=0
submitted: GPU-skinned actor part race=101 file=d:\ymir work\monster\stray_dog\stray_dog.gr2 vid=22799 part=0 category=2 position=36421,-58455,17767 vertices=682 deform_vertices=682 rigid_vertices=0
material group=0 stage=0 alpha_test=0 blend=0 rigid=0 mesh=0 cull=0 depth_write=1 texture=d:\ymir work\monster\stray_dog\stray_dog.dds race=101 file=d:\ymir work\monster\stray_dog\stray_dog.gr2 vid=22799 part=0 category=2 position=36421,-58455,17767 vertices=682 deform_vertices=682 rigid_vertices=0
submitted: GPU-skinned actor part race=101 file=d:\ymir work\monster\stray_dog\stray_dog.gr2 vid=23100 part=0 category=2 position=36099,-58733,17767 vertices=682 deform_vertices=682 rigid_vertices=0
material group=0 stage=0 alpha_test=0 blend=0 rigid=0 mesh=0 cull=0 depth_write=1 texture=d:\ymir work\monster\stray_dog\stray_dog.dds race=101 file=d:\ymir work\monster\stray_dog\stray_dog.gr2 vid=23100 part=0 category=2 position=36099,-58733,17767 vertices=682 deform_vertices=682 rigid_vertices=0
submitted: GPU-skinned actor part race=101 file=d:\ymir work\monster\stray_dog\stray_dog.gr2 vid=23055 part=0 category=2 position=35824,-59123,17767 vertices=682 deform_vertices=682 rigid_vertices=0
material group=0 stage=0 alpha_test=0 blend=0 rigid=0 mesh=0 cull=0 depth_write=1 texture=d:\ymir work\monster\stray_dog\stray_dog.dds race=101 file=d:\ymir work\monster\stray_dog\stray_dog.gr2 vid=23055 part=0 category=2 position=35824,-59123,17767 vertices=682 deform_vertices=682 rigid_vertices=0
submitted: GPU-skinned actor part race=101 file=d:\ymir work\monster\stray_dog\stray_dog.gr2 vid=22684 part=0 category=2 position=35563,-57959,17761.6 vertices=682 deform_vertices=682 rigid_vertices=0
material group=0 stage=0 alpha_test=0 blend=0 rigid=0 mesh=0 cull=0 depth_write=1 texture=d:\ymir work\monster\stray_dog\stray_dog.dds race=101 file=d:\ymir work\monster\stray_dog\stray_dog.gr2 vid=22684 part=0 category=2 position=35563,-57959,17761.6 vertices=682 deform_vertices=682 rigid_vertices=0
submitted: GPU-skinned actor part race=101 file=d:\ymir work\monster\stray_dog\stray_dog.gr2 vid=22859 part=0 category=2 position=35324,-57920,17761.8 vertices=682 deform_vertices=682 rigid_vertices=0
material group=0 stage=0 alpha_test=0 blend=0 rigid=0 mesh=0 cull=0 depth_write=1 texture=d:\ymir work\monster\stray_dog\stray_dog.dds race=101 file=d:\ymir work\monster\stray_dog\stray_dog.gr2 vid=22859 part=0 category=2 position=35324,-57920,17761.8 vertices=682 deform_vertices=682 rigid_vertices=0
material group=1 stage=3 alpha_test=0 blend=0 rigid=0 mesh=7 cull=0 depth_write=1 texture=d:\ymir work\pc\warrior\warrior_4-2.dds race=0 file=d:\ymir work\pc\warrior\warrior_4-1.gr2 vid=24598 part=0 category=4 position=39682,-61235,17786.3 vertices=2582 deform_vertices=2582 rigid_vertices=0
material group=1 stage=3 alpha_test=0 blend=0 rigid=0 mesh=6 cull=0 depth_write=1 texture=d:\ymir work\pc\warrior\warrior_4-2.dds race=0 file=d:\ymir work\pc\warrior\warrior_4-1.gr2 vid=24598 part=0 category=4 position=39682,-61235,17786.3 vertices=2582 deform_vertices=2582 rigid_vertices=0
material group=1 stage=3 alpha_test=0 blend=0 rigid=0 mesh=5 cull=0 depth_write=1 texture=d:\ymir work\pc\warrior\warrior_4-2.dds race=0 file=d:\ymir work\pc\warrior\warrior_4-1.gr2 vid=24598 part=0 category=4 position=39682,-61235,17786.3 vertices=2582 deform_vertices=2582 rigid_vertices=0
material group=1 stage=3 alpha_test=0 blend=0 rigid=0 mesh=4 cull=0 depth_write=1 texture=d:\ymir work\pc\warrior\warrior_4-2.dds race=0 file=d:\ymir work\pc\warrior\warrior_4-1.gr2 vid=24598 part=0 category=4 position=39682,-61235,17786.3 vertices=2582 deform_vertices=2582 rigid_vertices=0
material group=1 stage=3 alpha_test=0 blend=0 rigid=0 mesh=3 cull=0 depth_write=1 texture=d:\ymir work\pc\warrior\warrior_4-2.dds race=0 file=d:\ymir work\pc\warrior\warrior_4-1.gr2 vid=24598 part=0 category=4 position=39682,-61235,17786.3 vertices=2582 deform_vertices=2582 rigid_vertices=0
material group=1 stage=3 alpha_test=0 blend=0 rigid=0 mesh=2 cull=0 depth_write=1 texture=d:\ymir work\pc\warrior\warrior_4-2.dds race=0 file=d:\ymir work\pc\warrior\warrior_4-1.gr2 vid=24598 part=0 category=4 position=39682,-61235,17786.3 vertices=2582 deform_vertices=2582 rigid_vertices=0
material group=1 stage=3 alpha_test=0 blend=0 rigid=0 mesh=1 cull=0 depth_write=1 texture=d:\ymir work\pc\warrior\warrior_4-2.dds race=0 file=d:\ymir work\pc\warrior\warrior_4-1.gr2 vid=24598 part=0 category=4 position=39682,-61235,17786.3 vertices=2582 deform_vertices=2582 rigid_vertices=0
material group=0 stage=0 alpha_test=0 blend=0 rigid=0 mesh=0 cull=0 depth_write=1 texture=d:\ymir work\pc\warrior\warrior_face.dds race=0 file=d:\ymir work\pc\warrior\warrior_4-1.gr2 vid=24598 part=0 category=4 position=39682,-61235,17786.3 vertices=2582 deform_vertices=2582 rigid_vertices=0
material group=0 stage=3 alpha_test=0 blend=0 rigid=1 mesh=0 cull=0 depth_write=1 texture=d:\ymir work\item\weapon\weapon_choegogeup01_01.dds race=0 file=d:\ymir work\pc\warrior\warrior_4-1.gr2 vid=24598 part=1 category=4 position=39682,-61235,17786.3 vertices=625 deform_vertices=0 rigid_vertices=625
material group=0 stage=0 alpha_test=0 blend=0 rigid=0 mesh=0 cull=0 depth_write=1 texture=d:\ymir work\pc\warrior\warrior_hair_01.dds race=0 file=d:\ymir work\pc\warrior\warrior_4-1.gr2 vid=24598 part=4 category=4 position=39682,-61235,17786.3 vertices=427 deform_vertices=427 rigid_vertices=0
submitted: GPU-skinned actor part race=101 file=d:\ymir work\monster\stray_dog\stray_dog.gr2 vid=23070 part=0 category=2 position=37954,-59114,17767 vertices=682 deform_vertices=682 rigid_vertices=0
material group=0 stage=0 alpha_test=0 blend=0 rigid=0 mesh=0 cull=0 depth_write=1 texture=d:\ymir work\monster\stray_dog\stray_dog.dds race=101 file=d:\ymir work\monster\stray_dog\stray_dog.gr2 vid=23070 part=0 category=2 position=37954,-59114,17767 vertices=682 deform_vertices=682 rigid_vertices=0
submitted: GPU-skinned actor part race=101 file=d:\ymir work\monster\stray_dog\stray_dog.gr2 vid=22545 part=0 category=2 position=37884,-59047,17767 vertices=682 deform_vertices=682 rigid_vertices=0
material group=0 stage=0 alpha_test=0 blend=0 rigid=0 mesh=0 cull=0 depth_write=1 texture=d:\ymir work\monster\stray_dog\stray_dog.dds race=101 file=d:\ymir work\monster\stray_dog\stray_dog.gr2 vid=22545 part=0 category=2 position=37884,-59047,17767 vertices=682 deform_vertices=682 rigid_vertices=0
submitted: GPU-skinned actor part race=101 file=d:\ymir work\monster\stray_dog\stray_dog.gr2 vid=23173 part=0 category=2 position=37839,-59082,17767 vertices=682 deform_vertices=682 rigid_vertices=0
material group=0 stage=0 alpha_test=0 blend=0 rigid=0 mesh=0 cull=0 depth_write=1 texture=d:\ymir work\monster\stray_dog\stray_dog.dds race=101 file=d:\ymir work\monster\stray_dog\stray_dog.gr2 vid=23173 part=0 category=2 position=37839,-59082,17767 vertices=682 deform_vertices=682 rigid_vertices=0
submitted: GPU-skinned actor part race=101 file=d:\ymir work\monster\stray_dog\stray_dog.gr2 vid=22767 part=0 category=2 position=37826,-58917,17767 vertices=682 deform_vertices=682 rigid_vertices=0
material group=0 stage=0 alpha_test=0 blend=0 rigid=0 mesh=0 cull=0 depth_write=1 texture=d:\ymir work\monster\stray_dog\stray_dog.dds race=101 file=d:\ymir work\monster\stray_dog\stray_dog.gr2 vid=22767 part=0 category=2 position=37826,-58917,17767 vertices=682 deform_vertices=682 rigid_vertices=0
submitted: GPU-skinned actor part race=101 file=d:\ymir work\monster\stray_dog\stray_dog.gr2 vid=23240 part=0 category=2 position=37806,-58937,17767 vertices=682 deform_vertices=682 rigid_vertices=0
material group=0 stage=0 alpha_test=0 blend=0 rigid=0 mesh=0 cull=0 depth_write=1 texture=d:\ymir work\monster\stray_dog\stray_dog.dds race=101 file=d:\ymir work\monster\stray_dog\stray_dog.gr2 vid=23240 part=0 category=2 position=37806,-58937,17767 vertices=682 deform_vertices=682 rigid_vertices=0
submitted: GPU-skinned actor part race=101 file=d:\ymir work\monster\stray_dog\stray_dog.gr2 vid=23018 part=0 category=2 position=37826,-58855,17767 vertices=682 deform_vertices=682 rigid_vertices=0
material group=0 stage=0 alpha_test=0 blend=0 rigid=0 mesh=0 cull=0 depth_write=1 texture=d:\ymir work\monster\stray_dog\stray_dog.dds race=101 file=d:\ymir work\monster\stray_dog\stray_dog.gr2 vid=23018 part=0 category=2 position=37826,-58855,17767 vertices=682 deform_vertices=682 rigid_vertices=0
submitted: GPU-skinned actor part race=101 file=d:\ymir work\monster\stray_dog\stray_dog.gr2 vid=22728 part=0 category=2 position=37691,-58977,17767 vertices=682 deform_vertices=682 rigid_vertices=0
material group=0 stage=0 alpha_test=0 blend=0 rigid=0 mesh=0 cull=0 depth_write=1 texture=d:\ymir work\monster\stray_dog\stray_dog.dds race=101 file=d:\ymir work\monster\stray_dog\stray_dog.gr2 vid=22728 part=0 category=2 position=37691,-58977,17767 vertices=682 deform_vertices=682 rigid_vertices=0
submitted: GPU-skinned actor part race=101 file=d:\ymir work\monster\stray_dog\stray_dog.gr2 vid=23205 part=0 category=2 position=37672,-58955,17767 vertices=682 deform_vertices=682 rigid_vertices=0
material group=0 stage=0 alpha_test=0 blend=0 rigid=0 mesh=0 cull=0 depth_write=1 texture=d:\ymir work\monster\stray_dog\stray_dog.dds race=101 file=d:\ymir work\monster\stray_dog\stray_dog.gr2 vid=23205 part=0 category=2 position=37672,-58955,17767 vertices=682 deform_vertices=682 rigid_vertices=0
submitted: GPU-skinned actor part race=101 file=d:\ymir work\monster\stray_dog\stray_dog.gr2 vid=23138 part=0 category=2 position=37648,-58888,17767 vertices=682 deform_vertices=682 rigid_vertices=0
material group=0 stage=0 alpha_test=0 blend=0 rigid=0 mesh=0 cull=0 depth_write=1 texture=d:\ymir work\monster\stray_dog\stray_dog.dds race=101 file=d:\ymir work\monster\stray_dog\stray_dog.gr2 vid=23138 part=0 category=2 position=37648,-58888,17767 vertices=682 deform_vertices=682 rigid_vertices=0
submitted: GPU-skinned actor part race=101 file=d:\ymir work\monster\stray_dog\stray_dog.gr2 vid=22962 part=0 category=2 position=37644,-58801,17767 vertices=682 deform_vertices=682 rigid_vertices=0
material group=0 stage=0 alpha_test=0 blend=0 rigid=0 mesh=0 cull=0 depth_write=1 texture=d:\ymir work\monster\stray_dog\stray_dog.dds race=101 file=d:\ymir work\monster\stray_dog\stray_dog.gr2 vid=22962 part=0 category=2 position=37644,-58801,17767 vertices=682 deform_vertices=682 rigid_vertices=0
submitted: GPU-skinned actor part race=101 file=d:\ymir work\monster\stray_dog\stray_dog.gr2 vid=22918 part=0 category=2 position=37517,-58838,17767 vertices=682 deform_vertices=682 rigid_vertices=0
material group=0 stage=0 alpha_test=0 blend=0 rigid=0 mesh=0 cull=0 depth_write=1 texture=d:\ymir work\monster\stray_dog\stray_dog.dds race=101 file=d:\ymir work\monster\stray_dog\stray_dog.gr2 vid=22918 part=0 category=2 position=37517,-58838,17767 vertices=682 deform_vertices=682 rigid_vertices=0
submitted: GPU-skinned actor part race=101 file=d:\ymir work\monster\stray_dog\stray_dog.gr2 vid=22738 part=0 category=2 position=37499,-58793,17767 vertices=682 deform_vertices=682 rigid_vertices=0
material group=0 stage=0 alpha_test=0 blend=0 rigid=0 mesh=0 cull=0 depth_write=1 texture=d:\ymir work\monster\stray_dog\stray_dog.dds race=101 file=d:\ymir work\monster\stray_dog\stray_dog.gr2 vid=22738 part=0 category=2 position=37499,-58793,17767 vertices=682 deform_vertices=682 rigid_vertices=0
submitted: GPU-skinned actor part race=101 file=d:\ymir work\monster\stray_dog\stray_dog.gr2 vid=23212 part=0 category=2 position=37501,-58756,17767 vertices=682 deform_vertices=682 rigid_vertices=0
material group=0 stage=0 alpha_test=0 blend=0 rigid=0 mesh=0 cull=0 depth_write=1 texture=d:\ymir work\monster\stray_dog\stray_dog.dds race=101 file=d:\ymir work\monster\stray_dog\stray_dog.gr2 vid=23212 part=0 category=2 position=37501,-58756,17767 vertices=682 deform_vertices=682 rigid_vertices=0
submitted: GPU-skinned actor part race=101 file=d:\ymir work\monster\stray_dog\stray_dog.gr2 vid=23237 part=0 category=2 position=37594,-58639,17767 vertices=682 deform_vertices=682 rigid_vertices=0
material group=0 stage=0 alpha_test=0 blend=0 rigid=0 mesh=0 cull=0 depth_write=1 texture=d:\ymir work\monster\stray_dog\stray_dog.dds race=101 file=d:\ymir work\monster\stray_dog\stray_dog.gr2 vid=23237 part=0 category=2 position=37594,-58639,17767 vertices=682 deform_vertices=682 rigid_vertices=0
submitted: GPU-skinned actor part race=101 file=d:\ymir work\monster\stray_dog\stray_dog.gr2 vid=23254 part=0 category=2 position=37527,-58656,17767 vertices=682 deform_vertices=682 rigid_vertices=0
material group=0 stage=0 alpha_test=0 blend=0 rigid=0 mesh=0 cull=0 depth_write=1 texture=d:\ymir work\monster\stray_dog\stray_dog.dds race=101 file=d:\ymir work\monster\stray_dog\stray_dog.gr2 vid=23254 part=0 category=2 position=37527,-58656,17767 vertices=682 deform_vertices=682 rigid_vertices=0
submitted: GPU-skinned actor part race=101 file=d:\ymir work\monster\stray_dog\stray_dog.gr2 vid=22795 part=0 category=2 position=37407,-58740,17767 vertices=682 deform_vertices=682 rigid_vertices=0
material group=0 stage=0 alpha_test=0 blend=0 rigid=0 mesh=0 cull=0 depth_write=1 texture=d:\ymir work\monster\stray_dog\stray_dog.dds race=101 file=d:\ymir work\monster\stray_dog\stray_dog.gr2 vid=22795 part=0 category=2 position=37407,-58740,17767 vertices=682 deform_vertices=682 rigid_vertices=0
submitted: GPU-skinned actor part race=101 file=d:\ymir work\monster\stray_dog\stray_dog.gr2 vid=23035 part=0 category=2 position=37538,-58530,17767 vertices=682 deform_vertices=682 rigid_vertices=0
material group=0 stage=0 alpha_test=0 blend=0 rigid=0 mesh=0 cull=0 depth_write=1 texture=d:\ymir work\monster\stray_dog\stray_dog.dds race=101 file=d:\ymir work\monster\stray_dog\stray_dog.gr2 vid=23035 part=0 category=2 position=37538,-58530,17767 vertices=682 deform_vertices=682 rigid_vertices=0
submitted: GPU-skinned actor part race=101 file=d:\ymir work\monster\stray_dog\stray_dog.gr2 vid=23339 part=0 category=2 position=37595,-58415,17767 vertices=682 deform_vertices=682 rigid_vertices=0
material group=0 stage=0 alpha_test=0 blend=0 rigid=0 mesh=0 cull=0 depth_write=1 texture=d:\ymir work\monster\stray_dog\stray_dog.dds race=101 file=d:\ymir work\monster\stray_dog\stray_dog.gr2 vid=23339 part=0 category=2 position=37595,-58415,17767 vertices=682 deform_vertices=682 rigid_vertices=0
submitted: GPU-skinned actor part race=101 file=d:\ymir work\monster\stray_dog\stray_dog.gr2 vid=22879 part=0 category=2 position=37522,-58441,17767 vertices=682 deform_vertices=682 rigid_vertices=0
material group=0 stage=0 alpha_test=0 blend=0 rigid=0 mesh=0 cull=0 depth_write=1 texture=d:\ymir work\monster\stray_dog\stray_dog.dds race=101 file=d:\ymir work\monster\stray_dog\stray_dog.gr2 vid=22879 part=0 category=2 position=37522,-58441,17767 vertices=682 deform_vertices=682 rigid_vertices=0
submitted: GPU-skinned actor part race=101 file=d:\ymir work\monster\stray_dog\stray_dog.gr2 vid=22822 part=0 category=2 position=37276,-58499,17767 vertices=682 deform_vertices=682 rigid_vertices=0
material group=0 stage=0 alpha_test=0 blend=0 rigid=0 mesh=0 cull=0 depth_write=1 texture=d:\ymir work\monster\stray_dog\stray_dog.dds race=101 file=d:\ymir work\monster\stray_dog\stray_dog.gr2 vid=22822 part=0 category=2 position=37276,-58499,17767 vertices=682 deform_vertices=682 rigid_vertices=0
submitted: GPU-skinned actor part race=101 file=d:\ymir work\monster\stray_dog\stray_dog.gr2 vid=22653 part=0 category=2 position=37771.7,-58008.9,17767 vertices=682 deform_vertices=682 rigid_vertices=0
material group=0 stage=0 alpha_test=0 blend=0 rigid=0 mesh=0 cull=0 depth_write=1 texture=d:\ymir work\monster\stray_dog\stray_dog.dds race=101 file=d:\ymir work\monster\stray_dog\stray_dog.gr2 vid=22653 part=0 category=2 position=37771.7,-58008.9,17767 vertices=682 deform_vertices=682 rigid_vertices=0
submitted: GPU-skinned actor part race=101 file=d:\ymir work\monster\stray_dog\stray_dog.gr2 vid=22748 part=0 category=2 position=37477,-58259,17767 vertices=682 deform_vertices=682 rigid_vertices=0
material group=0 stage=0 alpha_test=0 blend=0 rigid=0 mesh=0 cull=0 depth_write=1 texture=d:\ymir work\monster\stray_dog\stray_dog.dds race=101 file=d:\ymir work\monster\stray_dog\stray_dog.gr2 vid=22748 part=0 category=2 position=37477,-58259,17767 vertices=682 deform_vertices=682 rigid_vertices=0
submitted: GPU-skinned actor part race=101 file=d:\ymir work\monster\stray_dog\stray_dog.gr2 vid=22774 part=0 category=2 position=37192,-58544,17767 vertices=682 deform_vertices=682 rigid_vertices=0
material group=0 stage=0 alpha_test=0 blend=0 rigid=0 mesh=0 cull=0 depth_write=1 texture=d:\ymir work\monster\stray_dog\stray_dog.dds race=101 file=d:\ymir work\monster\stray_dog\stray_dog.gr2 vid=22774 part=0 category=2 position=37192,-58544,17767 vertices=682 deform_vertices=682 rigid_vertices=0
submitted: GPU-skinned actor part race=101 file=d:\ymir work\monster\stray_dog\stray_dog.gr2 vid=22977 part=0 category=2 position=37482,-58180,17767 vertices=682 deform_vertices=682 rigid_vertices=0
material group=0 stage=0 alpha_test=0 blend=0 rigid=0 mesh=0 cull=0 depth_write=1 texture=d:\ymir work\monster\stray_dog\stray_dog.dds race=101 file=d:\ymir work\monster\stray_dog\stray_dog.gr2 vid=22977 part=0 category=2 position=37482,-58180,17767 vertices=682 deform_vertices=682 rigid_vertices=0
submitted: GPU-skinned actor part race=101 file=d:\ymir work\monster\stray_dog\stray_dog.gr2 vid=22943 part=0 category=2 position=37238,-58217,17767 vertices=682 deform_vertices=682 rigid_vertices=0
material group=0 stage=0 alpha_test=0 blend=0 rigid=0 mesh=0 cull=0 depth_write=1 texture=d:\ymir work\monster\stray_dog\stray_dog.dds race=101 file=d:\ymir work\monster\stray_dog\stray_dog.gr2 vid=22943 part=0 category=2 position=37238,-58217,17767 vertices=682 deform_vertices=682 rigid_vertices=0
submitted: GPU-skinned actor part race=101 file=d:\ymir work\monster\stray_dog\stray_dog.gr2 vid=23213 part=0 category=2 position=37270,-58142,17767 vertices=682 deform_vertices=682 rigid_vertices=0
material group=0 stage=0 alpha_test=0 blend=0 rigid=0 mesh=0 cull=0 depth_write=1 texture=d:\ymir work\monster\stray_dog\stray_dog.dds race=101 file=d:\ymir work\monster\stray_dog\stray_dog.gr2 vid=23213 part=0 category=2 position=37270,-58142,17767 vertices=682 deform_vertices=682 rigid_vertices=0
submitted: GPU-skinned actor part race=101 file=d:\ymir work\monster\stray_dog\stray_dog.gr2 vid=23126 part=0 category=2 position=37221,-58191,17767 vertices=682 deform_vertices=682 rigid_vertices=0
material group=0 stage=0 alpha_test=0 blend=0 rigid=0 mesh=0 cull=0 depth_write=1 texture=d:\ymir work\monster\stray_dog\stray_dog.dds race=101 file=d:\ymir work\monster\stray_dog\stray_dog.gr2 vid=23126 part=0 category=2 position=37221,-58191,17767 vertices=682 deform_vertices=682 rigid_vertices=0
submitted: GPU-skinned actor part race=101 file=d:\ymir work\monster\stray_dog\stray_dog.gr2 vid=22595 part=0 category=2 position=37103,-58282,17767 vertices=682 deform_vertices=682 rigid_vertices=0
material group=0 stage=0 alpha_test=0 blend=0 rigid=0 mesh=0 cull=0 depth_write=1 texture=d:\ymir work\monster\stray_dog\stray_dog.dds race=101 file=d:\ymir work\monster\stray_dog\stray_dog.gr2 vid=22595 part=0 category=2 position=37103,-58282,17767 vertices=682 deform_vertices=682 rigid_vertices=0
submitted: GPU-skinned actor part race=101 file=d:\ymir work\monster\stray_dog\stray_dog.gr2 vid=23124 part=0 category=2 position=37161.6,-58196.6,17767 vertices=682 deform_vertices=682 rigid_vertices=0
material group=0 stage=0 alpha_test=0 blend=0 rigid=0 mesh=0 cull=0 depth_write=1 texture=d:\ymir work\monster\stray_dog\stray_dog.dds race=101 file=d:\ymir work\monster\stray_dog\stray_dog.gr2 vid=23124 part=0 category=2 position=37161.6,-58196.6,17767 vertices=682 deform_vertices=682 rigid_vertices=0
submitted: GPU-skinned actor part race=101 file=d:\ymir work\monster\stray_dog\stray_dog.gr2 vid=22523 part=0 category=2 position=37368,-57915,17767 vertices=682 deform_vertices=682 rigid_vertices=0
material group=0 stage=0 alpha_test=0 blend=0 rigid=0 mesh=0 cull=0 depth_write=1 texture=d:\ymir work\monster\stray_dog\stray_dog.dds race=101 file=d:\ymir work\monster\stray_dog\stray_dog.gr2 vid=22523 part=0 category=2 position=37368,-57915,17767 vertices=682 deform_vertices=682 rigid_vertices=0
submitted: GPU-skinned actor part race=101 file=d:\ymir work\monster\stray_dog\stray_dog.gr2 vid=23034 part=0 category=2 position=36866,-58413,17767 vertices=682 deform_vertices=682 rigid_vertices=0
material group=0 stage=0 alpha_test=0 blend=0 rigid=0 mesh=0 cull=0 depth_write=1 texture=d:\ymir work\monster\stray_dog\stray_dog.dds race=101 file=d:\ymir work\monster\stray_dog\stray_dog.gr2 vid=23034 part=0 category=2 position=36866,-58413,17767 vertices=682 deform_vertices=682 rigid_vertices=0
submitted: GPU-skinned actor part race=101 file=d:\ymir work\monster\stray_dog\stray_dog.gr2 vid=22639 part=0 category=2 position=37148,-58079,17767 vertices=682 deform_vertices=682 rigid_vertices=0
material group=0 stage=0 alpha_test=0 blend=0 rigid=0 mesh=0 cull=0 depth_write=1 texture=d:\ymir work\monster\stray_dog\stray_dog.dds race=101 file=d:\ymir work\monster\stray_dog\stray_dog.gr2 vid=22639 part=0 category=2 position=37148,-58079,17767 vertices=682 deform_vertices=682 rigid_vertices=0
submitted: GPU-skinned actor part race=101 file=d:\ymir work\monster\stray_dog\stray_dog.gr2 vid=23255 part=0 category=2 position=37150,-57963,17766.4 vertices=682 deform_vertices=682 rigid_vertices=0
material group=0 stage=0 alpha_test=0 blend=0 rigid=0 mesh=0 cull=0 depth_write=1 texture=d:\ymir work\monster\stray_dog\stray_dog.dds race=101 file=d:\ymir work\monster\stray_dog\stray_dog.gr2 vid=23255 part=0 category=2 position=37150,-57963,17766.4 vertices=682 deform_vertices=682 rigid_vertices=0
submitted: GPU-skinned actor part race=101 file=d:\ymir work\monster\stray_dog\stray_dog.gr2 vid=23109 part=0 category=2 position=37320,-57794,17766.8 vertices=682 deform_vertices=682 rigid_vertices=0
material group=0 stage=0 alpha_test=0 blend=0 rigid=0 mesh=0 cull=0 depth_write=1 texture=d:\ymir work\monster\stray_dog\stray_dog.dds race=101 file=d:\ymir work\monster\stray_dog\stray_dog.gr2 vid=23109 part=0 category=2 position=37320,-57794,17766.8 vertices=682 deform_vertices=682 rigid_vertices=0
submitted: GPU-skinned actor part race=101 file=d:\ymir work\monster\stray_dog\stray_dog.gr2 vid=22703 part=0 category=2 position=36815,-58306,17767 vertices=682 deform_vertices=682 rigid_vertices=0
material group=0 stage=0 alpha_test=0 blend=0 rigid=0 mesh=0 cull=0 depth_write=1 texture=d:\ymir work\monster\stray_dog\stray_dog.dds race=101 file=d:\ymir work\monster\stray_dog\stray_dog.gr2 vid=22703 part=0 category=2 position=36815,-58306,17767 vertices=682 deform_vertices=682 rigid_vertices=0
submitted: GPU-skinned actor part race=101 file=d:\ymir work\monster\stray_dog\stray_dog.gr2 vid=22985 part=0 category=2 position=36762,-58131,17765.9 vertices=682 deform_vertices=682 rigid_vertices=0
material group=0 stage=0 alpha_test=0 blend=0 rigid=0 mesh=0 cull=0 depth_write=1 texture=d:\ymir work\monster\stray_dog\stray_dog.dds race=101 file=d:\ymir work\monster\stray_dog\stray_dog.gr2 vid=22985 part=0 category=2 position=36762,-58131,17765.9 vertices=682 deform_vertices=682 rigid_vertices=0
submitted: GPU-skinned actor part race=101 file=d:\ymir work\monster\stray_dog\stray_dog.gr2 vid=22655 part=0 category=2 position=36803,-58013,17764.7 vertices=682 deform_vertices=682 rigid_vertices=0
material group=0 stage=0 alpha_test=0 blend=0 rigid=0 mesh=0 cull=0 depth_write=1 texture=d:\ymir work\monster\stray_dog\stray_dog.dds race=101 file=d:\ymir work\monster\stray_dog\stray_dog.gr2 vid=22655 part=0 category=2 position=36803,-58013,17764.7 vertices=682 deform_vertices=682 rigid_vertices=0
submitted: GPU-skinned actor part race=101 file=d:\ymir work\monster\stray_dog\stray_dog.gr2 vid=22611 part=0 category=2 position=36760,-57987,17764 vertices=682 deform_vertices=682 rigid_vertices=0
material group=0 stage=0 alpha_test=0 blend=0 rigid=0 mesh=0 cull=0 depth_write=1 texture=d:\ymir work\monster\stray_dog\stray_dog.dds race=101 file=d:\ymir work\monster\stray_dog\stray_dog.gr2 vid=22611 part=0 category=2 position=36760,-57987,17764 vertices=682 deform_vertices=682 rigid_vertices=0
submitted: GPU-skinned actor part race=101 file=d:\ymir work\monster\stray_dog\stray_dog.gr2 vid=23393 part=0 category=2 position=37124,-57536,17758.1 vertices=682 deform_vertices=682 rigid_vertices=0
material group=0 stage=0 alpha_test=0 blend=0 rigid=0 mesh=0 cull=0 depth_write=1 texture=d:\ymir work\monster\stray_dog\stray_dog.dds race=101 file=d:\ymir work\monster\stray_dog\stray_dog.gr2 vid=23393 part=0 category=2 position=37124,-57536,17758.1 vertices=682 deform_vertices=682 rigid_vertices=0
submitted: GPU-skinned actor part race=101 file=d:\ymir work\monster\stray_dog\stray_dog.gr2 vid=23435 part=0 category=2 position=36566,-57848,17759.5 vertices=682 deform_vertices=682 rigid_vertices=0
material group=0 stage=0 alpha_test=0 blend=0 rigid=0 mesh=0 cull=0 depth_write=1 texture=d:\ymir work\monster\stray_dog\stray_dog.dds race=101 file=d:\ymir work\monster\stray_dog\stray_dog.gr2 vid=23435 part=0 category=2 position=36566,-57848,17759.5 vertices=682 deform_vertices=682 rigid_vertices=0
submitted: GPU-skinned actor part race=101 file=d:\ymir work\monster\stray_dog\stray_dog.gr2 vid=23437 part=0 category=2 position=36548,-57791,17757.9 vertices=682 deform_vertices=682 rigid_vertices=0
material group=0 stage=0 alpha_test=0 blend=0 rigid=0 mesh=0 cull=0 depth_write=1 texture=d:\ymir work\monster\stray_dog\stray_dog.dds race=101 file=d:\ymir work\monster\stray_dog\stray_dog.gr2 vid=23437 part=0 category=2 position=36548,-57791,17757.9 vertices=682 deform_vertices=682 rigid_vertices=0
submitted: GPU-skinned actor part race=101 file=d:\ymir work\monster\stray_dog\stray_dog.gr2 vid=22493 part=0 category=2 position=36026,-57453,17742.4 vertices=682 deform_vertices=682 rigid_vertices=0
material group=0 stage=0 alpha_test=0 blend=0 rigid=0 mesh=0 cull=0 depth_write=1 texture=d:\ymir work\monster\stray_dog\stray_dog.dds race=101 file=d:\ymir work\monster\stray_dog\stray_dog.gr2 vid=22493 part=0 category=2 position=36026,-57453,17742.4 vertices=682 deform_vertices=682 rigid_vertices=0
submitted: GPU-skinned actor part race=101 file=d:\ymir work\monster\stray_dog\stray_dog.gr2 vid=23288 part=0 category=2 position=36516,-56638,17692 vertices=682 deform_vertices=682 rigid_vertices=0
material group=0 stage=0 alpha_test=0 blend=0 rigid=0 mesh=0 cull=0 depth_write=1 texture=d:\ymir work\monster\stray_dog\stray_dog.dds race=101 file=d:\ymir work\monster\stray_dog\stray_dog.gr2 vid=23288 part=0 category=2 position=36516,-56638,17692 vertices=682 deform_vertices=682 rigid_vertices=0
submitted: GPU-skinned actor part race=20002 file=d:\ymir work\npc\auntie\auntie.gr2 vid=2857 part=0 category=1 position=34203,-55940,17656.7 vertices=1229 deform_vertices=1229 rigid_vertices=0
material group=0 stage=0 alpha_test=0 blend=0 rigid=0 mesh=0 cull=0 depth_write=1 texture=d:\ymir work\npc\auntie\auntie.dds race=20002 file=d:\ymir work\npc\auntie\auntie.gr2 vid=2857 part=0 category=1 position=34203,-55940,17656.7 vertices=1229 deform_vertices=1229 rigid_vertices=0
submitted: GPU-skinned actor part race=101 file=d:\ymir work\monster\stray_dog\stray_dog.gr2 vid=23187 part=0 category=2 position=37206,-56417,17767 vertices=682 deform_vertices=682 rigid_vertices=0
material group=0 stage=0 alpha_test=0 blend=0 rigid=0 mesh=0 cull=0 depth_write=1 texture=d:\ymir work\monster\stray_dog\stray_dog.dds race=101 file=d:\ymir work\monster\stray_dog\stray_dog.gr2 vid=23187 part=0 category=2 position=37206,-56417,17767 vertices=682 deform_vertices=682 rigid_vertices=0
submitted: GPU-skinned actor part race=101 file=d:\ymir work\monster\stray_dog\stray_dog.gr2 vid=22514 part=0 category=2 position=38847,-61344,17803.6 vertices=499 deform_vertices=499 rigid_vertices=0
material group=0 stage=0 alpha_test=0 blend=0 rigid=0 mesh=0 cull=0 depth_write=1 texture=d:\ymir work\monster\stray_dog\stray_dog.dds race=101 file=d:\ymir work\monster\stray_dog\stray_dog.gr2 vid=22514 part=0 category=2 position=38847,-61344,17803.6 vertices=499 deform_vertices=499 rigid_vertices=0
submitted: GPU-skinned actor part race=101 file=d:\ymir work\monster\stray_dog\stray_dog.gr2 vid=23239 part=0 category=2 position=38817,-61286,17801.3 vertices=499 deform_vertices=499 rigid_vertices=0
material group=0 stage=0 alpha_test=0 blend=0 rigid=0 mesh=0 cull=0 depth_write=1 texture=d:\ymir work\monster\stray_dog\stray_dog.dds race=101 file=d:\ymir work\monster\stray_dog\stray_dog.gr2 vid=23239 part=0 category=2 position=38817,-61286,17801.3 vertices=499 deform_vertices=499 rigid_vertices=0
submitted: GPU-skinned actor part race=101 file=d:\ymir work\monster\stray_dog\stray_dog.gr2 vid=23040 part=0 category=2 position=39132.5,-61346.2,17799.9 vertices=499 deform_vertices=499 rigid_vertices=0
material group=0 stage=0 alpha_test=0 blend=0 rigid=0 mesh=0 cull=0 depth_write=1 texture=d:\ymir work\monster\stray_dog\stray_dog.dds race=101 file=d:\ymir work\monster\stray_dog\stray_dog.gr2 vid=23040 part=0 category=2 position=39132.5,-61346.2,17799.9 vertices=499 deform_vertices=499 rigid_vertices=0
submitted: GPU-skinned actor part race=101 file=d:\ymir work\monster\stray_dog\stray_dog.gr2 vid=22573 part=0 category=2 position=39086,-61026.7,17786.9 vertices=499 deform_vertices=499 rigid_vertices=0
material group=0 stage=0 alpha_test=0 blend=0 rigid=0 mesh=0 cull=0 depth_write=1 texture=d:\ymir work\monster\stray_dog\stray_dog.dds race=101 file=d:\ymir work\monster\stray_dog\stray_dog.gr2 vid=22573 part=0 category=2 position=39086,-61026.7,17786.9 vertices=499 deform_vertices=499 rigid_vertices=0
submitted: GPU-skinned actor part race=101 file=d:\ymir work\monster\stray_dog\stray_dog.gr2 vid=23229 part=0 category=2 position=39052,-60749,17778.8 vertices=499 deform_vertices=499 rigid_vertices=0
material group=0 stage=0 alpha_test=0 blend=0 rigid=0 mesh=0 cull=0 depth_write=1 texture=d:\ymir work\monster\stray_dog\stray_dog.dds race=101 file=d:\ymir work\monster\stray_dog\stray_dog.gr2 vid=23229 part=0 category=2 position=39052,-60749,17778.8 vertices=499 deform_vertices=499 rigid_vertices=0
submitted: GPU-skinned actor part race=101 file=d:\ymir work\monster\stray_dog\stray_dog.gr2 vid=23210 part=0 category=2 position=39148,-61111,17789.7 vertices=499 deform_vertices=499 rigid_vertices=0
material group=0 stage=0 alpha_test=0 blend=0 rigid=0 mesh=0 cull=0 depth_write=1 texture=d:\ymir work\monster\stray_dog\stray_dog.dds race=101 file=d:\ymir work\monster\stray_dog\stray_dog.gr2 vid=23210 part=0 category=2 position=39148,-61111,17789.7 vertices=499 deform_vertices=499 rigid_vertices=0
submitted: GPU-skinned actor part race=101 file=d:\ymir work\monster\stray_dog\stray_dog.gr2 vid=22666 part=0 category=2 position=39126,-60637,17775.7 vertices=499 deform_vertices=499 rigid_vertices=0
material group=0 stage=0 alpha_test=0 blend=0 rigid=0 mesh=0 cull=0 depth_write=1 texture=d:\ymir work\monster\stray_dog\stray_dog.dds race=101 file=d:\ymir work\monster\stray_dog\stray_dog.gr2 vid=22666 part=0 category=2 position=39126,-60637,17775.7 vertices=499 deform_vertices=499 rigid_vertices=0
submitted: GPU-skinned actor part race=101 file=d:\ymir work\monster\stray_dog\stray_dog.gr2 vid=22906 part=0 category=2 position=39142,-60785,17779.1 vertices=499 deform_vertices=499 rigid_vertices=0
material group=0 stage=0 alpha_test=0 blend=0 rigid=0 mesh=0 cull=0 depth_write=1 texture=d:\ymir work\monster\stray_dog\stray_dog.dds race=101 file=d:\ymir work\monster\stray_dog\stray_dog.gr2 vid=22906 part=0 category=2 position=39142,-60785,17779.1 vertices=499 deform_vertices=499 rigid_vertices=0
submitted: GPU-skinned actor part race=101 file=d:\ymir work\monster\stray_dog\stray_dog.gr2 vid=23417 part=0 category=2 position=39181,-60647,17775.7 vertices=499 deform_vertices=499 rigid_vertices=0
material group=0 stage=0 alpha_test=0 blend=0 rigid=0 mesh=0 cull=0 depth_write=1 texture=d:\ymir work\monster\stray_dog\stray_dog.dds race=101 file=d:\ymir work\monster\stray_dog\stray_dog.gr2 vid=23417 part=0 category=2 position=39181,-60647,17775.7 vertices=499 deform_vertices=499 rigid_vertices=0
submitted: GPU-skinned actor part race=101 file=d:\ymir work\monster\stray_dog\stray_dog.gr2 vid=23184 part=0 category=2 position=39190,-60636,17775.4 vertices=499 deform_vertices=499 rigid_vertices=0
material group=0 stage=0 alpha_test=0 blend=0 rigid=0 mesh=0 cull=0 depth_write=1 texture=d:\ymir work\monster\stray_dog\stray_dog.dds race=101 file=d:\ymir work\monster\stray_dog\stray_dog.gr2 vid=23184 part=0 category=2 position=39190,-60636,17775.4 vertices=499 deform_vertices=499 rigid_vertices=0
submitted: GPU-skinned actor part race=101 file=d:\ymir work\monster\stray_dog\stray_dog.gr2 vid=22995 part=0 category=2 position=39286,-60765,17777.6 vertices=499 deform_vertices=499 rigid_vertices=0
material group=0 stage=0 alpha_test=0 blend=0 rigid=0 mesh=0 cull=0 depth_write=1 texture=d:\ymir work\monster\stray_dog\stray_dog.dds race=101 file=d:\ymir work\monster\stray_dog\stray_dog.gr2 vid=22995 part=0 category=2 position=39286,-60765,17777.6 vertices=499 deform_vertices=499 rigid_vertices=0
submitted: GPU-skinned actor part race=101 file=d:\ymir work\monster\stray_dog\stray_dog.gr2 vid=22967 part=0 category=2 position=39338,-60703,17775.9 vertices=499 deform_vertices=499 rigid_vertices=0
material group=0 stage=0 alpha_test=0 blend=0 rigid=0 mesh=0 cull=0 depth_write=1 texture=d:\ymir work\monster\stray_dog\stray_dog.dds race=101 file=d:\ymir work\monster\stray_dog\stray_dog.gr2 vid=22967 part=0 category=2 position=39338,-60703,17775.9 vertices=499 deform_vertices=499 rigid_vertices=0
submitted: GPU-skinned actor part race=101 file=d:\ymir work\monster\stray_dog\stray_dog.gr2 vid=22732 part=0 category=2 position=39510,-60700,17774.7 vertices=499 deform_vertices=499 rigid_vertices=0
material group=0 stage=0 alpha_test=0 blend=0 rigid=0 mesh=0 cull=0 depth_write=1 texture=d:\ymir work\monster\stray_dog\stray_dog.dds race=101 file=d:\ymir work\monster\stray_dog\stray_dog.gr2 vid=22732 part=0 category=2 position=39510,-60700,17774.7 vertices=499 deform_vertices=499 rigid_vertices=0
submitted: GPU-skinned actor part race=101 file=d:\ymir work\monster\stray_dog\stray_dog.gr2 vid=22520 part=0 category=2 position=39735,-60645,17772.5 vertices=499 deform_vertices=499 rigid_vertices=0
material group=0 stage=0 alpha_test=0 blend=0 rigid=0 mesh=0 cull=0 depth_write=1 texture=d:\ymir work\monster\stray_dog\stray_dog.dds race=101 file=d:\ymir work\monster\stray_dog\stray_dog.gr2 vid=22520 part=0 category=2 position=39735,-60645,17772.5 vertices=499 deform_vertices=499 rigid_vertices=0
submitted: GPU-skinned actor part race=101 file=d:\ymir work\monster\stray_dog\stray_dog.gr2 vid=22618 part=0 category=2 position=39694,-60703,17773.6 vertices=499 deform_vertices=499 rigid_vertices=0
material group=0 stage=0 alpha_test=0 blend=0 rigid=0 mesh=0 cull=0 depth_write=1 texture=d:\ymir work\monster\stray_dog\stray_dog.dds race=101 file=d:\ymir work\monster\stray_dog\stray_dog.gr2 vid=22618 part=0 category=2 position=39694,-60703,17773.6 vertices=499 deform_vertices=499 rigid_vertices=0
submitted: GPU-skinned actor part race=101 file=d:\ymir work\monster\stray_dog\stray_dog.gr2 vid=22541 part=0 category=2 position=40207,-61032,17774.1 vertices=499 deform_vertices=499 rigid_vertices=0
material group=0 stage=0 alpha_test=0 blend=0 rigid=0 mesh=0 cull=0 depth_write=1 texture=d:\ymir work\monster\stray_dog\stray_dog.dds race=101 file=d:\ymir work\monster\stray_dog\stray_dog.gr2 vid=22541 part=0 category=2 position=40207,-61032,17774.1 vertices=499 deform_vertices=499 rigid_vertices=0
submitted: GPU-skinned actor part race=101 file=d:\ymir work\monster\stray_dog\stray_dog.gr2 vid=23375 part=0 category=2 position=40031,-61012,17775.9 vertices=499 deform_vertices=499 rigid_vertices=0
material group=0 stage=0 alpha_test=0 blend=0 rigid=0 mesh=0 cull=0 depth_write=1 texture=d:\ymir work\monster\stray_dog\stray_dog.dds race=101 file=d:\ymir work\monster\stray_dog\stray_dog.gr2 vid=23375 part=0 category=2 position=40031,-61012,17775.9 vertices=499 deform_vertices=499 rigid_vertices=0
submitted: GPU-skinned actor part race=101 file=d:\ymir work\monster\stray_dog\stray_dog.gr2 vid=23349 part=0 category=2 position=39936,-61110,17779.3 vertices=499 deform_vertices=499 rigid_vertices=0
material group=0 stage=0 alpha_test=0 blend=0 rigid=0 mesh=0 cull=0 depth_write=1 texture=d:\ymir work\monster\stray_dog\stray_dog.dds race=101 file=d:\ymir work\monster\stray_dog\stray_dog.gr2 vid=23349 part=0 category=2 position=39936,-61110,17779.3 vertices=499 deform_vertices=499 rigid_vertices=0
submitted: GPU-skinned actor part race=101 file=d:\ymir work\monster\stray_dog\stray_dog.gr2 vid=22842 part=0 category=2 position=39657,-61065,17781.9 vertices=499 deform_vertices=499 rigid_vertices=0
material group=0 stage=0 alpha_test=0 blend=0 rigid=0 mesh=0 cull=0 depth_write=1 texture=d:\ymir work\monster\stray_dog\stray_dog.dds race=101 file=d:\ymir work\monster\stray_dog\stray_dog.gr2 vid=22842 part=0 category=2 position=39657,-61065,17781.9 vertices=499 deform_vertices=499 rigid_vertices=0
submitted: GPU-skinned actor part race=101 file=d:\ymir work\monster\stray_dog\stray_dog.gr2 vid=22961 part=0 category=2 position=39814,-61308,17786.5 vertices=499 deform_vertices=499 rigid_vertices=0
material group=0 stage=0 alpha_test=0 blend=0 rigid=0 mesh=0 cull=0 depth_write=1 texture=d:\ymir work\monster\stray_dog\stray_dog.dds race=101 file=d:\ymir work\monster\stray_dog\stray_dog.gr2 vid=22961 part=0 category=2 position=39814,-61308,17786.5 vertices=499 deform_vertices=499 rigid_vertices=0
submitted: GPU-skinned actor part race=101 file=d:\ymir work\monster\stray_dog\stray_dog.gr2 vid=22797 part=0 category=2 position=40045,-61318,17782.7 vertices=499 deform_vertices=499 rigid_vertices=0
material group=0 stage=0 alpha_test=0 blend=0 rigid=0 mesh=0 cull=0 depth_write=1 texture=d:\ymir work\monster\stray_dog\stray_dog.dds race=101 file=d:\ymir work\monster\stray_dog\stray_dog.gr2 vid=22797 part=0 category=2 position=40045,-61318,17782.7 vertices=499 deform_vertices=499 rigid_vertices=0
submitted: GPU-skinned actor part race=101 file=d:\ymir work\monster\stray_dog\stray_dog.gr2 vid=22715 part=0 category=2 position=39508,-61389,17794.9 vertices=499 deform_vertices=499 rigid_vertices=0
material group=0 stage=0 alpha_test=0 blend=0 rigid=0 mesh=0 cull=0 depth_write=1 texture=d:\ymir work\monster\stray_dog\stray_dog.dds race=101 file=d:\ymir work\monster\stray_dog\stray_dog.gr2 vid=22715 part=0 category=2 position=39508,-61389,17794.9 vertices=499 deform_vertices=499 rigid_vertices=0
submitted: GPU-skinned actor part race=101 file=d:\ymir work\monster\stray_dog\stray_dog.gr2 vid=23080 part=0 category=2 position=39763,-61468,17792.6 vertices=499 deform_vertices=499 rigid_vertices=0
material group=0 stage=0 alpha_test=0 blend=0 rigid=0 mesh=0 cull=0 depth_write=1 texture=d:\ymir work\monster\stray_dog\stray_dog.dds race=101 file=d:\ymir work\monster\stray_dog\stray_dog.gr2 vid=23080 part=0 category=2 position=39763,-61468,17792.6 vertices=499 deform_vertices=499 rigid_vertices=0
submitted: GPU-skinned actor part race=101 file=d:\ymir work\monster\stray_dog\stray_dog.gr2 vid=23028 part=0 category=2 position=39221,-61266,17794.9 vertices=499 deform_vertices=499 rigid_vertices=0
material group=0 stage=0 alpha_test=0 blend=0 rigid=0 mesh=0 cull=0 depth_write=1 texture=d:\ymir work\monster\stray_dog\stray_dog.dds race=101 file=d:\ymir work\monster\stray_dog\stray_dog.gr2 vid=23028 part=0 category=2 position=39221,-61266,17794.9 vertices=499 deform_vertices=499 rigid_vertices=0
submitted: GPU-skinned actor part race=9004 file=d:\ymir work\npc\bank\bank.gr2 vid=17255 part=0 category=1 position=31800,-62900,18006 vertices=1086 deform_vertices=1086 rigid_vertices=0
material group=0 stage=0 alpha_test=0 blend=1 rigid=0 mesh=0 cull=0 depth_write=1 texture=d:\ymir work\npc\bank\bank.dds race=9004 file=d:\ymir work\npc\bank\bank.gr2 vid=17255 part=0 category=1 position=31800,-62900,18006 vertices=1086 deform_vertices=1086 rigid_vertices=0
submitted: GPU-skinned actor part race=9005 file=d:\ymir work\npc\hotel_grandfa\hotel_grandfa.gr2 vid=2842 part=0 category=1 position=31500,-56000,17767 vertices=1519 deform_vertices=1519 rigid_vertices=0
material group=0 stage=0 alpha_test=0 blend=1 rigid=0 mesh=0 cull=0 depth_write=1 texture=d:\ymir work\npc\hotel_grandfa\hotel_grandfa.dds race=9005 file=d:\ymir work\npc\hotel_grandfa\hotel_grandfa.gr2 vid=2842 part=0 category=1 position=31500,-56000,17767 vertices=1519 deform_vertices=1519 rigid_vertices=0
material group=1 stage=0 alpha_test=0 blend=1 rigid=0 mesh=0 cull=0 depth_write=1 texture=d:\ymir work\npc\hotel_grandfa\hotel_grandfa_hair.dds race=9005 file=d:\ymir work\npc\hotel_grandfa\hotel_grandfa.gr2 vid=2842 part=0 category=1 position=31500,-56000,17767 vertices=1519 deform_vertices=1519 rigid_vertices=0
submitted: GPU-skinned actor part race=20355 file=d:\ymir work\npc\guard_leader\guard_leader.gr2 vid=2874 part=0 category=1 position=28600,-63900,18112.4 vertices=2011 deform_vertices=1657 rigid_vertices=354
material group=0 stage=0 alpha_test=0 blend=1 rigid=0 mesh=0 cull=0 depth_write=1 texture=d:\ymir work\npc\guard_leader\guard_leader.dds race=20355 file=d:\ymir work\npc\guard_leader\guard_leader.gr2 vid=2874 part=0 category=1 position=28600,-63900,18112.4 vertices=2011 deform_vertices=1657 rigid_vertices=354
material group=1 stage=0 alpha_test=0 blend=1 rigid=1 mesh=1 cull=0 depth_write=1 texture=d:\ymir work\npc\sinsu_patrol_bow\sinsu_patrol_weapon.dds race=20355 file=d:\ymir work\npc\guard_leader\guard_leader.gr2 vid=2874 part=0 category=1 position=28600,-63900,18112.4 vertices=2011 deform_vertices=1657 rigid_vertices=354
material group=0 stage=0 alpha_test=0 blend=0 rigid=0 mesh=0 cull=0 depth_write=1 texture=d:\ymir work\npc\bank\bank.dds race=9004 file=d:\ymir work\npc\bank\bank.gr2 vid=17255 part=0 category=1 position=31800,-62900,18006 vertices=1086 deform_vertices=1086 rigid_vertices=0
material group=0 stage=0 alpha_test=0 blend=0 rigid=0 mesh=0 cull=0 depth_write=1 texture=d:\ymir work\npc\hotel_grandfa\hotel_grandfa.dds race=9005 file=d:\ymir work\npc\hotel_grandfa\hotel_grandfa.gr2 vid=2842 part=0 category=1 position=31500,-56000,17767 vertices=1519 deform_vertices=1519 rigid_vertices=0
material group=1 stage=0 alpha_test=2 blend=0 rigid=0 mesh=0 cull=0 depth_write=1 texture=d:\ymir work\npc\hotel_grandfa\hotel_grandfa_hair.dds race=9005 file=d:\ymir work\npc\hotel_grandfa\hotel_grandfa.gr2 vid=2842 part=0 category=1 position=31500,-56000,17767 vertices=1519 deform_vertices=1519 rigid_vertices=0
material group=0 stage=0 alpha_test=0 blend=0 rigid=0 mesh=0 cull=0 depth_write=1 texture=d:\ymir work\npc\guard_leader\guard_leader.dds race=20355 file=d:\ymir work\npc\guard_leader\guard_leader.gr2 vid=2874 part=0 category=1 position=28600,-63900,18112.4 vertices=2011 deform_vertices=1657 rigid_vertices=354
material group=1 stage=0 alpha_test=0 blend=0 rigid=1 mesh=1 cull=0 depth_write=1 texture=d:\ymir work\npc\sinsu_patrol_bow\sinsu_patrol_weapon.dds race=20355 file=d:\ymir work\npc\guard_leader\guard_leader.gr2 vid=2874 part=0 category=1 position=28600,-63900,18112.4 vertices=2011 deform_vertices=1657 rigid_vertices=354
submitted: GPU-skinned actor part race=20349 file=d:\ymir work\npc\jinno_patrol_spear\jinno_patrol_spear.gr2 vid=2854 part=0 category=1 position=39600,-73500,17765 vertices=1999 deform_vertices=1645 rigid_vertices=354
material group=0 stage=0 alpha_test=0 blend=1 rigid=0 mesh=0 cull=0 depth_write=1 texture=d:\ymir work\npc\jinno_patrol_spear\jinno_patrol_spear.dds race=20349 file=d:\ymir work\npc\jinno_patrol_spear\jinno_patrol_spear.gr2 vid=2854 part=0 category=1 position=39600,-73500,17765 vertices=1999 deform_vertices=1645 rigid_vertices=354
material group=1 stage=0 alpha_test=0 blend=1 rigid=1 mesh=1 cull=0 depth_write=1 texture=d:\ymir work\npc\sinsu_patrol_bow\sinsu_patrol_weapon.dds race=20349 file=d:\ymir work\npc\jinno_patrol_spear\jinno_patrol_spear.gr2 vid=2854 part=0 category=1 position=39600,-73500,17765 vertices=1999 deform_vertices=1645 rigid_vertices=354
submitted: GPU-skinned actor part race=20029 file=d:\ymir work\npc\pony\pony.gr2 vid=2864 part=0 category=1 position=38466,-73572,17765 vertices=1393 deform_vertices=1393 rigid_vertices=0
material group=0 stage=0 alpha_test=0 blend=1 rigid=0 mesh=0 cull=0 depth_write=1 texture=d:\ymir work\npc\pony\horse_normal01.dds race=20029 file=d:\ymir work\npc\pony\pony.gr2 vid=2864 part=0 category=1 position=38466,-73572,17765 vertices=1393 deform_vertices=1393 rigid_vertices=0
submitted: GPU-skinned actor part race=20030 file=d:\ymir work\npc\pony\pony.gr2 vid=2867 part=0 category=1 position=38471,-73807,17765 vertices=1393 deform_vertices=1393 rigid_vertices=0
material group=0 stage=0 alpha_test=0 blend=1 rigid=0 mesh=0 cull=0 depth_write=1 texture=d:\ymir work\npc\pony\horse_normal01.dds race=20030 file=d:\ymir work\npc\pony\pony.gr2 vid=2867 part=0 category=1 position=38471,-73807,17765 vertices=1393 deform_vertices=1393 rigid_vertices=0
submitted: GPU-skinned actor part race=20029 file=d:\ymir work\npc\pony\pony.gr2 vid=2865 part=0 category=1 position=38146,-73802,17765.3 vertices=1393 deform_vertices=1393 rigid_vertices=0
material group=0 stage=0 alpha_test=0 blend=1 rigid=0 mesh=0 cull=0 depth_write=1 texture=d:\ymir work\npc\pony\horse_normal01.dds race=20029 file=d:\ymir work\npc\pony\pony.gr2 vid=2865 part=0 category=1 position=38146,-73802,17765.3 vertices=1393 deform_vertices=1393 rigid_vertices=0
submitted: GPU-skinned actor part race=20030 file=d:\ymir work\npc\pony\pony.gr2 vid=2866 part=0 category=1 position=38216,-74016,17765 vertices=1393 deform_vertices=1393 rigid_vertices=0
material group=0 stage=0 alpha_test=0 blend=1 rigid=0 mesh=0 cull=0 depth_write=1 texture=d:\ymir work\npc\pony\horse_normal01.dds race=20030 file=d:\ymir work\npc\pony\pony.gr2 vid=2866 part=0 category=1 position=38216,-74016,17765 vertices=1393 deform_vertices=1393 rigid_vertices=0
submitted: GPU-skinned actor part race=20008 file=d:\ymir work\npc\mr_restaurant\mr_restaurant.gr2 vid=2855 part=0 category=1 position=34000,-74700,17767 vertices=1350 deform_vertices=1350 rigid_vertices=0
material group=0 stage=0 alpha_test=0 blend=1 rigid=0 mesh=0 cull=0 depth_write=1 texture=d:\ymir work\npc\mr_restaurant\mr_restaurant.dds race=20008 file=d:\ymir work\npc\mr_restaurant\mr_restaurant.gr2 vid=2855 part=0 category=1 position=34000,-74700,17767 vertices=1350 deform_vertices=1350 rigid_vertices=0
submitted: GPU-skinned actor part race=20005 file=d:\ymir work\npc\ceramist\ceramist.gr2 vid=2859 part=0 category=1 position=29276,-71702,17773.4 vertices=1268 deform_vertices=1178 rigid_vertices=90
material group=1 stage=0 alpha_test=0 blend=1 rigid=0 mesh=0 cull=0 depth_write=1 texture=d:\ymir work\npc\ceramist\ceramist.dds race=20005 file=d:\ymir work\npc\ceramist\ceramist.gr2 vid=2859 part=0 category=1 position=29276,-71702,17773.4 vertices=1268 deform_vertices=1178 rigid_vertices=90
material group=1 stage=0 alpha_test=0 blend=1 rigid=1 mesh=1 cull=0 depth_write=1 texture=d:\ymir work\npc\ceramist\ceramist.dds race=20005 file=d:\ymir work\npc\ceramist\ceramist.gr2 vid=2859 part=0 category=1 position=29276,-71702,17773.4 vertices=1268 deform_vertices=1178 rigid_vertices=90
submitted: GPU-skinned actor part race=101 file=d:\ymir work\monster\stray_dog\stray_dog.gr2 vid=23165 part=0 category=2 position=37477,-63137,17892.9 vertices=499 deform_vertices=499 rigid_vertices=0
material group=0 stage=0 alpha_test=0 blend=0 rigid=0 mesh=0 cull=0 depth_write=1 texture=d:\ymir work\monster\stray_dog\stray_dog.dds race=101 file=d:\ymir work\monster\stray_dog\stray_dog.gr2 vid=23165 part=0 category=2 position=37477,-63137,17892.9 vertices=499 deform_vertices=499 rigid_vertices=0
material group=0 stage=0 alpha_test=0 blend=0 rigid=0 mesh=0 cull=0 depth_write=1 texture=d:\ymir work\npc\mr_restaurant\mr_restaurant.dds race=20008 file=d:\ymir work\npc\mr_restaurant\mr_restaurant.gr2 vid=2855 part=0 category=1 position=34000,-74700,17767 vertices=1350 deform_vertices=1350 rigid_vertices=0
material group=0 stage=0 alpha_test=0 blend=0 rigid=0 mesh=0 cull=0 depth_write=1 texture=d:\ymir work\npc\pony\horse_normal01.dds race=20029 file=d:\ymir work\npc\pony\pony.gr2 vid=2865 part=0 category=1 position=38146,-73802,17765.3 vertices=1393 deform_vertices=1393 rigid_vertices=0
material group=0 stage=0 alpha_test=0 blend=0 rigid=0 mesh=0 cull=0 depth_write=1 texture=d:\ymir work\npc\pony\horse_normal01.dds race=20030 file=d:\ymir work\npc\pony\pony.gr2 vid=2866 part=0 category=1 position=38216,-74016,17765 vertices=1393 deform_vertices=1393 rigid_vertices=0
material group=0 stage=0 alpha_test=0 blend=0 rigid=0 mesh=0 cull=0 depth_write=1 texture=d:\ymir work\npc\pony\horse_normal01.dds race=20029 file=d:\ymir work\npc\pony\pony.gr2 vid=2864 part=0 category=1 position=38466,-73572,17765 vertices=1393 deform_vertices=1393 rigid_vertices=0
material group=0 stage=0 alpha_test=0 blend=0 rigid=0 mesh=0 cull=0 depth_write=1 texture=d:\ymir work\npc\pony\horse_normal01.dds race=20030 file=d:\ymir work\npc\pony\pony.gr2 vid=2867 part=0 category=1 position=38471,-73807,17765 vertices=1393 deform_vertices=1393 rigid_vertices=0
material group=0 stage=0 alpha_test=0 blend=0 rigid=0 mesh=0 cull=0 depth_write=1 texture=d:\ymir work\npc\jinno_patrol_spear\jinno_patrol_spear.dds race=20349 file=d:\ymir work\npc\jinno_patrol_spear\jinno_patrol_spear.gr2 vid=2854 part=0 category=1 position=39600,-73500,17765 vertices=1999 deform_vertices=1645 rigid_vertices=354
material group=1 stage=0 alpha_test=0 blend=0 rigid=1 mesh=1 cull=0 depth_write=1 texture=d:\ymir work\npc\sinsu_patrol_bow\sinsu_patrol_weapon.dds race=20349 file=d:\ymir work\npc\jinno_patrol_spear\jinno_patrol_spear.gr2 vid=2854 part=0 category=1 position=39600,-73500,17765 vertices=1999 deform_vertices=1645 rigid_vertices=354
submitted: GPU-skinned actor part race=20011 file=d:\ymir work\npc\plant_researcher\plant_researcher.gr2 vid=2861 part=0 category=1 position=42514,-71548,17767 vertices=1362 deform_vertices=1362 rigid_vertices=0
material group=0 stage=0 alpha_test=0 blend=0 rigid=0 mesh=0 cull=0 depth_write=1 texture=d:\ymir work\npc\plant_researcher\plant_researcher.dds race=20011 file=d:\ymir work\npc\plant_researcher\plant_researcher.gr2 vid=2861 part=0 category=1 position=42514,-71548,17767 vertices=1362 deform_vertices=1362 rigid_vertices=0
submitted: GPU-skinned actor part race=20354 file=d:\ymir work\npc\guard_leader\guard_leader.gr2 vid=2875 part=0 category=1 position=46800,-71400,17767 vertices=2011 deform_vertices=1657 rigid_vertices=354
material group=0 stage=0 alpha_test=0 blend=1 rigid=0 mesh=0 cull=0 depth_write=1 texture=d:\ymir work\npc\guard_leader\guard_leader.dds race=20354 file=d:\ymir work\npc\guard_leader\guard_leader.gr2 vid=2875 part=0 category=1 position=46800,-71400,17767 vertices=2011 deform_vertices=1657 rigid_vertices=354
material group=1 stage=0 alpha_test=0 blend=1 rigid=1 mesh=1 cull=0 depth_write=1 texture=d:\ymir work\npc\sinsu_patrol_bow\sinsu_patrol_weapon.dds race=20354 file=d:\ymir work\npc\guard_leader\guard_leader.gr2 vid=2875 part=0 category=1 position=46800,-71400,17767 vertices=2011 deform_vertices=1657 rigid_vertices=354
submitted: GPU-skinned actor part race=20018 file=d:\ymir work\npc\doctor\doctor.gr2 vid=2862 part=0 category=1 position=46473,-61253,17767 vertices=1265 deform_vertices=1265 rigid_vertices=0
material group=0 stage=0 alpha_test=0 blend=1 rigid=0 mesh=0 cull=0 depth_write=1 texture=d:\ymir work\npc\doctor\doctor.dds race=20018 file=d:\ymir work\npc\doctor\doctor.gr2 vid=2862 part=0 category=1 position=46473,-61253,17767 vertices=1265 deform_vertices=1265 rigid_vertices=0
material group=0 stage=0 alpha_test=0 blend=0 rigid=0 mesh=0 cull=0 depth_write=1 texture=d:\ymir work\npc\guard_leader\guard_leader.dds race=20354 file=d:\ymir work\npc\guard_leader\guard_leader.gr2 vid=2875 part=0 category=1 position=46800,-71400,17767 vertices=2011 deform_vertices=1657 rigid_vertices=354
material group=1 stage=0 alpha_test=0 blend=0 rigid=1 mesh=1 cull=0 depth_write=1 texture=d:\ymir work\npc\sinsu_patrol_bow\sinsu_patrol_weapon.dds race=20354 file=d:\ymir work\npc\guard_leader\guard_leader.gr2 vid=2875 part=0 category=1 position=46800,-71400,17767 vertices=2011 deform_vertices=1657 rigid_vertices=354
material group=0 stage=0 alpha_test=0 blend=0 rigid=0 mesh=0 cull=0 depth_write=1 texture=d:\ymir work\npc\doctor\doctor.dds race=20018 file=d:\ymir work\npc\doctor\doctor.gr2 vid=2862 part=0 category=1 position=46473,-61253,17767 vertices=1265 deform_vertices=1265 rigid_vertices=0
material group=0 stage=0 alpha_test=0 blend=1 rigid=0 mesh=0 cull=0 depth_write=1 texture=d:\ymir work\monster\stray_dog\stray_dog.dds race=101 file=d:\ymir work\monster\stray_dog\stray_dog.gr2 vid=22859 part=0 category=2 position=35504.7,-57565.5,17749.5 vertices=682 deform_vertices=682 rigid_vertices=0
submitted: GPU-skinned actor part race=20355 file=d:\ymir work\npc\guard_leader\guard_leader.gr2 vid=2874 part=0 category=1 position=28600,-63900,18112.4 vertices=2011 deform_vertices=1657 rigid_vertices=354
material group=0 stage=0 alpha_test=0 blend=1 rigid=0 mesh=0 cull=0 depth_write=1 texture=d:\ymir work\npc\guard_leader\guard_leader.dds race=20355 file=d:\ymir work\npc\guard_leader\guard_leader.gr2 vid=2874 part=0 category=1 position=28600,-63900,18112.4 vertices=2011 deform_vertices=1657 rigid_vertices=354
material group=1 stage=0 alpha_test=0 blend=1 rigid=1 mesh=1 cull=0 depth_write=1 texture=d:\ymir work\npc\sinsu_patrol_bow\sinsu_patrol_weapon.dds race=20355 file=d:\ymir work\npc\guard_leader\guard_leader.gr2 vid=2874 part=0 category=1 position=28600,-63900,18112.4 vertices=2011 deform_vertices=1657 rigid_vertices=354
submitted: GPU-skinned actor part race=20005 file=d:\ymir work\npc\ceramist\ceramist.gr2 vid=2859 part=0 category=1 position=29276,-71702,17773.4 vertices=1268 deform_vertices=1178 rigid_vertices=90
material group=1 stage=0 alpha_test=0 blend=1 rigid=0 mesh=0 cull=0 depth_write=1 texture=d:\ymir work\npc\ceramist\ceramist.dds race=20005 file=d:\ymir work\npc\ceramist\ceramist.gr2 vid=2859 part=0 category=1 position=29276,-71702,17773.4 vertices=1268 deform_vertices=1178 rigid_vertices=90
material group=1 stage=0 alpha_test=0 blend=1 rigid=1 mesh=1 cull=0 depth_write=1 texture=d:\ymir work\npc\ceramist\ceramist.dds race=20005 file=d:\ymir work\npc\ceramist\ceramist.gr2 vid=2859 part=0 category=1 position=29276,-71702,17773.4 vertices=1268 deform_vertices=1178 rigid_vertices=90
material group=0 stage=0 alpha_test=0 blend=0 rigid=0 mesh=0 cull=0 depth_write=1 texture=d:\ymir work\npc\guard_leader\guard_leader.dds race=20355 file=d:\ymir work\npc\guard_leader\guard_leader.gr2 vid=2874 part=0 category=1 position=28600,-63900,18112.4 vertices=2011 deform_vertices=1657 rigid_vertices=354
material group=1 stage=0 alpha_test=0 blend=0 rigid=1 mesh=1 cull=0 depth_write=1 texture=d:\ymir work\npc\sinsu_patrol_bow\sinsu_patrol_weapon.dds race=20355 file=d:\ymir work\npc\guard_leader\guard_leader.gr2 vid=2874 part=0 category=1 position=28600,-63900,18112.4 vertices=2011 deform_vertices=1657 rigid_vertices=354
material group=1 stage=0 alpha_test=0 blend=0 rigid=0 mesh=0 cull=0 depth_write=1 texture=d:\ymir work\npc\ceramist\ceramist.dds race=20005 file=d:\ymir work\npc\ceramist\ceramist.gr2 vid=2859 part=0 category=1 position=29276,-71702,17773.4 vertices=1268 deform_vertices=1178 rigid_vertices=90
material group=1 stage=0 alpha_test=0 blend=0 rigid=1 mesh=1 cull=0 depth_write=1 texture=d:\ymir work\npc\ceramist\ceramist.dds race=20005 file=d:\ymir work\npc\ceramist\ceramist.gr2 vid=2859 part=0 category=1 position=29276,-71702,17773.4 vertices=1268 deform_vertices=1178 rigid_vertices=90
submitted: GPU-skinned actor part race=101 file=d:\ymir work\monster\stray_dog\stray_dog.gr2 vid=22700 part=0 category=2 position=38273,-57579,17767 vertices=682 deform_vertices=682 rigid_vertices=0
material group=0 stage=0 alpha_test=0 blend=1 rigid=0 mesh=0 cull=0 depth_write=1 texture=d:\ymir work\monster\stray_dog\stray_dog.dds race=101 file=d:\ymir work\monster\stray_dog\stray_dog.gr2 vid=22700 part=0 category=2 position=38273,-57579,17767 vertices=682 deform_vertices=682 rigid_vertices=0
submitted: GPU-skinned actor part race=101 file=d:\ymir work\monster\stray_dog\stray_dog.gr2 vid=23268 part=0 category=2 position=39038,-57475,17767 vertices=682 deform_vertices=682 rigid_vertices=0
material group=0 stage=0 alpha_test=0 blend=1 rigid=0 mesh=0 cull=0 depth_write=1 texture=d:\ymir work\monster\stray_dog\stray_dog.dds race=101 file=d:\ymir work\monster\stray_dog\stray_dog.gr2 vid=23268 part=0 category=2 position=39038,-57475,17767 vertices=682 deform_vertices=682 rigid_vertices=0
submitted: GPU-skinned actor part race=101 file=d:\ymir work\monster\stray_dog\stray_dog.gr2 vid=22699 part=0 category=2 position=38500,-57519,17767 vertices=682 deform_vertices=682 rigid_vertices=0
material group=0 stage=0 alpha_test=0 blend=1 rigid=0 mesh=0 cull=0 depth_write=1 texture=d:\ymir work\monster\stray_dog\stray_dog.dds race=101 file=d:\ymir work\monster\stray_dog\stray_dog.gr2 vid=22699 part=0 category=2 position=38500,-57519,17767 vertices=682 deform_vertices=682 rigid_vertices=0
submitted: GPU-skinned actor part race=101 file=d:\ymir work\monster\stray_dog\stray_dog.gr2 vid=22597 part=0 category=2 position=39080,-57436,17767 vertices=682 deform_vertices=682 rigid_vertices=0
material group=0 stage=0 alpha_test=0 blend=1 rigid=0 mesh=0 cull=0 depth_write=1 texture=d:\ymir work\monster\stray_dog\stray_dog.dds race=101 file=d:\ymir work\monster\stray_dog\stray_dog.gr2 vid=22597 part=0 category=2 position=39080,-57436,17767 vertices=682 deform_vertices=682 rigid_vertices=0
submitted: GPU-skinned actor part race=101 file=d:\ymir work\monster\stray_dog\stray_dog.gr2 vid=22718 part=0 category=2 position=38597,-57455,17767 vertices=682 deform_vertices=682 rigid_vertices=0
material group=0 stage=0 alpha_test=0 blend=1 rigid=0 mesh=0 cull=0 depth_write=1 texture=d:\ymir work\monster\stray_dog\stray_dog.dds race=101 file=d:\ymir work\monster\stray_dog\stray_dog.gr2 vid=22718 part=0 category=2 position=38597,-57455,17767 vertices=682 deform_vertices=682 rigid_vertices=0
submitted: GPU-skinned actor part race=101 file=d:\ymir work\monster\stray_dog\stray_dog.gr2 vid=22946 part=0 category=2 position=38884,-57319,17767 vertices=682 deform_vertices=682 rigid_vertices=0
material group=0 stage=0 alpha_test=0 blend=1 rigid=0 mesh=0 cull=0 depth_write=1 texture=d:\ymir work\monster\stray_dog\stray_dog.dds race=101 file=d:\ymir work\monster\stray_dog\stray_dog.gr2 vid=22946 part=0 category=2 position=38884,-57319,17767 vertices=682 deform_vertices=682 rigid_vertices=0
submitted: GPU-skinned actor part race=101 file=d:\ymir work\monster\stray_dog\stray_dog.gr2 vid=23002 part=0 category=2 position=37984,-57439,17767 vertices=682 deform_vertices=682 rigid_vertices=0
material group=0 stage=0 alpha_test=0 blend=1 rigid=0 mesh=0 cull=0 depth_write=1 texture=d:\ymir work\monster\stray_dog\stray_dog.dds race=101 file=d:\ymir work\monster\stray_dog\stray_dog.gr2 vid=23002 part=0 category=2 position=37984,-57439,17767 vertices=682 deform_vertices=682 rigid_vertices=0
submitted: GPU-skinned actor part race=101 file=d:\ymir work\monster\stray_dog\stray_dog.gr2 vid=22751 part=0 category=2 position=38645,-57273,17767 vertices=682 deform_vertices=682 rigid_vertices=0
material group=0 stage=0 alpha_test=0 blend=1 rigid=0 mesh=0 cull=0 depth_write=1 texture=d:\ymir work\monster\stray_dog\stray_dog.dds race=101 file=d:\ymir work\monster\stray_dog\stray_dog.gr2 vid=22751 part=0 category=2 position=38645,-57273,17767 vertices=682 deform_vertices=682 rigid_vertices=0
submitted: GPU-skinned actor part race=101 file=d:\ymir work\monster\stray_dog\stray_dog.gr2 vid=22948 part=0 category=2 position=38866,-57220,17767 vertices=682 deform_vertices=682 rigid_vertices=0
material group=0 stage=0 alpha_test=0 blend=1 rigid=0 mesh=0 cull=0 depth_write=1 texture=d:\ymir work\monster\stray_dog\stray_dog.dds race=101 file=d:\ymir work\monster\stray_dog\stray_dog.gr2 vid=22948 part=0 category=2 position=38866,-57220,17767 vertices=682 deform_vertices=682 rigid_vertices=0
submitted: GPU-skinned actor part race=101 file=d:\ymir work\monster\stray_dog\stray_dog.gr2 vid=22958 part=0 category=2 position=38956,-57192,17767 vertices=682 deform_vertices=682 rigid_vertices=0
material group=0 stage=0 alpha_test=0 blend=1 rigid=0 mesh=0 cull=0 depth_write=1 texture=d:\ymir work\monster\stray_dog\stray_dog.dds race=101 file=d:\ymir work\monster\stray_dog\stray_dog.gr2 vid=22958 part=0 category=2 position=38956,-57192,17767 vertices=682 deform_vertices=682 rigid_vertices=0
submitted: GPU-skinned actor part race=101 file=d:\ymir work\monster\stray_dog\stray_dog.gr2 vid=23253 part=0 category=2 position=38665,-57186,17767 vertices=682 deform_vertices=682 rigid_vertices=0
material group=0 stage=0 alpha_test=0 blend=1 rigid=0 mesh=0 cull=0 depth_write=1 texture=d:\ymir work\monster\stray_dog\stray_dog.dds race=101 file=d:\ymir work\monster\stray_dog\stray_dog.gr2 vid=23253 part=0 category=2 position=38665,-57186,17767 vertices=682 deform_vertices=682 rigid_vertices=0
submitted: GPU-skinned actor part race=101 file=d:\ymir work\monster\stray_dog\stray_dog.gr2 vid=23376 part=0 category=2 position=38167,-57207,17767 vertices=682 deform_vertices=682 rigid_vertices=0
material group=0 stage=0 alpha_test=0 blend=1 rigid=0 mesh=0 cull=0 depth_write=1 texture=d:\ymir work\monster\stray_dog\stray_dog.dds race=101 file=d:\ymir work\monster\stray_dog\stray_dog.gr2 vid=23376 part=0 category=2 position=38167,-57207,17767 vertices=682 deform_vertices=682 rigid_vertices=0
submitted: GPU-skinned actor part race=101 file=d:\ymir work\monster\stray_dog\stray_dog.gr2 vid=22599 part=0 category=2 position=37743,-57186,17767 vertices=682 deform_vertices=682 rigid_vertices=0
material group=0 stage=0 alpha_test=0 blend=1 rigid=0 mesh=0 cull=0 depth_write=1 texture=d:\ymir work\monster\stray_dog\stray_dog.dds race=101 file=d:\ymir work\monster\stray_dog\stray_dog.gr2 vid=22599 part=0 category=2 position=37743,-57186,17767 vertices=682 deform_vertices=682 rigid_vertices=0
submitted: GPU-skinned actor part race=101 file=d:\ymir work\monster\stray_dog\stray_dog.gr2 vid=22831 part=0 category=2 position=39212,-56922,17767 vertices=682 deform_vertices=682 rigid_vertices=0
material group=0 stage=0 alpha_test=0 blend=1 rigid=0 mesh=0 cull=0 depth_write=1 texture=d:\ymir work\monster\stray_dog\stray_dog.dds race=101 file=d:\ymir work\monster\stray_dog\stray_dog.gr2 vid=22831 part=0 category=2 position=39212,-56922,17767 vertices=682 deform_vertices=682 rigid_vertices=0
submitted: GPU-skinned actor part race=101 file=d:\ymir work\monster\stray_dog\stray_dog.gr2 vid=23187 part=0 category=2 position=37952,-57017,17767 vertices=682 deform_vertices=682 rigid_vertices=0
material group=0 stage=0 alpha_test=0 blend=1 rigid=0 mesh=0 cull=0 depth_write=1 texture=d:\ymir work\monster\stray_dog\stray_dog.dds race=101 file=d:\ymir work\monster\stray_dog\stray_dog.gr2 vid=23187 part=0 category=2 position=37952,-57017,17767 vertices=682 deform_vertices=682 rigid_vertices=0
submitted: GPU-skinned actor part race=101 file=d:\ymir work\monster\stray_dog\stray_dog.gr2 vid=23043 part=0 category=2 position=37549,-56992,17767 vertices=682 deform_vertices=682 rigid_vertices=0
material group=0 stage=0 alpha_test=0 blend=1 rigid=0 mesh=0 cull=0 depth_write=1 texture=d:\ymir work\monster\stray_dog\stray_dog.dds race=101 file=d:\ymir work\monster\stray_dog\stray_dog.gr2 vid=23043 part=0 category=2 position=37549,-56992,17767 vertices=682 deform_vertices=682 rigid_vertices=0
submitted: GPU-skinned actor part race=101 file=d:\ymir work\monster\stray_dog\stray_dog.gr2 vid=23130 part=0 category=2 position=37567,-56521,17767 vertices=682 deform_vertices=682 rigid_vertices=0
material group=0 stage=0 alpha_test=0 blend=1 rigid=0 mesh=0 cull=0 depth_write=1 texture=d:\ymir work\monster\stray_dog\stray_dog.dds race=101 file=d:\ymir work\monster\stray_dog\stray_dog.gr2 vid=23130 part=0 category=2 position=37567,-56521,17767 vertices=682 deform_vertices=682 rigid_vertices=0
submitted: GPU-skinned actor part race=101 file=d:\ymir work\monster\stray_dog\stray_dog.gr2 vid=23288 part=0 category=2 position=36516,-56638,17692 vertices=682 deform_vertices=682 rigid_vertices=0
material group=0 stage=0 alpha_test=0 blend=1 rigid=0 mesh=0 cull=0 depth_write=1 texture=d:\ymir work\monster\stray_dog\stray_dog.dds race=101 file=d:\ymir work\monster\stray_dog\stray_dog.gr2 vid=23288 part=0 category=2 position=36516,-56638,17692 vertices=682 deform_vertices=682 rigid_vertices=0
submitted: GPU-skinned actor part race=20002 file=d:\ymir work\npc\auntie\auntie.gr2 vid=2857 part=0 category=1 position=34203,-55940,17656.7 vertices=1229 deform_vertices=1229 rigid_vertices=0
material group=0 stage=0 alpha_test=0 blend=1 rigid=0 mesh=0 cull=0 depth_write=1 texture=d:\ymir work\npc\auntie\auntie.dds race=20002 file=d:\ymir work\npc\auntie\auntie.gr2 vid=2857 part=0 category=1 position=34203,-55940,17656.7 vertices=1229 deform_vertices=1229 rigid_vertices=0
submitted: GPU-skinned actor part race=101 file=d:\ymir work\monster\stray_dog\stray_dog.gr2 vid=23326 part=0 category=2 position=38588,-57553,17767 vertices=682 deform_vertices=682 rigid_vertices=0
material group=0 stage=0 alpha_test=0 blend=1 rigid=0 mesh=0 cull=0 depth_write=1 texture=d:\ymir work\monster\stray_dog\stray_dog.dds race=101 file=d:\ymir work\monster\stray_dog\stray_dog.gr2 vid=23326 part=0 category=2 position=38588,-57553,17767 vertices=682 deform_vertices=682 rigid_vertices=0
submitted: GPU-skinned actor part race=101 file=d:\ymir work\monster\stray_dog\stray_dog.gr2 vid=22575 part=0 category=2 position=38531,-56915,17767 vertices=682 deform_vertices=682 rigid_vertices=0
material group=0 stage=0 alpha_test=0 blend=1 rigid=0 mesh=0 cull=0 depth_write=1 texture=d:\ymir work\monster\stray_dog\stray_dog.dds race=101 file=d:\ymir work\monster\stray_dog\stray_dog.gr2 vid=22575 part=0 category=2 position=38531,-56915,17767 vertices=682 deform_vertices=682 rigid_vertices=0
submitted: GPU-skinned actor part race=9005 file=d:\ymir work\npc\hotel_grandfa\hotel_grandfa.gr2 vid=2842 part=0 category=1 position=31500,-56000,17767 vertices=1519 deform_vertices=1519 rigid_vertices=0
material group=0 stage=0 alpha_test=0 blend=1 rigid=0 mesh=0 cull=0 depth_write=1 texture=d:\ymir work\npc\hotel_grandfa\hotel_grandfa.dds race=9005 file=d:\ymir work\npc\hotel_grandfa\hotel_grandfa.gr2 vid=2842 part=0 category=1 position=31500,-56000,17767 vertices=1519 deform_vertices=1519 rigid_vertices=0
material group=1 stage=0 alpha_test=0 blend=1 rigid=0 mesh=0 cull=0 depth_write=1 texture=d:\ymir work\npc\hotel_grandfa\hotel_grandfa_hair.dds race=9005 file=d:\ymir work\npc\hotel_grandfa\hotel_grandfa.gr2 vid=2842 part=0 category=1 position=31500,-56000,17767 vertices=1519 deform_vertices=1519 rigid_vertices=0
submitted: GPU-skinned actor part race=9004 file=d:\ymir work\npc\bank\bank.gr2 vid=17255 part=0 category=1 position=31800,-62900,18006 vertices=1086 deform_vertices=1086 rigid_vertices=0
material group=0 stage=0 alpha_test=0 blend=0 rigid=0 mesh=0 cull=0 depth_write=1 texture=d:\ymir work\npc\bank\bank.dds race=9004 file=d:\ymir work\npc\bank\bank.gr2 vid=17255 part=0 category=1 position=31800,-62900,18006 vertices=1086 deform_vertices=1086 rigid_vertices=0
material group=0 stage=0 alpha_test=0 blend=0 rigid=0 mesh=0 cull=0 depth_write=1 texture=d:\ymir work\monster\stray_dog\stray_dog.dds race=101 file=d:\ymir work\monster\stray_dog\stray_dog.gr2 vid=22946 part=0 category=2 position=38980.6,-57508.3,17767 vertices=682 deform_vertices=682 rigid_vertices=0
material group=0 stage=0 alpha_test=0 blend=0 rigid=0 mesh=0 cull=0 depth_write=1 texture=d:\ymir work\monster\stray_dog\stray_dog.dds race=101 file=d:\ymir work\monster\stray_dog\stray_dog.gr2 vid=22700 part=0 category=2 position=38273,-57579,17767 vertices=682 deform_vertices=682 rigid_vertices=0
material group=0 stage=0 alpha_test=0 blend=0 rigid=0 mesh=0 cull=0 depth_write=1 texture=d:\ymir work\monster\stray_dog\stray_dog.dds race=101 file=d:\ymir work\monster\stray_dog\stray_dog.gr2 vid=23268 part=0 category=2 position=39038,-57475,17767 vertices=682 deform_vertices=682 rigid_vertices=0
material group=0 stage=0 alpha_test=0 blend=0 rigid=0 mesh=0 cull=0 depth_write=1 texture=d:\ymir work\monster\stray_dog\stray_dog.dds race=101 file=d:\ymir work\monster\stray_dog\stray_dog.gr2 vid=22699 part=0 category=2 position=38500,-57519,17767 vertices=682 deform_vertices=682 rigid_vertices=0
material group=0 stage=0 alpha_test=0 blend=0 rigid=0 mesh=0 cull=0 depth_write=1 texture=d:\ymir work\monster\stray_dog\stray_dog.dds race=101 file=d:\ymir work\monster\stray_dog\stray_dog.gr2 vid=22597 part=0 category=2 position=39080,-57436,17767 vertices=682 deform_vertices=682 rigid_vertices=0
material group=0 stage=0 alpha_test=0 blend=0 rigid=0 mesh=0 cull=0 depth_write=1 texture=d:\ymir work\monster\stray_dog\stray_dog.dds race=101 file=d:\ymir work\monster\stray_dog\stray_dog.gr2 vid=22718 part=0 category=2 position=38597,-57455,17767 vertices=682 deform_vertices=682 rigid_vertices=0
material group=0 stage=0 alpha_test=0 blend=0 rigid=0 mesh=0 cull=0 depth_write=1 texture=d:\ymir work\monster\stray_dog\stray_dog.dds race=101 file=d:\ymir work\monster\stray_dog\stray_dog.gr2 vid=23002 part=0 category=2 position=37984,-57439,17767 vertices=682 deform_vertices=682 rigid_vertices=0
material group=0 stage=0 alpha_test=0 blend=0 rigid=0 mesh=0 cull=0 depth_write=1 texture=d:\ymir work\monster\stray_dog\stray_dog.dds race=101 file=d:\ymir work\monster\stray_dog\stray_dog.gr2 vid=22751 part=0 category=2 position=38645,-57273,17767 vertices=682 deform_vertices=682 rigid_vertices=0
material group=0 stage=0 alpha_test=0 blend=0 rigid=0 mesh=0 cull=0 depth_write=1 texture=d:\ymir work\monster\stray_dog\stray_dog.dds race=101 file=d:\ymir work\monster\stray_dog\stray_dog.gr2 vid=22948 part=0 category=2 position=38866,-57220,17767 vertices=682 deform_vertices=682 rigid_vertices=0
material group=0 stage=0 alpha_test=0 blend=0 rigid=0 mesh=0 cull=0 depth_write=1 texture=d:\ymir work\monster\stray_dog\stray_dog.dds race=101 file=d:\ymir work\monster\stray_dog\stray_dog.gr2 vid=22958 part=0 category=2 position=38956,-57192,17767 vertices=682 deform_vertices=682 rigid_vertices=0
material group=0 stage=0 alpha_test=0 blend=0 rigid=0 mesh=0 cull=0 depth_write=1 texture=d:\ymir work\monster\stray_dog\stray_dog.dds race=101 file=d:\ymir work\monster\stray_dog\stray_dog.gr2 vid=23253 part=0 category=2 position=38665,-57186,17767 vertices=682 deform_vertices=682 rigid_vertices=0
material group=0 stage=0 alpha_test=0 blend=0 rigid=0 mesh=0 cull=0 depth_write=1 texture=d:\ymir work\monster\stray_dog\stray_dog.dds race=101 file=d:\ymir work\monster\stray_dog\stray_dog.gr2 vid=23376 part=0 category=2 position=38172.7,-57207,17767 vertices=682 deform_vertices=682 rigid_vertices=0
material group=0 stage=0 alpha_test=0 blend=0 rigid=0 mesh=0 cull=0 depth_write=1 texture=d:\ymir work\monster\stray_dog\stray_dog.dds race=101 file=d:\ymir work\monster\stray_dog\stray_dog.gr2 vid=22599 part=0 category=2 position=37743,-57186,17767 vertices=682 deform_vertices=682 rigid_vertices=0
material group=0 stage=0 alpha_test=0 blend=0 rigid=0 mesh=0 cull=0 depth_write=1 texture=d:\ymir work\monster\stray_dog\stray_dog.dds race=101 file=d:\ymir work\monster\stray_dog\stray_dog.gr2 vid=22831 part=0 category=2 position=39212,-56922,17767 vertices=682 deform_vertices=682 rigid_vertices=0
material group=0 stage=0 alpha_test=0 blend=0 rigid=0 mesh=0 cull=0 depth_write=1 texture=d:\ymir work\monster\stray_dog\stray_dog.dds race=101 file=d:\ymir work\monster\stray_dog\stray_dog.gr2 vid=23187 part=0 category=2 position=37952,-57017,17767 vertices=682 deform_vertices=682 rigid_vertices=0
material group=0 stage=0 alpha_test=0 blend=0 rigid=0 mesh=0 cull=0 depth_write=1 texture=d:\ymir work\monster\stray_dog\stray_dog.dds race=101 file=d:\ymir work\monster\stray_dog\stray_dog.gr2 vid=23043 part=0 category=2 position=37549,-56992,17767 vertices=682 deform_vertices=682 rigid_vertices=0
material group=0 stage=0 alpha_test=0 blend=0 rigid=0 mesh=0 cull=0 depth_write=1 texture=d:\ymir work\monster\stray_dog\stray_dog.dds race=101 file=d:\ymir work\monster\stray_dog\stray_dog.gr2 vid=23130 part=0 category=2 position=37567,-56521,17767 vertices=682 deform_vertices=682 rigid_vertices=0
material group=0 stage=0 alpha_test=0 blend=0 rigid=0 mesh=0 cull=0 depth_write=1 texture=d:\ymir work\monster\stray_dog\stray_dog.dds race=101 file=d:\ymir work\monster\stray_dog\stray_dog.gr2 vid=23288 part=0 category=2 position=36516,-56638,17692 vertices=682 deform_vertices=682 rigid_vertices=0
material group=0 stage=0 alpha_test=0 blend=0 rigid=0 mesh=0 cull=0 depth_write=1 texture=d:\ymir work\monster\stray_dog\stray_dog.dds race=101 file=d:\ymir work\monster\stray_dog\stray_dog.gr2 vid=23326 part=0 category=2 position=38588,-57553,17767 vertices=682 deform_vertices=682 rigid_vertices=0
material group=0 stage=0 alpha_test=0 blend=0 rigid=0 mesh=0 cull=0 depth_write=1 texture=d:\ymir work\monster\stray_dog\stray_dog.dds race=101 file=d:\ymir work\monster\stray_dog\stray_dog.gr2 vid=22575 part=0 category=2 position=38531,-56915,17767 vertices=682 deform_vertices=682 rigid_vertices=0
material group=0 stage=0 alpha_test=0 blend=0 rigid=0 mesh=0 cull=0 depth_write=1 texture=d:\ymir work\npc\hotel_grandfa\hotel_grandfa.dds race=9005 file=d:\ymir work\npc\hotel_grandfa\hotel_grandfa.gr2 vid=2842 part=0 category=1 position=31500,-56000,17767 vertices=1519 deform_vertices=1519 rigid_vertices=0
material group=1 stage=0 alpha_test=2 blend=0 rigid=0 mesh=0 cull=0 depth_write=1 texture=d:\ymir work\npc\hotel_grandfa\hotel_grandfa_hair.dds race=9005 file=d:\ymir work\npc\hotel_grandfa\hotel_grandfa.gr2 vid=2842 part=0 category=1 position=31500,-56000,17767 vertices=1519 deform_vertices=1519 rigid_vertices=0
material group=0 stage=0 alpha_test=0 blend=0 rigid=0 mesh=0 cull=0 depth_write=1 texture=d:\ymir work\npc\auntie\auntie.dds race=20002 file=d:\ymir work\npc\auntie\auntie.gr2 vid=2857 part=0 category=1 position=34203,-55940,17656.7 vertices=1229 deform_vertices=1229 rigid_vertices=0
submitted: GPU-skinned actor part race=101 file=d:\ymir work\monster\stray_dog\stray_dog.gr2 vid=22684 part=0 category=2 position=35987,-57591,17748.6 vertices=682 deform_vertices=682 rigid_vertices=0
material group=0 stage=0 alpha_test=0 blend=0 rigid=0 mesh=0 cull=0 depth_write=1 texture=d:\ymir work\monster\stray_dog\stray_dog.dds race=101 file=d:\ymir work\monster\stray_dog\stray_dog.gr2 vid=22684 part=0 category=2 position=35987,-57591,17748.6 vertices=682 deform_vertices=682 rigid_vertices=0
submitted: GPU-skinned actor part race=101 file=d:\ymir work\monster\stray_dog\stray_dog.gr2 vid=22493 part=0 category=2 position=35974.2,-57564.5,17747.1 vertices=682 deform_vertices=682 rigid_vertices=0
material group=0 stage=0 alpha_test=0 blend=0 rigid=0 mesh=0 cull=0 depth_write=1 texture=d:\ymir work\monster\stray_dog\stray_dog.dds race=101 file=d:\ymir work\monster\stray_dog\stray_dog.gr2 vid=22493 part=0 category=2 position=35974.2,-57564.5,17747.1 vertices=682 deform_vertices=682 rigid_vertices=0
submitted: GPU-skinned actor part race=101 file=d:\ymir work\monster\stray_dog\stray_dog.gr2 vid=22859 part=0 category=2 position=36177,-57678,17752.2 vertices=682 deform_vertices=682 rigid_vertices=0
material group=0 stage=0 alpha_test=0 blend=0 rigid=0 mesh=0 cull=0 depth_write=1 texture=d:\ymir work\monster\stray_dog\stray_dog.dds race=101 file=d:\ymir work\monster\stray_dog\stray_dog.gr2 vid=22859 part=0 category=2 position=36177,-57678,17752.2 vertices=682 deform_vertices=682 rigid_vertices=0
submitted: GPU-skinned actor part race=101 file=d:\ymir work\monster\stray_dog\stray_dog.gr2 vid=23393 part=0 category=2 position=36827,-57391,17746.6 vertices=682 deform_vertices=682 rigid_vertices=0
material group=0 stage=0 alpha_test=0 blend=0 rigid=0 mesh=0 cull=0 depth_write=1 texture=d:\ymir work\monster\stray_dog\stray_dog.dds race=101 file=d:\ymir work\monster\stray_dog\stray_dog.gr2 vid=23393 part=0 category=2 position=36827,-57391,17746.6 vertices=682 deform_vertices=682 rigid_vertices=0
submitted: GPU-skinned actor part race=101 file=d:\ymir work\monster\stray_dog\stray_dog.gr2 vid=23255 part=0 category=2 position=36883.1,-57187.4,17738 vertices=682 deform_vertices=682 rigid_vertices=0
material group=0 stage=0 alpha_test=0 blend=0 rigid=0 mesh=0 cull=0 depth_write=1 texture=d:\ymir work\monster\stray_dog\stray_dog.dds race=101 file=d:\ymir work\monster\stray_dog\stray_dog.gr2 vid=23255 part=0 category=2 position=36883.1,-57187.4,17738 vertices=682 deform_vertices=682 rigid_vertices=0
submitted: GPU-skinned actor part race=101 file=d:\ymir work\monster\stray_dog\stray_dog.gr2 vid=22639 part=0 category=2 position=36950,-57534,17754.5 vertices=682 deform_vertices=682 rigid_vertices=0
material group=0 stage=0 alpha_test=0 blend=0 rigid=0 mesh=0 cull=0 depth_write=1 texture=d:\ymir work\monster\stray_dog\stray_dog.dds race=101 file=d:\ymir work\monster\stray_dog\stray_dog.gr2 vid=22639 part=0 category=2 position=36950,-57534,17754.5 vertices=682 deform_vertices=682 rigid_vertices=0
submitted: GPU-skinned actor part race=101 file=d:\ymir work\monster\stray_dog\stray_dog.gr2 vid=23435 part=0 category=2 position=36948,-57516,17753.8 vertices=682 deform_vertices=682 rigid_vertices=0
material group=0 stage=0 alpha_test=0 blend=0 rigid=0 mesh=0 cull=0 depth_write=1 texture=d:\ymir work\monster\stray_dog\stray_dog.dds race=101 file=d:\ymir work\monster\stray_dog\stray_dog.gr2 vid=23435 part=0 category=2 position=36948,-57516,17753.8 vertices=682 deform_vertices=682 rigid_vertices=0
submitted: GPU-skinned actor part race=101 file=d:\ymir work\monster\stray_dog\stray_dog.gr2 vid=23290 part=0 category=2 position=35025.9,-59630.9,17769 vertices=499 deform_vertices=499 rigid_vertices=0
material group=0 stage=0 alpha_test=0 blend=0 rigid=0 mesh=0 cull=0 depth_write=1 texture=d:\ymir work\monster\stray_dog\stray_dog.dds race=101 file=d:\ymir work\monster\stray_dog\stray_dog.gr2 vid=23290 part=0 category=2 position=35025.9,-59630.9,17769 vertices=499 deform_vertices=499 rigid_vertices=0
submitted: GPU-skinned actor part race=101 file=d:\ymir work\monster\stray_dog\stray_dog.gr2 vid=22752 part=0 category=2 position=36068,-59100,17767 vertices=499 deform_vertices=499 rigid_vertices=0
material group=0 stage=0 alpha_test=0 blend=0 rigid=0 mesh=0 cull=0 depth_write=1 texture=d:\ymir work\monster\stray_dog\stray_dog.dds race=101 file=d:\ymir work\monster\stray_dog\stray_dog.gr2 vid=22752 part=0 category=2 position=36068,-59100,17767 vertices=499 deform_vertices=499 rigid_vertices=0
submitted: GPU-skinned actor part race=101 file=d:\ymir work\monster\stray_dog\stray_dog.gr2 vid=23231 part=0 category=2 position=36172,-59248,17767 vertices=499 deform_vertices=499 rigid_vertices=0
material group=0 stage=0 alpha_test=0 blend=0 rigid=0 mesh=0 cull=0 depth_write=1 texture=d:\ymir work\monster\stray_dog\stray_dog.dds race=101 file=d:\ymir work\monster\stray_dog\stray_dog.gr2 vid=23231 part=0 category=2 position=36172,-59248,17767 vertices=499 deform_vertices=499 rigid_vertices=0
submitted: GPU-skinned actor part race=101 file=d:\ymir work\monster\stray_dog\stray_dog.gr2 vid=22927 part=0 category=2 position=36007.5,-59286.4,17767 vertices=499 deform_vertices=499 rigid_vertices=0
material group=0 stage=0 alpha_test=0 blend=0 rigid=0 mesh=0 cull=0 depth_write=1 texture=d:\ymir work\monster\stray_dog\stray_dog.dds race=101 file=d:\ymir work\monster\stray_dog\stray_dog.gr2 vid=22927 part=0 category=2 position=36007.5,-59286.4,17767 vertices=499 deform_vertices=499 rigid_vertices=0
submitted: GPU-skinned actor part race=101 file=d:\ymir work\monster\stray_dog\stray_dog.gr2 vid=23093 part=0 category=2 position=36550,-59365,17767 vertices=499 deform_vertices=499 rigid_vertices=0
material group=0 stage=0 alpha_test=0 blend=0 rigid=0 mesh=0 cull=0 depth_write=1 texture=d:\ymir work\monster\stray_dog\stray_dog.dds race=101 file=d:\ymir work\monster\stray_dog\stray_dog.gr2 vid=23093 part=0 category=2 position=36550,-59365,17767 vertices=499 deform_vertices=499 rigid_vertices=0
submitted: GPU-skinned actor part race=101 file=d:\ymir work\monster\stray_dog\stray_dog.gr2 vid=23338 part=0 category=2 position=36652,-59595,17767 vertices=499 deform_vertices=499 rigid_vertices=0
material group=0 stage=0 alpha_test=0 blend=0 rigid=0 mesh=0 cull=0 depth_write=1 texture=d:\ymir work\monster\stray_dog\stray_dog.dds race=101 file=d:\ymir work\monster\stray_dog\stray_dog.gr2 vid=23338 part=0 category=2 position=36652,-59595,17767 vertices=499 deform_vertices=499 rigid_vertices=0
submitted: GPU-skinned actor part race=101 file=d:\ymir work\monster\stray_dog\stray_dog.gr2 vid=23385 part=0 category=2 position=36894,-59648,17767 vertices=499 deform_vertices=499 rigid_vertices=0
material group=0 stage=0 alpha_test=0 blend=0 rigid=0 mesh=0 cull=0 depth_write=1 texture=d:\ymir work\monster\stray_dog\stray_dog.dds race=101 file=d:\ymir work\monster\stray_dog\stray_dog.gr2 vid=23385 part=0 category=2 position=36894,-59648,17767 vertices=499 deform_vertices=499 rigid_vertices=0
submitted: GPU-skinned actor part race=101 file=d:\ymir work\monster\stray_dog\stray_dog.gr2 vid=22750 part=0 category=2 position=36891,-59838,17767.2 vertices=499 deform_vertices=499 rigid_vertices=0
material group=0 stage=0 alpha_test=0 blend=0 rigid=0 mesh=0 cull=0 depth_write=1 texture=d:\ymir work\monster\stray_dog\stray_dog.dds race=101 file=d:\ymir work\monster\stray_dog\stray_dog.gr2 vid=22750 part=0 category=2 position=36891,-59838,17767.2 vertices=499 deform_vertices=499 rigid_vertices=0
submitted: GPU-skinned actor part race=101 file=d:\ymir work\monster\stray_dog\stray_dog.gr2 vid=22811 part=0 category=2 position=36532,-59809,17767 vertices=499 deform_vertices=499 rigid_vertices=0
material group=0 stage=0 alpha_test=0 blend=0 rigid=0 mesh=0 cull=0 depth_write=1 texture=d:\ymir work\monster\stray_dog\stray_dog.dds race=101 file=d:\ymir work\monster\stray_dog\stray_dog.gr2 vid=22811 part=0 category=2 position=36532,-59809,17767 vertices=499 deform_vertices=499 rigid_vertices=0
submitted: GPU-skinned actor part race=101 file=d:\ymir work\monster\stray_dog\stray_dog.gr2 vid=23400 part=0 category=2 position=36764,-59906,17767.5 vertices=499 deform_vertices=499 rigid_vertices=0
material group=0 stage=0 alpha_test=0 blend=0 rigid=0 mesh=0 cull=0 depth_write=1 texture=d:\ymir work\monster\stray_dog\stray_dog.dds race=101 file=d:\ymir work\monster\stray_dog\stray_dog.gr2 vid=23400 part=0 category=2 position=36764,-59906,17767.5 vertices=499 deform_vertices=499 rigid_vertices=0
submitted: GPU-skinned actor part race=101 file=d:\ymir work\monster\stray_dog\stray_dog.gr2 vid=22607 part=0 category=2 position=36235,-59749,17767 vertices=499 deform_vertices=499 rigid_vertices=0
material group=0 stage=0 alpha_test=0 blend=0 rigid=0 mesh=0 cull=0 depth_write=1 texture=d:\ymir work\monster\stray_dog\stray_dog.dds race=101 file=d:\ymir work\monster\stray_dog\stray_dog.gr2 vid=22607 part=0 category=2 position=36235,-59749,17767 vertices=499 deform_vertices=499 rigid_vertices=0
submitted: GPU-skinned actor part race=101 file=d:\ymir work\monster\stray_dog\stray_dog.gr2 vid=23141 part=0 category=2 position=36878,-60007,17768.1 vertices=499 deform_vertices=499 rigid_vertices=0
material group=0 stage=0 alpha_test=0 blend=0 rigid=0 mesh=0 cull=0 depth_write=1 texture=d:\ymir work\monster\stray_dog\stray_dog.dds race=101 file=d:\ymir work\monster\stray_dog\stray_dog.gr2 vid=23141 part=0 category=2 position=36878,-60007,17768.1 vertices=499 deform_vertices=499 rigid_vertices=0
submitted: GPU-skinned actor part race=101 file=d:\ymir work\monster\stray_dog\stray_dog.gr2 vid=22966 part=0 category=2 position=36698,-60109,17769.4 vertices=499 deform_vertices=499 rigid_vertices=0
material group=0 stage=0 alpha_test=0 blend=0 rigid=0 mesh=0 cull=0 depth_write=1 texture=d:\ymir work\monster\stray_dog\stray_dog.dds race=101 file=d:\ymir work\monster\stray_dog\stray_dog.gr2 vid=22966 part=0 category=2 position=36698,-60109,17769.4 vertices=499 deform_vertices=499 rigid_vertices=0
submitted: GPU-skinned actor part race=101 file=d:\ymir work\monster\stray_dog\stray_dog.gr2 vid=22924 part=0 category=2 position=36532,-60182,17770.3 vertices=499 deform_vertices=499 rigid_vertices=0
material group=0 stage=0 alpha_test=0 blend=0 rigid=0 mesh=0 cull=0 depth_write=1 texture=d:\ymir work\monster\stray_dog\stray_dog.dds race=101 file=d:\ymir work\monster\stray_dog\stray_dog.gr2 vid=22924 part=0 category=2 position=36532,-60182,17770.3 vertices=499 deform_vertices=499 rigid_vertices=0
submitted: GPU-skinned actor part race=101 file=d:\ymir work\monster\stray_dog\stray_dog.gr2 vid=22922 part=0 category=2 position=35825.9,-60219,17771 vertices=499 deform_vertices=499 rigid_vertices=0
material group=0 stage=0 alpha_test=0 blend=0 rigid=0 mesh=0 cull=0 depth_write=1 texture=d:\ymir work\monster\stray_dog\stray_dog.dds race=101 file=d:\ymir work\monster\stray_dog\stray_dog.gr2 vid=22922 part=0 category=2 position=35825.9,-60219,17771 vertices=499 deform_vertices=499 rigid_vertices=0
submitted: GPU-skinned actor part race=101 file=d:\ymir work\monster\stray_dog\stray_dog.gr2 vid=22975 part=0 category=2 position=35878,-60594,17779.2 vertices=499 deform_vertices=499 rigid_vertices=0
material group=0 stage=0 alpha_test=0 blend=0 rigid=0 mesh=0 cull=0 depth_write=1 texture=d:\ymir work\monster\stray_dog\stray_dog.dds race=101 file=d:\ymir work\monster\stray_dog\stray_dog.gr2 vid=22975 part=0 category=2 position=35878,-60594,17779.2 vertices=499 deform_vertices=499 rigid_vertices=0
submitted: GPU-skinned actor part race=101 file=d:\ymir work\monster\stray_dog\stray_dog.gr2 vid=22487 part=0 category=2 position=35540,-60613,17781.4 vertices=499 deform_vertices=499 rigid_vertices=0
material group=0 stage=0 alpha_test=0 blend=0 rigid=0 mesh=0 cull=0 depth_write=1 texture=d:\ymir work\monster\stray_dog\stray_dog.dds race=101 file=d:\ymir work\monster\stray_dog\stray_dog.gr2 vid=22487 part=0 category=2 position=35540,-60613,17781.4 vertices=499 deform_vertices=499 rigid_vertices=0
submitted: GPU-skinned actor part race=101 file=d:\ymir work\monster\stray_dog\stray_dog.gr2 vid=22919 part=0 category=2 position=35484,-60904,17792.4 vertices=499 deform_vertices=499 rigid_vertices=0
material group=0 stage=0 alpha_test=0 blend=0 rigid=0 mesh=0 cull=0 depth_write=1 texture=d:\ymir work\monster\stray_dog\stray_dog.dds race=101 file=d:\ymir work\monster\stray_dog\stray_dog.gr2 vid=22919 part=0 category=2 position=35484,-60904,17792.4 vertices=499 deform_vertices=499 rigid_vertices=0
submitted: GPU-skinned actor part race=101 file=d:\ymir work\monster\stray_dog\stray_dog.gr2 vid=22836 part=0 category=2 position=35196,-61217,17810.3 vertices=499 deform_vertices=499 rigid_vertices=0
material group=0 stage=0 alpha_test=0 blend=0 rigid=0 mesh=0 cull=0 depth_write=1 texture=d:\ymir work\monster\stray_dog\stray_dog.dds race=101 file=d:\ymir work\monster\stray_dog\stray_dog.gr2 vid=22836 part=0 category=2 position=35196,-61217,17810.3 vertices=499 deform_vertices=499 rigid_vertices=0
submitted: GPU-skinned actor part race=101 file=d:\ymir work\monster\stray_dog\stray_dog.gr2 vid=23436 part=0 category=2 position=35837,-61301,17802.8 vertices=499 deform_vertices=499 rigid_vertices=0
material group=0 stage=0 alpha_test=0 blend=0 rigid=0 mesh=0 cull=0 depth_write=1 texture=d:\ymir work\monster\stray_dog\stray_dog.dds race=101 file=d:\ymir work\monster\stray_dog\stray_dog.gr2 vid=23436 part=0 category=2 position=35837,-61301,17802.8 vertices=499 deform_vertices=499 rigid_vertices=0
submitted: GPU-skinned actor part race=101 file=d:\ymir work\monster\stray_dog\stray_dog.gr2 vid=23280 part=0 category=2 position=35518,-61650,17819.7 vertices=499 deform_vertices=499 rigid_vertices=0
material group=0 stage=0 alpha_test=0 blend=0 rigid=0 mesh=0 cull=0 depth_write=1 texture=d:\ymir work\monster\stray_dog\stray_dog.dds race=101 file=d:\ymir work\monster\stray_dog\stray_dog.gr2 vid=23280 part=0 category=2 position=35518,-61650,17819.7 vertices=499 deform_vertices=499 rigid_vertices=0
submitted: GPU-skinned actor part race=20011 file=d:\ymir work\npc\plant_researcher\plant_researcher.gr2 vid=2861 part=0 category=1 position=42514,-71548,17767 vertices=1362 deform_vertices=1362 rigid_vertices=0
material group=0 stage=0 alpha_test=0 blend=1 rigid=0 mesh=0 cull=0 depth_write=1 texture=d:\ymir work\npc\plant_researcher\plant_researcher.dds race=20011 file=d:\ymir work\npc\plant_researcher\plant_researcher.gr2 vid=2861 part=0 category=1 position=42514,-71548,17767 vertices=1362 deform_vertices=1362 rigid_vertices=0
submitted: GPU-skinned actor part race=20005 file=d:\ymir work\npc\ceramist\ceramist.gr2 vid=2859 part=0 category=1 position=29276,-71702,17773.4 vertices=1268 deform_vertices=1178 rigid_vertices=90
material group=1 stage=0 alpha_test=0 blend=1 rigid=0 mesh=0 cull=0 depth_write=1 texture=d:\ymir work\npc\ceramist\ceramist.dds race=20005 file=d:\ymir work\npc\ceramist\ceramist.gr2 vid=2859 part=0 category=1 position=29276,-71702,17773.4 vertices=1268 deform_vertices=1178 rigid_vertices=90
material group=1 stage=0 alpha_test=0 blend=1 rigid=1 mesh=1 cull=0 depth_write=1 texture=d:\ymir work\npc\ceramist\ceramist.dds race=20005 file=d:\ymir work\npc\ceramist\ceramist.gr2 vid=2859 part=0 category=1 position=29276,-71702,17773.4 vertices=1268 deform_vertices=1178 rigid_vertices=90
submitted: GPU-skinned actor part race=20349 file=d:\ymir work\npc\jinno_patrol_spear\jinno_patrol_spear.gr2 vid=2854 part=0 category=1 position=39600,-73500,17765 vertices=1999 deform_vertices=1645 rigid_vertices=354
material group=0 stage=0 alpha_test=0 blend=1 rigid=0 mesh=0 cull=0 depth_write=1 texture=d:\ymir work\npc\jinno_patrol_spear\jinno_patrol_spear.dds race=20349 file=d:\ymir work\npc\jinno_patrol_spear\jinno_patrol_spear.gr2 vid=2854 part=0 category=1 position=39600,-73500,17765 vertices=1999 deform_vertices=1645 rigid_vertices=354
material group=1 stage=0 alpha_test=0 blend=1 rigid=1 mesh=1 cull=0 depth_write=1 texture=d:\ymir work\npc\sinsu_patrol_bow\sinsu_patrol_weapon.dds race=20349 file=d:\ymir work\npc\jinno_patrol_spear\jinno_patrol_spear.gr2 vid=2854 part=0 category=1 position=39600,-73500,17765 vertices=1999 deform_vertices=1645 rigid_vertices=354
submitted: GPU-skinned actor part race=20030 file=d:\ymir work\npc\pony\pony.gr2 vid=2866 part=0 category=1 position=38216,-74016,17765 vertices=1393 deform_vertices=1393 rigid_vertices=0
material group=0 stage=0 alpha_test=0 blend=1 rigid=0 mesh=0 cull=0 depth_write=1 texture=d:\ymir work\npc\pony\horse_normal01.dds race=20030 file=d:\ymir work\npc\pony\pony.gr2 vid=2866 part=0 category=1 position=38216,-74016,17765 vertices=1393 deform_vertices=1393 rigid_vertices=0
submitted: GPU-skinned actor part race=20008 file=d:\ymir work\npc\mr_restaurant\mr_restaurant.gr2 vid=2855 part=0 category=1 position=34000,-74700,17767 vertices=1350 deform_vertices=1350 rigid_vertices=0
material group=0 stage=0 alpha_test=0 blend=1 rigid=0 mesh=0 cull=0 depth_write=1 texture=d:\ymir work\npc\mr_restaurant\mr_restaurant.dds race=20008 file=d:\ymir work\npc\mr_restaurant\mr_restaurant.gr2 vid=2855 part=0 category=1 position=34000,-74700,17767 vertices=1350 deform_vertices=1350 rigid_vertices=0
material group=0 stage=0 alpha_test=0 blend=0 rigid=0 mesh=0 cull=0 depth_write=1 texture=d:\ymir work\npc\plant_researcher\plant_researcher.dds race=20011 file=d:\ymir work\npc\plant_researcher\plant_researcher.gr2 vid=2861 part=0 category=1 position=42514,-71548,17767 vertices=1362 deform_vertices=1362 rigid_vertices=0
material group=1 stage=0 alpha_test=0 blend=0 rigid=0 mesh=0 cull=0 depth_write=1 texture=d:\ymir work\npc\ceramist\ceramist.dds race=20005 file=d:\ymir work\npc\ceramist\ceramist.gr2 vid=2859 part=0 category=1 position=29276,-71702,17773.4 vertices=1268 deform_vertices=1178 rigid_vertices=90
material group=1 stage=0 alpha_test=0 blend=0 rigid=1 mesh=1 cull=0 depth_write=1 texture=d:\ymir work\npc\ceramist\ceramist.dds race=20005 file=d:\ymir work\npc\ceramist\ceramist.gr2 vid=2859 part=0 category=1 position=29276,-71702,17773.4 vertices=1268 deform_vertices=1178 rigid_vertices=90
material group=0 stage=0 alpha_test=0 blend=0 rigid=0 mesh=0 cull=0 depth_write=1 texture=d:\ymir work\npc\jinno_patrol_spear\jinno_patrol_spear.dds race=20349 file=d:\ymir work\npc\jinno_patrol_spear\jinno_patrol_spear.gr2 vid=2854 part=0 category=1 position=39600,-73500,17765 vertices=1999 deform_vertices=1645 rigid_vertices=354
material group=1 stage=0 alpha_test=0 blend=0 rigid=1 mesh=1 cull=0 depth_write=1 texture=d:\ymir work\npc\sinsu_patrol_bow\sinsu_patrol_weapon.dds race=20349 file=d:\ymir work\npc\jinno_patrol_spear\jinno_patrol_spear.gr2 vid=2854 part=0 category=1 position=39600,-73500,17765 vertices=1999 deform_vertices=1645 rigid_vertices=354
material group=0 stage=0 alpha_test=0 blend=0 rigid=0 mesh=0 cull=0 depth_write=1 texture=d:\ymir work\npc\pony\horse_normal01.dds race=20030 file=d:\ymir work\npc\pony\pony.gr2 vid=2866 part=0 category=1 position=38216,-74016,17765 vertices=1393 deform_vertices=1393 rigid_vertices=0
material group=0 stage=0 alpha_test=0 blend=0 rigid=0 mesh=0 cull=0 depth_write=1 texture=d:\ymir work\npc\mr_restaurant\mr_restaurant.dds race=20008 file=d:\ymir work\npc\mr_restaurant\mr_restaurant.gr2 vid=2855 part=0 category=1 position=34000,-74700,17767 vertices=1350 deform_vertices=1350 rigid_vertices=0
submitted: GPU-skinned actor part race=20018 file=d:\ymir work\npc\doctor\doctor.gr2 vid=2862 part=0 category=1 position=46473,-61253,17767 vertices=1265 deform_vertices=1265 rigid_vertices=0
material group=0 stage=0 alpha_test=0 blend=1 rigid=0 mesh=0 cull=0 depth_write=1 texture=d:\ymir work\npc\doctor\doctor.dds race=20018 file=d:\ymir work\npc\doctor\doctor.gr2 vid=2862 part=0 category=1 position=46473,-61253,17767 vertices=1265 deform_vertices=1265 rigid_vertices=0
submitted: GPU-skinned actor part race=20354 file=d:\ymir work\npc\guard_leader\guard_leader.gr2 vid=2875 part=0 category=1 position=46800,-71400,17767 vertices=2011 deform_vertices=1657 rigid_vertices=354
material group=0 stage=0 alpha_test=0 blend=1 rigid=0 mesh=0 cull=0 depth_write=1 texture=d:\ymir work\npc\guard_leader\guard_leader.dds race=20354 file=d:\ymir work\npc\guard_leader\guard_leader.gr2 vid=2875 part=0 category=1 position=46800,-71400,17767 vertices=2011 deform_vertices=1657 rigid_vertices=354
material group=1 stage=0 alpha_test=0 blend=1 rigid=1 mesh=1 cull=0 depth_write=1 texture=d:\ymir work\npc\sinsu_patrol_bow\sinsu_patrol_weapon.dds race=20354 file=d:\ymir work\npc\guard_leader\guard_leader.gr2 vid=2875 part=0 category=1 position=46800,-71400,17767 vertices=2011 deform_vertices=1657 rigid_vertices=354
submitted: GPU-skinned actor part race=20095 file=season1\npc\sinseon\sinseon.gr2 vid=2845 part=0 category=1 position=47100,-57600,17816.5 vertices=2378 deform_vertices=2378 rigid_vertices=0
material group=0 stage=0 alpha_test=0 blend=1 rigid=0 mesh=1 cull=0 depth_write=1 texture=season1\npc\sinseon\sinseon.dds race=20095 file=season1\npc\sinseon\sinseon.gr2 vid=2845 part=0 category=1 position=47100,-57600,17816.5 vertices=2378 deform_vertices=2378 rigid_vertices=0
material group=0 stage=0 alpha_test=0 blend=1 rigid=0 mesh=0 cull=0 depth_write=1 texture=season1\npc\sinseon\sinseon.dds race=20095 file=season1\npc\sinseon\sinseon.gr2 vid=2845 part=0 category=1 position=47100,-57600,17816.5 vertices=2378 deform_vertices=2378 rigid_vertices=0
material group=0 stage=0 alpha_test=0 blend=0 rigid=0 mesh=0 cull=0 depth_write=1 texture=d:\ymir work\npc\doctor\doctor.dds race=20018 file=d:\ymir work\npc\doctor\doctor.gr2 vid=2862 part=0 category=1 position=46473,-61253,17767 vertices=1265 deform_vertices=1265 rigid_vertices=0
material group=0 stage=0 alpha_test=0 blend=0 rigid=0 mesh=0 cull=0 depth_write=1 texture=d:\ymir work\npc\guard_leader\guard_leader.dds race=20354 file=d:\ymir work\npc\guard_leader\guard_leader.gr2 vid=2875 part=0 category=1 position=46800,-71400,17767 vertices=2011 deform_vertices=1657 rigid_vertices=354
material group=1 stage=0 alpha_test=0 blend=0 rigid=1 mesh=1 cull=0 depth_write=1 texture=d:\ymir work\npc\sinsu_patrol_bow\sinsu_patrol_weapon.dds race=20354 file=d:\ymir work\npc\guard_leader\guard_leader.gr2 vid=2875 part=0 category=1 position=46800,-71400,17767 vertices=2011 deform_vertices=1657 rigid_vertices=354
material group=0 stage=0 alpha_test=0 blend=0 rigid=0 mesh=1 cull=0 depth_write=1 texture=season1\npc\sinseon\sinseon.dds race=20095 file=season1\npc\sinseon\sinseon.gr2 vid=2845 part=0 category=1 position=47100,-57600,17816.5 vertices=2378 deform_vertices=2378 rigid_vertices=0
material group=0 stage=0 alpha_test=0 blend=0 rigid=0 mesh=0 cull=0 depth_write=1 texture=season1\npc\sinseon\sinseon.dds race=20095 file=season1\npc\sinseon\sinseon.gr2 vid=2845 part=0 category=1 position=47100,-57600,17816.5 vertices=2378 deform_vertices=2378 rigid_vertices=0
submitted: GPU-skinned actor part race=101 file=d:\ymir work\monster\stray_dog\stray_dog.gr2 vid=23164 part=0 category=2 position=38473,-57645,17767 vertices=682 deform_vertices=682 rigid_vertices=0
material group=0 stage=0 alpha_test=0 blend=1 rigid=0 mesh=0 cull=0 depth_write=1 texture=d:\ymir work\monster\stray_dog\stray_dog.dds race=101 file=d:\ymir work\monster\stray_dog\stray_dog.gr2 vid=23164 part=0 category=2 position=38473,-57645,17767 vertices=682 deform_vertices=682 rigid_vertices=0
material group=0 stage=0 alpha_test=0 blend=0 rigid=0 mesh=0 cull=0 depth_write=1 texture=d:\ymir work\monster\stray_dog\stray_dog.dds race=101 file=d:\ymir work\monster\stray_dog\stray_dog.gr2 vid=23164 part=0 category=2 position=38597.3,-57830.3,17767 vertices=682 deform_vertices=682 rigid_vertices=0
submitted: GPU-skinned actor part race=102 file=d:\ymir work\monster\wolf\wolf.gr2 vid=20070 part=0 category=2 position=45295,-80406,17563 vertices=762 deform_vertices=762 rigid_vertices=0
material group=0 stage=0 alpha_test=0 blend=1 rigid=0 mesh=0 cull=0 depth_write=1 texture=d:\ymir work\monster\wolf\wolf.dds race=102 file=d:\ymir work\monster\wolf\wolf.gr2 vid=20070 part=0 category=2 position=45295,-80406,17563 vertices=762 deform_vertices=762 rigid_vertices=0
material group=1 stage=0 alpha_test=0 blend=1 rigid=0 mesh=0 cull=0 depth_write=1 texture=d:\ymir work\monster\wolf\wolf_teeth.dds race=102 file=d:\ymir work\monster\wolf\wolf.gr2 vid=20070 part=0 category=2 position=45295,-80406,17563 vertices=762 deform_vertices=762 rigid_vertices=0
submitted: GPU-skinned actor part race=102 file=d:\ymir work\monster\wolf\wolf.gr2 vid=20071 part=0 category=2 position=45643,-80607,17564.1 vertices=762 deform_vertices=762 rigid_vertices=0
material group=0 stage=0 alpha_test=0 blend=1 rigid=0 mesh=0 cull=0 depth_write=1 texture=d:\ymir work\monster\wolf\wolf.dds race=102 file=d:\ymir work\monster\wolf\wolf.gr2 vid=20071 part=0 category=2 position=45643,-80607,17564.1 vertices=762 deform_vertices=762 rigid_vertices=0
material group=1 stage=0 alpha_test=0 blend=1 rigid=0 mesh=0 cull=0 depth_write=1 texture=d:\ymir work\monster\wolf\wolf_teeth.dds race=102 file=d:\ymir work\monster\wolf\wolf.gr2 vid=20071 part=0 category=2 position=45643,-80607,17564.1 vertices=762 deform_vertices=762 rigid_vertices=0
submitted: GPU-skinned actor part race=102 file=d:\ymir work\monster\wolf\wolf.gr2 vid=20069 part=0 category=2 position=45574,-81043,17563 vertices=762 deform_vertices=762 rigid_vertices=0
material group=0 stage=0 alpha_test=0 blend=1 rigid=0 mesh=0 cull=0 depth_write=1 texture=d:\ymir work\monster\wolf\wolf.dds race=102 file=d:\ymir work\monster\wolf\wolf.gr2 vid=20069 part=0 category=2 position=45574,-81043,17563 vertices=762 deform_vertices=762 rigid_vertices=0
material group=1 stage=0 alpha_test=0 blend=1 rigid=0 mesh=0 cull=0 depth_write=1 texture=d:\ymir work\monster\wolf\wolf_teeth.dds race=102 file=d:\ymir work\monster\wolf\wolf.gr2 vid=20069 part=0 category=2 position=45574,-81043,17563 vertices=762 deform_vertices=762 rigid_vertices=0
submitted: GPU-skinned actor part race=171 file=d:\ymir work\monster\stray_dog\stray_dog.gr2 vid=109 part=0 category=2 position=40128,-83190,17453.9 vertices=682 deform_vertices=682 rigid_vertices=0
material group=0 stage=0 alpha_test=0 blend=1 rigid=0 mesh=0 cull=0 depth_write=1 texture=d:\ymir work\monster\stray_dog\stray_dog.dds race=171 file=d:\ymir work\monster\stray_dog\stray_dog.gr2 vid=109 part=0 category=2 position=40128,-83190,17453.9 vertices=682 deform_vertices=682 rigid_vertices=0
submitted: GPU-skinned actor part race=171 file=d:\ymir work\monster\stray_dog\stray_dog.gr2 vid=441 part=0 category=2 position=44605,-82688,17654.2 vertices=682 deform_vertices=682 rigid_vertices=0
material group=0 stage=0 alpha_test=0 blend=1 rigid=0 mesh=0 cull=0 depth_write=1 texture=d:\ymir work\monster\stray_dog\stray_dog.dds race=171 file=d:\ymir work\monster\stray_dog\stray_dog.gr2 vid=441 part=0 category=2 position=44605,-82688,17654.2 vertices=682 deform_vertices=682 rigid_vertices=0
material group=0 stage=2 alpha_test=0 blend=0 rigid=0 mesh=0 cull=0 depth_write=1 texture=d:\ymir work\monster\stray_dog\stray_dog.dds race=171 file=d:\ymir work\monster\stray_dog\stray_dog.gr2 vid=109 part=0 category=2 position=40128,-83190,17453.9 vertices=682 deform_vertices=682 rigid_vertices=0
material group=0 stage=2 alpha_test=0 blend=0 rigid=0 mesh=0 cull=0 depth_write=1 texture=d:\ymir work\monster\stray_dog\stray_dog.dds race=171 file=d:\ymir work\monster\stray_dog\stray_dog.gr2 vid=441 part=0 category=2 position=44605,-82688,17654.2 vertices=682 deform_vertices=682 rigid_vertices=0
submitted: GPU-skinned actor part race=171 file=d:\ymir work\monster\stray_dog\stray_dog.gr2 vid=440 part=0 category=2 position=45074,-82995,17694 vertices=682 deform_vertices=682 rigid_vertices=0
material group=0 stage=0 alpha_test=0 blend=1 rigid=0 mesh=0 cull=0 depth_write=1 texture=d:\ymir work\monster\stray_dog\stray_dog.dds race=171 file=d:\ymir work\monster\stray_dog\stray_dog.gr2 vid=440 part=0 category=2 position=45074,-82995,17694 vertices=682 deform_vertices=682 rigid_vertices=0
material group=0 stage=2 alpha_test=0 blend=0 rigid=0 mesh=0 cull=0 depth_write=1 texture=d:\ymir work\monster\stray_dog\stray_dog.dds race=171 file=d:\ymir work\monster\stray_dog\stray_dog.gr2 vid=440 part=0 category=2 position=45074,-82995,17694 vertices=682 deform_vertices=682 rigid_vertices=0
material group=0 stage=0 alpha_test=0 blend=0 rigid=0 mesh=0 cull=0 depth_write=1 texture=d:\ymir work\monster\wolf\wolf.dds race=102 file=d:\ymir work\monster\wolf\wolf.gr2 vid=20071 part=0 category=2 position=45643,-80607,17564.1 vertices=762 deform_vertices=762 rigid_vertices=0
material group=1 stage=0 alpha_test=2 blend=0 rigid=0 mesh=0 cull=0 depth_write=1 texture=d:\ymir work\monster\wolf\wolf_teeth.dds race=102 file=d:\ymir work\monster\wolf\wolf.gr2 vid=20071 part=0 category=2 position=45643,-80607,17564.1 vertices=762 deform_vertices=762 rigid_vertices=0
material group=0 stage=0 alpha_test=0 blend=0 rigid=0 mesh=0 cull=0 depth_write=1 texture=d:\ymir work\monster\wolf\wolf.dds race=102 file=d:\ymir work\monster\wolf\wolf.gr2 vid=20070 part=0 category=2 position=45295,-80406,17563 vertices=762 deform_vertices=762 rigid_vertices=0
material group=1 stage=0 alpha_test=2 blend=0 rigid=0 mesh=0 cull=0 depth_write=1 texture=d:\ymir work\monster\wolf\wolf_teeth.dds race=102 file=d:\ymir work\monster\wolf\wolf.gr2 vid=20070 part=0 category=2 position=45295,-80406,17563 vertices=762 deform_vertices=762 rigid_vertices=0
material group=0 stage=0 alpha_test=0 blend=0 rigid=0 mesh=0 cull=0 depth_write=1 texture=d:\ymir work\monster\wolf\wolf.dds race=102 file=d:\ymir work\monster\wolf\wolf.gr2 vid=20069 part=0 category=2 position=45574,-81043,17563 vertices=762 deform_vertices=762 rigid_vertices=0
material group=1 stage=0 alpha_test=2 blend=0 rigid=0 mesh=0 cull=0 depth_write=1 texture=d:\ymir work\monster\wolf\wolf_teeth.dds race=102 file=d:\ymir work\monster\wolf\wolf.gr2 vid=20069 part=0 category=2 position=45574,-81043,17563 vertices=762 deform_vertices=762 rigid_vertices=0
submitted: GPU-skinned actor part race=171 file=d:\ymir work\monster\stray_dog\stray_dog.gr2 vid=483 part=0 category=2 position=41430,-80970,17563 vertices=682 deform_vertices=682 rigid_vertices=0
material group=0 stage=2 alpha_test=0 blend=0 rigid=0 mesh=0 cull=0 depth_write=1 texture=d:\ymir work\monster\stray_dog\stray_dog.dds race=171 file=d:\ymir work\monster\stray_dog\stray_dog.gr2 vid=483 part=0 category=2 position=41430,-80970,17563 vertices=682 deform_vertices=682 rigid_vertices=0
submitted: GPU-skinned actor part race=171 file=d:\ymir work\monster\stray_dog\stray_dog.gr2 vid=482 part=0 category=2 position=40863,-81453,17563 vertices=682 deform_vertices=682 rigid_vertices=0
material group=0 stage=2 alpha_test=0 blend=0 rigid=0 mesh=0 cull=0 depth_write=1 texture=d:\ymir work\monster\stray_dog\stray_dog.dds race=171 file=d:\ymir work\monster\stray_dog\stray_dog.gr2 vid=482 part=0 category=2 position=40863,-81453,17563 vertices=682 deform_vertices=682 rigid_vertices=0
submitted: GPU-skinned actor part race=172 file=d:\ymir work\monster\wolf\wolf.gr2 vid=20100 part=0 category=2 position=49598,-82077,18169.9 vertices=762 deform_vertices=762 rigid_vertices=0
material group=0 stage=0 alpha_test=0 blend=1 rigid=0 mesh=0 cull=0 depth_write=1 texture=d:\ymir work\monster\wolf\wolf.dds race=172 file=d:\ymir work\monster\wolf\wolf.gr2 vid=20100 part=0 category=2 position=49598,-82077,18169.9 vertices=762 deform_vertices=762 rigid_vertices=0
material group=1 stage=0 alpha_test=0 blend=1 rigid=0 mesh=0 cull=0 depth_write=1 texture=d:\ymir work\monster\wolf\wolf_teeth.dds race=172 file=d:\ymir work\monster\wolf\wolf.gr2 vid=20100 part=0 category=2 position=49598,-82077,18169.9 vertices=762 deform_vertices=762 rigid_vertices=0
submitted: GPU-skinned actor part race=171 file=d:\ymir work\monster\stray_dog\stray_dog.gr2 vid=484 part=0 category=2 position=40419,-81186,17517.1 vertices=682 deform_vertices=682 rigid_vertices=0
material group=0 stage=2 alpha_test=0 blend=0 rigid=0 mesh=0 cull=0 depth_write=1 texture=d:\ymir work\monster\stray_dog\stray_dog.dds race=171 file=d:\ymir work\monster\stray_dog\stray_dog.gr2 vid=484 part=0 category=2 position=40419,-81186,17517.1 vertices=682 deform_vertices=682 rigid_vertices=0
submitted: GPU-skinned actor part race=171 file=d:\ymir work\monster\stray_dog\stray_dog.gr2 vid=108 part=0 category=2 position=39715,-82669,17384.3 vertices=682 deform_vertices=682 rigid_vertices=0
material group=0 stage=0 alpha_test=0 blend=1 rigid=0 mesh=0 cull=0 depth_write=1 texture=d:\ymir work\monster\stray_dog\stray_dog.dds race=171 file=d:\ymir work\monster\stray_dog\stray_dog.gr2 vid=108 part=0 category=2 position=39715,-82669,17384.3 vertices=682 deform_vertices=682 rigid_vertices=0
submitted: GPU-skinned actor part race=171 file=d:\ymir work\monster\stray_dog\stray_dog.gr2 vid=107 part=0 category=2 position=39718,-82888,17361.8 vertices=682 deform_vertices=682 rigid_vertices=0
material group=0 stage=0 alpha_test=0 blend=1 rigid=0 mesh=0 cull=0 depth_write=1 texture=d:\ymir work\monster\stray_dog\stray_dog.dds race=171 file=d:\ymir work\monster\stray_dog\stray_dog.gr2 vid=107 part=0 category=2 position=39718,-82888,17361.8 vertices=682 deform_vertices=682 rigid_vertices=0
submitted: GPU-skinned actor part race=172 file=d:\ymir work\monster\wolf\wolf.gr2 vid=20101 part=0 category=2 position=50186,-82429,18286.6 vertices=762 deform_vertices=762 rigid_vertices=0
material group=0 stage=0 alpha_test=0 blend=1 rigid=0 mesh=0 cull=0 depth_write=1 texture=d:\ymir work\monster\wolf\wolf.dds race=172 file=d:\ymir work\monster\wolf\wolf.gr2 vid=20101 part=0 category=2 position=50186,-82429,18286.6 vertices=762 deform_vertices=762 rigid_vertices=0
material group=1 stage=0 alpha_test=0 blend=1 rigid=0 mesh=0 cull=0 depth_write=1 texture=d:\ymir work\monster\wolf\wolf_teeth.dds race=172 file=d:\ymir work\monster\wolf\wolf.gr2 vid=20101 part=0 category=2 position=50186,-82429,18286.6 vertices=762 deform_vertices=762 rigid_vertices=0
submitted: GPU-skinned actor part race=172 file=d:\ymir work\monster\wolf\wolf.gr2 vid=20099 part=0 category=2 position=50276,-82463,18310.1 vertices=762 deform_vertices=762 rigid_vertices=0
material group=0 stage=0 alpha_test=0 blend=1 rigid=0 mesh=0 cull=0 depth_write=1 texture=d:\ymir work\monster\wolf\wolf.dds race=172 file=d:\ymir work\monster\wolf\wolf.gr2 vid=20099 part=0 category=2 position=50276,-82463,18310.1 vertices=762 deform_vertices=762 rigid_vertices=0
material group=1 stage=0 alpha_test=0 blend=1 rigid=0 mesh=0 cull=0 depth_write=1 texture=d:\ymir work\monster\wolf\wolf_teeth.dds race=172 file=d:\ymir work\monster\wolf\wolf.gr2 vid=20099 part=0 category=2 position=50276,-82463,18310.1 vertices=762 deform_vertices=762 rigid_vertices=0
material group=0 stage=2 alpha_test=0 blend=0 rigid=0 mesh=0 cull=0 depth_write=1 texture=d:\ymir work\monster\stray_dog\stray_dog.dds race=171 file=d:\ymir work\monster\stray_dog\stray_dog.gr2 vid=108 part=0 category=2 position=39715,-82669,17384.3 vertices=682 deform_vertices=682 rigid_vertices=0
submitted: GPU-skinned actor part race=171 file=d:\ymir work\monster\stray_dog\stray_dog.gr2 vid=109 part=0 category=2 position=40128,-83190,17453.9 vertices=682 deform_vertices=682 rigid_vertices=0
material group=0 stage=0 alpha_test=0 blend=1 rigid=0 mesh=0 cull=0 depth_write=1 texture=d:\ymir work\monster\stray_dog\stray_dog.dds race=171 file=d:\ymir work\monster\stray_dog\stray_dog.gr2 vid=109 part=0 category=2 position=40128,-83190,17453.9 vertices=682 deform_vertices=682 rigid_vertices=0
submitted: GPU-skinned actor part race=20006 file=d:\ymir work\npc\girl_lost_elder_brother\girl_lost_elder_brother.gr2 vid=2860 part=0 category=1 position=33588,-77097,18003.5 vertices=1228 deform_vertices=1228 rigid_vertices=0
material group=0 stage=0 alpha_test=0 blend=0 rigid=0 mesh=0 cull=0 depth_write=1 texture=d:\ymir work\npc\girl_lost_elder_brother\girl_lost_elder_brother.dds race=20006 file=d:\ymir work\npc\girl_lost_elder_brother\girl_lost_elder_brother.gr2 vid=2860 part=0 category=1 position=33588,-77097,18003.5 vertices=1228 deform_vertices=1228 rigid_vertices=0
submitted: GPU-skinned actor part race=20030 file=d:\ymir work\npc\pony\pony.gr2 vid=2867 part=0 category=1 position=38471,-73807,17765 vertices=1393 deform_vertices=1393 rigid_vertices=0
material group=0 stage=0 alpha_test=0 blend=0 rigid=0 mesh=0 cull=0 depth_write=1 texture=d:\ymir work\npc\pony\horse_normal01.dds race=20030 file=d:\ymir work\npc\pony\pony.gr2 vid=2867 part=0 category=1 position=38471,-73807,17765 vertices=1393 deform_vertices=1393 rigid_vertices=0
submitted: GPU-skinned actor part race=20029 file=d:\ymir work\npc\pony\pony.gr2 vid=2865 part=0 category=1 position=38292,-73819,17765 vertices=1393 deform_vertices=1393 rigid_vertices=0
material group=0 stage=0 alpha_test=0 blend=0 rigid=0 mesh=0 cull=0 depth_write=1 texture=d:\ymir work\npc\pony\horse_normal01.dds race=20029 file=d:\ymir work\npc\pony\pony.gr2 vid=2865 part=0 category=1 position=38292,-73819,17765 vertices=1393 deform_vertices=1393 rigid_vertices=0
submitted: GPU-skinned actor part race=20029 file=d:\ymir work\npc\pony\pony.gr2 vid=2864 part=0 category=1 position=38466,-73572,17765 vertices=1393 deform_vertices=1393 rigid_vertices=0
material group=0 stage=0 alpha_test=0 blend=0 rigid=0 mesh=0 cull=0 depth_write=1 texture=d:\ymir work\npc\pony\horse_normal01.dds race=20029 file=d:\ymir work\npc\pony\pony.gr2 vid=2864 part=0 category=1 position=38466,-73572,17765 vertices=1393 deform_vertices=1393 rigid_vertices=0
material group=0 stage=2 alpha_test=0 blend=0 rigid=0 mesh=0 cull=0 depth_write=1 texture=d:\ymir work\monster\wolf\wolf.dds race=172 file=d:\ymir work\monster\wolf\wolf.gr2 vid=20101 part=0 category=2 position=50186,-82429,18286.6 vertices=762 deform_vertices=762 rigid_vertices=0
material group=1 stage=2 alpha_test=0 blend=0 rigid=0 mesh=0 cull=0 depth_write=1 texture=d:\ymir work\monster\wolf\wolf_teeth.dds race=172 file=d:\ymir work\monster\wolf\wolf.gr2 vid=20101 part=0 category=2 position=50186,-82429,18286.6 vertices=762 deform_vertices=762 rigid_vertices=0
material group=0 stage=2 alpha_test=0 blend=0 rigid=0 mesh=0 cull=0 depth_write=1 texture=d:\ymir work\monster\wolf\wolf.dds race=172 file=d:\ymir work\monster\wolf\wolf.gr2 vid=20099 part=0 category=2 position=50276,-82463,18310.1 vertices=762 deform_vertices=762 rigid_vertices=0
material group=1 stage=2 alpha_test=0 blend=0 rigid=0 mesh=0 cull=0 depth_write=1 texture=d:\ymir work\monster\wolf\wolf_teeth.dds race=172 file=d:\ymir work\monster\wolf\wolf.gr2 vid=20099 part=0 category=2 position=50276,-82463,18310.1 vertices=762 deform_vertices=762 rigid_vertices=0
submitted: GPU-skinned actor part race=0 file=d:\ymir work\pc\warrior\warrior_4-1.gr2 vid=24602 part=0 category=0 position=65300,-142400,16403 vertices=2582 deform_vertices=2582 rigid_vertices=0
material group=1 stage=0 alpha_test=0 blend=1 rigid=0 mesh=7 cull=0 depth_write=1 texture=d:\ymir work\pc\warrior\warrior_4-2.dds race=0 file=d:\ymir work\pc\warrior\warrior_4-1.gr2 vid=24602 part=0 category=0 position=65300,-142400,16403 vertices=2582 deform_vertices=2582 rigid_vertices=0
material group=1 stage=0 alpha_test=0 blend=1 rigid=0 mesh=6 cull=0 depth_write=1 texture=d:\ymir work\pc\warrior\warrior_4-2.dds race=0 file=d:\ymir work\pc\warrior\warrior_4-1.gr2 vid=24602 part=0 category=0 position=65300,-142400,16403 vertices=2582 deform_vertices=2582 rigid_vertices=0
material group=1 stage=0 alpha_test=0 blend=1 rigid=0 mesh=5 cull=0 depth_write=1 texture=d:\ymir work\pc\warrior\warrior_4-2.dds race=0 file=d:\ymir work\pc\warrior\warrior_4-1.gr2 vid=24602 part=0 category=0 position=65300,-142400,16403 vertices=2582 deform_vertices=2582 rigid_vertices=0
material group=1 stage=0 alpha_test=0 blend=1 rigid=0 mesh=4 cull=0 depth_write=1 texture=d:\ymir work\pc\warrior\warrior_4-2.dds race=0 file=d:\ymir work\pc\warrior\warrior_4-1.gr2 vid=24602 part=0 category=0 position=65300,-142400,16403 vertices=2582 deform_vertices=2582 rigid_vertices=0
material group=1 stage=0 alpha_test=0 blend=1 rigid=0 mesh=3 cull=0 depth_write=1 texture=d:\ymir work\pc\warrior\warrior_4-2.dds race=0 file=d:\ymir work\pc\warrior\warrior_4-1.gr2 vid=24602 part=0 category=0 position=65300,-142400,16403 vertices=2582 deform_vertices=2582 rigid_vertices=0
material group=1 stage=0 alpha_test=0 blend=1 rigid=0 mesh=2 cull=0 depth_write=1 texture=d:\ymir work\pc\warrior\warrior_4-2.dds race=0 file=d:\ymir work\pc\warrior\warrior_4-1.gr2 vid=24602 part=0 category=0 position=65300,-142400,16403 vertices=2582 deform_vertices=2582 rigid_vertices=0
material group=1 stage=0 alpha_test=0 blend=1 rigid=0 mesh=1 cull=0 depth_write=1 texture=d:\ymir work\pc\warrior\warrior_4-2.dds race=0 file=d:\ymir work\pc\warrior\warrior_4-1.gr2 vid=24602 part=0 category=0 position=65300,-142400,16403 vertices=2582 deform_vertices=2582 rigid_vertices=0
material group=0 stage=0 alpha_test=0 blend=1 rigid=0 mesh=0 cull=0 depth_write=1 texture=d:\ymir work\pc\warrior\warrior_face.dds race=0 file=d:\ymir work\pc\warrior\warrior_4-1.gr2 vid=24602 part=0 category=0 position=65300,-142400,16403 vertices=2582 deform_vertices=2582 rigid_vertices=0
submitted: rigid attachment race=0 file=d:\ymir work\pc\warrior\warrior_4-1.gr2 vid=24602 part=1 category=0 position=65300,-142400,16403 vertices=625 deform_vertices=0 rigid_vertices=625
material group=0 stage=0 alpha_test=0 blend=1 rigid=1 mesh=0 cull=0 depth_write=1 texture=d:\ymir work\item\weapon\weapon_choegogeup01_01.dds race=0 file=d:\ymir work\pc\warrior\warrior_4-1.gr2 vid=24602 part=1 category=0 position=65300,-142400,16403 vertices=625 deform_vertices=0 rigid_vertices=625
submitted: GPU-skinned actor part race=0 file=d:\ymir work\pc\warrior\warrior_4-1.gr2 vid=24602 part=4 category=0 position=65300,-142400,16403 vertices=427 deform_vertices=427 rigid_vertices=0
material group=0 stage=0 alpha_test=0 blend=1 rigid=0 mesh=0 cull=0 depth_write=1 texture=d:\ymir work\pc\warrior\warrior_hair_01.dds race=0 file=d:\ymir work\pc\warrior\warrior_4-1.gr2 vid=24602 part=4 category=0 position=65300,-142400,16403 vertices=427 deform_vertices=427 rigid_vertices=0
submitted: GPU-skinned actor part race=631 file=d:\ymir work\monster\orc_soldier\orc_soldier.gr2 vid=20608 part=0 category=2 position=69616.3,-135673,16599.2 vertices=1627 deform_vertices=1450 rigid_vertices=177
material group=1 stage=0 alpha_test=0 blend=1 rigid=0 mesh=1 cull=0 depth_write=1 texture=d:\ymir work\monster\orc_soldier\orc_soldier.dds race=631 file=d:\ymir work\monster\orc_soldier\orc_soldier.gr2 vid=20608 part=0 category=2 position=69616.3,-135673,16599.2 vertices=1627 deform_vertices=1450 rigid_vertices=177
material group=0 stage=0 alpha_test=0 blend=1 rigid=1 mesh=0 cull=0 depth_write=1 texture=d:\ymir work\monster\orc_soldier\orc_soldier_ax.dds race=631 file=d:\ymir work\monster\orc_soldier\orc_soldier.gr2 vid=20608 part=0 category=2 position=69616.3,-135673,16599.2 vertices=1627 deform_vertices=1450 rigid_vertices=177
submitted: GPU-skinned actor part race=631 file=d:\ymir work\monster\orc_soldier\orc_soldier.gr2 vid=20607 part=0 category=2 position=69417,-135253,16774.3 vertices=1627 deform_vertices=1450 rigid_vertices=177
material group=1 stage=0 alpha_test=0 blend=1 rigid=0 mesh=1 cull=0 depth_write=1 texture=d:\ymir work\monster\orc_soldier\orc_soldier.dds race=631 file=d:\ymir work\monster\orc_soldier\orc_soldier.gr2 vid=20607 part=0 category=2 position=69417,-135253,16774.3 vertices=1627 deform_vertices=1450 rigid_vertices=177
material group=0 stage=0 alpha_test=0 blend=1 rigid=1 mesh=0 cull=0 depth_write=1 texture=d:\ymir work\monster\orc_soldier\orc_soldier_ax.dds race=631 file=d:\ymir work\monster\orc_soldier\orc_soldier.gr2 vid=20607 part=0 category=2 position=69417,-135253,16774.3 vertices=1627 deform_vertices=1450 rigid_vertices=177
submitted: GPU-skinned actor part race=2103 file=d:\ymir work\monster2\giant_scorpion\giant_scorpion.gr2 vid=20610 part=0 category=2 position=69442,-135262,16758.1 vertices=1930 deform_vertices=1930 rigid_vertices=0
material group=0 stage=0 alpha_test=0 blend=1 rigid=0 mesh=0 cull=0 depth_write=1 texture=d:\ymir work\monster2\giant_scorpion\giant_scorpion.dds race=2103 file=d:\ymir work\monster2\giant_scorpion\giant_scorpion.gr2 vid=20610 part=0 category=2 position=69442,-135262,16758.1 vertices=1930 deform_vertices=1930 rigid_vertices=0
submitted: GPU-skinned actor part race=2103 file=d:\ymir work\monster2\giant_scorpion\giant_scorpion.gr2 vid=20609 part=0 category=2 position=69546,-135308,16694.4 vertices=1930 deform_vertices=1930 rigid_vertices=0
material group=0 stage=0 alpha_test=0 blend=1 rigid=0 mesh=0 cull=0 depth_write=1 texture=d:\ymir work\monster2\giant_scorpion\giant_scorpion.dds race=2103 file=d:\ymir work\monster2\giant_scorpion\giant_scorpion.gr2 vid=20609 part=0 category=2 position=69546,-135308,16694.4 vertices=1930 deform_vertices=1930 rigid_vertices=0
material group=1 stage=0 alpha_test=0 blend=0 rigid=0 mesh=1 cull=0 depth_write=1 texture=d:\ymir work\monster\orc_soldier\orc_soldier.dds race=631 file=d:\ymir work\monster\orc_soldier\orc_soldier.gr2 vid=20608 part=0 category=2 position=69527.1,-135745,16637.4 vertices=1627 deform_vertices=1450 rigid_vertices=177
material group=0 stage=0 alpha_test=0 blend=0 rigid=1 mesh=0 cull=0 depth_write=1 texture=d:\ymir work\monster\orc_soldier\orc_soldier_ax.dds race=631 file=d:\ymir work\monster\orc_soldier\orc_soldier.gr2 vid=20608 part=0 category=2 position=69527.1,-135745,16637.4 vertices=1627 deform_vertices=1450 rigid_vertices=177
material group=1 stage=0 alpha_test=0 blend=0 rigid=0 mesh=1 cull=0 depth_write=1 texture=d:\ymir work\monster\orc_soldier\orc_soldier.dds race=631 file=d:\ymir work\monster\orc_soldier\orc_soldier.gr2 vid=20607 part=0 category=2 position=69417,-135253,16774.3 vertices=1627 deform_vertices=1450 rigid_vertices=177
material group=0 stage=0 alpha_test=0 blend=0 rigid=1 mesh=0 cull=0 depth_write=1 texture=d:\ymir work\monster\orc_soldier\orc_soldier_ax.dds race=631 file=d:\ymir work\monster\orc_soldier\orc_soldier.gr2 vid=20607 part=0 category=2 position=69417,-135253,16774.3 vertices=1627 deform_vertices=1450 rigid_vertices=177
material group=0 stage=0 alpha_test=0 blend=0 rigid=0 mesh=0 cull=0 depth_write=1 texture=d:\ymir work\monster2\giant_scorpion\giant_scorpion.dds race=2103 file=d:\ymir work\monster2\giant_scorpion\giant_scorpion.gr2 vid=20610 part=0 category=2 position=69442,-135262,16758.1 vertices=1930 deform_vertices=1930 rigid_vertices=0
material group=0 stage=0 alpha_test=0 blend=0 rigid=0 mesh=0 cull=0 depth_write=1 texture=d:\ymir work\monster2\giant_scorpion\giant_scorpion.dds race=2103 file=d:\ymir work\monster2\giant_scorpion\giant_scorpion.gr2 vid=20609 part=0 category=2 position=69546,-135308,16694.4 vertices=1930 deform_vertices=1930 rigid_vertices=0
submitted: GPU-skinned actor part race=20114 file=d:\ymir work\npc\lion_white\lion_white.gr2 vid=0 part=0 category=3 position=65255,-142269,16403 vertices=4453 deform_vertices=4453 rigid_vertices=0
material group=0 stage=0 alpha_test=0 blend=1 rigid=0 mesh=0 cull=0 depth_write=1 texture=d:\ymir work\npc\lion_white\lion_white.dds race=20114 file=d:\ymir work\npc\lion_white\lion_white.gr2 vid=0 part=0 category=3 position=65255,-142269,16403 vertices=4453 deform_vertices=4453 rigid_vertices=0
submitted: GPU-skinned actor part race=0 file=d:\ymir work\pc\warrior\warrior_4-1.gr2 vid=24602 part=0 category=4 position=65255,-142269,16403 vertices=761 deform_vertices=761 rigid_vertices=0
material group=1 stage=0 alpha_test=0 blend=1 rigid=0 mesh=7 cull=0 depth_write=1 texture=d:\ymir work\pc\warrior\warrior_4-2.dds race=0 file=d:\ymir work\pc\warrior\warrior_4-1.gr2 vid=24602 part=0 category=4 position=65255,-142269,16403 vertices=761 deform_vertices=761 rigid_vertices=0
material group=1 stage=0 alpha_test=0 blend=1 rigid=0 mesh=6 cull=0 depth_write=1 texture=d:\ymir work\pc\warrior\warrior_4-2.dds race=0 file=d:\ymir work\pc\warrior\warrior_4-1.gr2 vid=24602 part=0 category=4 position=65255,-142269,16403 vertices=761 deform_vertices=761 rigid_vertices=0
material group=1 stage=0 alpha_test=0 blend=1 rigid=0 mesh=5 cull=0 depth_write=1 texture=d:\ymir work\pc\warrior\warrior_4-2.dds race=0 file=d:\ymir work\pc\warrior\warrior_4-1.gr2 vid=24602 part=0 category=4 position=65255,-142269,16403 vertices=761 deform_vertices=761 rigid_vertices=0
material group=1 stage=0 alpha_test=0 blend=1 rigid=0 mesh=4 cull=0 depth_write=1 texture=d:\ymir work\pc\warrior\warrior_4-2.dds race=0 file=d:\ymir work\pc\warrior\warrior_4-1.gr2 vid=24602 part=0 category=4 position=65255,-142269,16403 vertices=761 deform_vertices=761 rigid_vertices=0
material group=1 stage=0 alpha_test=0 blend=1 rigid=0 mesh=3 cull=0 depth_write=1 texture=d:\ymir work\pc\warrior\warrior_4-2.dds race=0 file=d:\ymir work\pc\warrior\warrior_4-1.gr2 vid=24602 part=0 category=4 position=65255,-142269,16403 vertices=761 deform_vertices=761 rigid_vertices=0
material group=1 stage=0 alpha_test=0 blend=1 rigid=0 mesh=2 cull=0 depth_write=1 texture=d:\ymir work\pc\warrior\warrior_4-2.dds race=0 file=d:\ymir work\pc\warrior\warrior_4-1.gr2 vid=24602 part=0 category=4 position=65255,-142269,16403 vertices=761 deform_vertices=761 rigid_vertices=0
material group=1 stage=0 alpha_test=0 blend=1 rigid=0 mesh=1 cull=0 depth_write=1 texture=d:\ymir work\pc\warrior\warrior_4-2.dds race=0 file=d:\ymir work\pc\warrior\warrior_4-1.gr2 vid=24602 part=0 category=4 position=65255,-142269,16403 vertices=761 deform_vertices=761 rigid_vertices=0
material group=0 stage=0 alpha_test=0 blend=1 rigid=0 mesh=0 cull=0 depth_write=1 texture=d:\ymir work\pc\warrior\warrior_face.dds race=0 file=d:\ymir work\pc\warrior\warrior_4-1.gr2 vid=24602 part=0 category=4 position=65255,-142269,16403 vertices=761 deform_vertices=761 rigid_vertices=0
submitted: rigid attachment race=0 file=d:\ymir work\pc\warrior\warrior_4-1.gr2 vid=24602 part=1 category=4 position=65255,-142269,16403 vertices=625 deform_vertices=0 rigid_vertices=625
material group=0 stage=0 alpha_test=0 blend=1 rigid=1 mesh=0 cull=0 depth_write=1 texture=d:\ymir work\item\weapon\weapon_choegogeup01_01.dds race=0 file=d:\ymir work\pc\warrior\warrior_4-1.gr2 vid=24602 part=1 category=4 position=65255,-142269,16403 vertices=625 deform_vertices=0 rigid_vertices=625
submitted: GPU-skinned actor part race=0 file=d:\ymir work\pc\warrior\warrior_4-1.gr2 vid=24602 part=4 category=4 position=65255,-142269,16403 vertices=427 deform_vertices=427 rigid_vertices=0
material group=0 stage=0 alpha_test=0 blend=1 rigid=0 mesh=0 cull=0 depth_write=1 texture=d:\ymir work\pc\warrior\warrior_hair_01.dds race=0 file=d:\ymir work\pc\warrior\warrior_4-1.gr2 vid=24602 part=4 category=4 position=65255,-142269,16403 vertices=427 deform_vertices=427 rigid_vertices=0
submitted: GPU-skinned actor part race=0 file=d:\ymir work\pc\warrior\warrior_4-1.gr2 vid=24602 part=0 category=4 position=65255,-142269,16403 vertices=2582 deform_vertices=2582 rigid_vertices=0
material group=1 stage=0 alpha_test=0 blend=1 rigid=0 mesh=7 cull=0 depth_write=1 texture=d:\ymir work\pc\warrior\warrior_4-2.dds race=0 file=d:\ymir work\pc\warrior\warrior_4-1.gr2 vid=24602 part=0 category=4 position=65255,-142269,16403 vertices=2582 deform_vertices=2582 rigid_vertices=0
material group=1 stage=0 alpha_test=0 blend=1 rigid=0 mesh=6 cull=0 depth_write=1 texture=d:\ymir work\pc\warrior\warrior_4-2.dds race=0 file=d:\ymir work\pc\warrior\warrior_4-1.gr2 vid=24602 part=0 category=4 position=65255,-142269,16403 vertices=2582 deform_vertices=2582 rigid_vertices=0
material group=1 stage=0 alpha_test=0 blend=1 rigid=0 mesh=5 cull=0 depth_write=1 texture=d:\ymir work\pc\warrior\warrior_4-2.dds race=0 file=d:\ymir work\pc\warrior\warrior_4-1.gr2 vid=24602 part=0 category=4 position=65255,-142269,16403 vertices=2582 deform_vertices=2582 rigid_vertices=0
material group=1 stage=0 alpha_test=0 blend=1 rigid=0 mesh=4 cull=0 depth_write=1 texture=d:\ymir work\pc\warrior\warrior_4-2.dds race=0 file=d:\ymir work\pc\warrior\warrior_4-1.gr2 vid=24602 part=0 category=4 position=65255,-142269,16403 vertices=2582 deform_vertices=2582 rigid_vertices=0
material group=1 stage=0 alpha_test=0 blend=1 rigid=0 mesh=3 cull=0 depth_write=1 texture=d:\ymir work\pc\warrior\warrior_4-2.dds race=0 file=d:\ymir work\pc\warrior\warrior_4-1.gr2 vid=24602 part=0 category=4 position=65255,-142269,16403 vertices=2582 deform_vertices=2582 rigid_vertices=0
material group=1 stage=0 alpha_test=0 blend=1 rigid=0 mesh=2 cull=0 depth_write=1 texture=d:\ymir work\pc\warrior\warrior_4-2.dds race=0 file=d:\ymir work\pc\warrior\warrior_4-1.gr2 vid=24602 part=0 category=4 position=65255,-142269,16403 vertices=2582 deform_vertices=2582 rigid_vertices=0
material group=1 stage=0 alpha_test=0 blend=1 rigid=0 mesh=1 cull=0 depth_write=1 texture=d:\ymir work\pc\warrior\warrior_4-2.dds race=0 file=d:\ymir work\pc\warrior\warrior_4-1.gr2 vid=24602 part=0 category=4 position=65255,-142269,16403 vertices=2582 deform_vertices=2582 rigid_vertices=0
material group=0 stage=0 alpha_test=0 blend=1 rigid=0 mesh=0 cull=0 depth_write=1 texture=d:\ymir work\pc\warrior\warrior_face.dds race=0 file=d:\ymir work\pc\warrior\warrior_4-1.gr2 vid=24602 part=0 category=4 position=65255,-142269,16403 vertices=2582 deform_vertices=2582 rigid_vertices=0
material group=0 stage=0 alpha_test=0 blend=0 rigid=0 mesh=0 cull=0 depth_write=1 texture=d:\ymir work\npc\lion_white\lion_white.dds race=20114 file=d:\ymir work\npc\lion_white\lion_white.gr2 vid=0 part=0 category=3 position=65225.6,-141749,16402.9 vertices=4453 deform_vertices=4453 rigid_vertices=0
submitted: GPU-skinned actor part race=533 file=d:\ymir work\monster\barbarian_bow\barbarian_bow.gr2 vid=9546 part=0 category=2 position=67459,-139986,16353 vertices=1281 deform_vertices=1152 rigid_vertices=129
material group=0 stage=0 alpha_test=0 blend=0 rigid=0 mesh=0 cull=0 depth_write=1 texture=d:\ymir work\monster\barbarian_bow\barbarian_bow.dds race=533 file=d:\ymir work\monster\barbarian_bow\barbarian_bow.gr2 vid=9546 part=0 category=2 position=67459,-139986,16353 vertices=1281 deform_vertices=1152 rigid_vertices=129
material group=0 stage=0 alpha_test=0 blend=0 rigid=1 mesh=1 cull=0 depth_write=1 texture=d:\ymir work\monster\barbarian_bow\barbarian_bow.dds race=533 file=d:\ymir work\monster\barbarian_bow\barbarian_bow.gr2 vid=9546 part=0 category=2 position=67459,-139986,16353 vertices=1281 deform_vertices=1152 rigid_vertices=129
submitted: GPU-skinned actor part race=2103 file=d:\ymir work\monster2\giant_scorpion\giant_scorpion.gr2 vid=20384 part=0 category=2 position=72668,-139656,16551.9 vertices=1930 deform_vertices=1930 rigid_vertices=0
material group=0 stage=0 alpha_test=0 blend=0 rigid=0 mesh=0 cull=0 depth_write=1 texture=d:\ymir work\monster2\giant_scorpion\giant_scorpion.dds race=2103 file=d:\ymir work\monster2\giant_scorpion\giant_scorpion.gr2 vid=20384 part=0 category=2 position=72668,-139656,16551.9 vertices=1930 deform_vertices=1930 rigid_vertices=0
submitted: GPU-skinned actor part race=631 file=d:\ymir work\monster\orc_soldier\orc_soldier.gr2 vid=20381 part=0 category=2 position=72966,-139571,16532.1 vertices=1627 deform_vertices=1450 rigid_vertices=177
material group=1 stage=0 alpha_test=0 blend=0 rigid=0 mesh=1 cull=0 depth_write=1 texture=d:\ymir work\monster\orc_soldier\orc_soldier.dds race=631 file=d:\ymir work\monster\orc_soldier\orc_soldier.gr2 vid=20381 part=0 category=2 position=72966,-139571,16532.1 vertices=1627 deform_vertices=1450 rigid_vertices=177
material group=0 stage=0 alpha_test=0 blend=0 rigid=1 mesh=0 cull=0 depth_write=1 texture=d:\ymir work\monster\orc_soldier\orc_soldier_ax.dds race=631 file=d:\ymir work\monster\orc_soldier\orc_soldier.gr2 vid=20381 part=0 category=2 position=72966,-139571,16532.1 vertices=1627 deform_vertices=1450 rigid_vertices=177
submitted: GPU-skinned actor part race=2103 file=d:\ymir work\monster2\giant_scorpion\giant_scorpion.gr2 vid=20383 part=0 category=2 position=73350,-139473,16531.2 vertices=1930 deform_vertices=1930 rigid_vertices=0
material group=0 stage=0 alpha_test=0 blend=0 rigid=0 mesh=0 cull=0 depth_write=1 texture=d:\ymir work\monster2\giant_scorpion\giant_scorpion.dds race=2103 file=d:\ymir work\monster2\giant_scorpion\giant_scorpion.gr2 vid=20383 part=0 category=2 position=73350,-139473,16531.2 vertices=1930 deform_vertices=1930 rigid_vertices=0
submitted: GPU-skinned actor part race=631 file=d:\ymir work\monster\orc_soldier\orc_soldier.gr2 vid=20382 part=0 category=2 position=73373,-139113,16510.9 vertices=1627 deform_vertices=1450 rigid_vertices=177
material group=1 stage=0 alpha_test=0 blend=0 rigid=0 mesh=1 cull=0 depth_write=1 texture=d:\ymir work\monster\orc_soldier\orc_soldier.dds race=631 file=d:\ymir work\monster\orc_soldier\orc_soldier.gr2 vid=20382 part=0 category=2 position=73373,-139113,16510.9 vertices=1627 deform_vertices=1450 rigid_vertices=177
material group=0 stage=0 alpha_test=0 blend=0 rigid=1 mesh=0 cull=0 depth_write=1 texture=d:\ymir work\monster\orc_soldier\orc_soldier_ax.dds race=631 file=d:\ymir work\monster\orc_soldier\orc_soldier.gr2 vid=20382 part=0 category=2 position=73373,-139113,16510.9 vertices=1627 deform_vertices=1450 rigid_vertices=177
submitted: GPU-skinned actor part race=651 file=d:\ymir work\monster\orc_soldier\orc_soldier.gr2 vid=20389 part=0 category=2 position=73443,-138923,16509.5 vertices=1627 deform_vertices=1450 rigid_vertices=177
material group=1 stage=2 alpha_test=0 blend=0 rigid=0 mesh=1 cull=0 depth_write=1 texture=d:\ymir work\monster\orc_soldier\orc_soldier.dds race=651 file=d:\ymir work\monster\orc_soldier\orc_soldier.gr2 vid=20389 part=0 category=2 position=73443,-138923,16509.5 vertices=1627 deform_vertices=1450 rigid_vertices=177
material group=0 stage=2 alpha_test=0 blend=0 rigid=1 mesh=0 cull=0 depth_write=1 texture=d:\ymir work\monster\orc_soldier\orc_soldier_ax.dds race=651 file=d:\ymir work\monster\orc_soldier\orc_soldier.gr2 vid=20389 part=0 category=2 position=73443,-138923,16509.5 vertices=1627 deform_vertices=1450 rigid_vertices=177
submitted: GPU-skinned actor part race=651 file=d:\ymir work\monster\orc_soldier\orc_soldier.gr2 vid=20388 part=0 category=2 position=73618,-138677,16511.2 vertices=1627 deform_vertices=1450 rigid_vertices=177
material group=1 stage=2 alpha_test=0 blend=0 rigid=0 mesh=1 cull=0 depth_write=1 texture=d:\ymir work\monster\orc_soldier\orc_soldier.dds race=651 file=d:\ymir work\monster\orc_soldier\orc_soldier.gr2 vid=20388 part=0 category=2 position=73618,-138677,16511.2 vertices=1627 deform_vertices=1450 rigid_vertices=177
material group=0 stage=2 alpha_test=0 blend=0 rigid=1 mesh=0 cull=0 depth_write=1 texture=d:\ymir work\monster\orc_soldier\orc_soldier_ax.dds race=651 file=d:\ymir work\monster\orc_soldier\orc_soldier.gr2 vid=20388 part=0 category=2 position=73618,-138677,16511.2 vertices=1627 deform_vertices=1450 rigid_vertices=177
submitted: GPU-skinned actor part race=651 file=d:\ymir work\monster\orc_soldier\orc_soldier.gr2 vid=20394 part=0 category=2 position=72752,-136498,16490.7 vertices=1627 deform_vertices=1450 rigid_vertices=177
material group=1 stage=2 alpha_test=0 blend=0 rigid=0 mesh=1 cull=0 depth_write=1 texture=d:\ymir work\monster\orc_soldier\orc_soldier.dds race=651 file=d:\ymir work\monster\orc_soldier\orc_soldier.gr2 vid=20394 part=0 category=2 position=72752,-136498,16490.7 vertices=1627 deform_vertices=1450 rigid_vertices=177
material group=0 stage=2 alpha_test=0 blend=0 rigid=1 mesh=0 cull=0 depth_write=1 texture=d:\ymir work\monster\orc_soldier\orc_soldier_ax.dds race=651 file=d:\ymir work\monster\orc_soldier\orc_soldier.gr2 vid=20394 part=0 category=2 position=72752,-136498,16490.7 vertices=1627 deform_vertices=1450 rigid_vertices=177
submitted: GPU-skinned actor part race=651 file=d:\ymir work\monster\orc_soldier\orc_soldier.gr2 vid=20387 part=0 category=2 position=73921,-138720,16524.1 vertices=1627 deform_vertices=1450 rigid_vertices=177
material group=1 stage=2 alpha_test=0 blend=0 rigid=0 mesh=1 cull=0 depth_write=1 texture=d:\ymir work\monster\orc_soldier\orc_soldier.dds race=651 file=d:\ymir work\monster\orc_soldier\orc_soldier.gr2 vid=20387 part=0 category=2 position=73921,-138720,16524.1 vertices=1627 deform_vertices=1450 rigid_vertices=177
material group=0 stage=2 alpha_test=0 blend=0 rigid=1 mesh=0 cull=0 depth_write=1 texture=d:\ymir work\monster\orc_soldier\orc_soldier_ax.dds race=651 file=d:\ymir work\monster\orc_soldier\orc_soldier.gr2 vid=20387 part=0 category=2 position=73921,-138720,16524.1 vertices=1627 deform_vertices=1450 rigid_vertices=177
submitted: GPU-skinned actor part race=651 file=d:\ymir work\monster\orc_soldier\orc_soldier.gr2 vid=20392 part=0 category=2 position=73054,-136472,16498.5 vertices=1627 deform_vertices=1450 rigid_vertices=177
material group=1 stage=2 alpha_test=0 blend=0 rigid=0 mesh=1 cull=0 depth_write=1 texture=d:\ymir work\monster\orc_soldier\orc_soldier.dds race=651 file=d:\ymir work\monster\orc_soldier\orc_soldier.gr2 vid=20392 part=0 category=2 position=73054,-136472,16498.5 vertices=1627 deform_vertices=1450 rigid_vertices=177
material group=0 stage=2 alpha_test=0 blend=0 rigid=1 mesh=0 cull=0 depth_write=1 texture=d:\ymir work\monster\orc_soldier\orc_soldier_ax.dds race=651 file=d:\ymir work\monster\orc_soldier\orc_soldier.gr2 vid=20392 part=0 category=2 position=73054,-136472,16498.5 vertices=1627 deform_vertices=1450 rigid_vertices=177
submitted: GPU-skinned actor part race=651 file=d:\ymir work\monster\orc_soldier\orc_soldier.gr2 vid=20393 part=0 category=2 position=73464,-136840,16538.3 vertices=1627 deform_vertices=1450 rigid_vertices=177
material group=1 stage=2 alpha_test=0 blend=0 rigid=0 mesh=1 cull=0 depth_write=1 texture=d:\ymir work\monster\orc_soldier\orc_soldier.dds race=651 file=d:\ymir work\monster\orc_soldier\orc_soldier.gr2 vid=20393 part=0 category=2 position=73464,-136840,16538.3 vertices=1627 deform_vertices=1450 rigid_vertices=177
material group=0 stage=2 alpha_test=0 blend=0 rigid=1 mesh=0 cull=0 depth_write=1 texture=d:\ymir work\monster\orc_soldier\orc_soldier_ax.dds race=651 file=d:\ymir work\monster\orc_soldier\orc_soldier.gr2 vid=20393 part=0 category=2 position=73464,-136840,16538.3 vertices=1627 deform_vertices=1450 rigid_vertices=177
submitted: GPU-skinned actor part race=604 file=d:\ymir work\monster\orc_magician\orc_magician.gr2 vid=9176 part=0 category=2 position=75129,-137829,16520.3 vertices=1525 deform_vertices=1465 rigid_vertices=60
material group=0 stage=2 alpha_test=0 blend=0 rigid=0 mesh=0 cull=0 depth_write=1 texture=d:\ymir work\monster\orc_magician\orc_magician.dds race=604 file=d:\ymir work\monster\orc_magician\orc_magician.gr2 vid=9176 part=0 category=2 position=75129,-137829,16520.3 vertices=1525 deform_vertices=1465 rigid_vertices=60
material group=0 stage=2 alpha_test=0 blend=0 rigid=1 mesh=1 cull=0 depth_write=1 texture=d:\ymir work\monster\orc_magician\orc_magician.dds race=604 file=d:\ymir work\monster\orc_magician\orc_magician.gr2 vid=9176 part=0 category=2 position=75129,-137829,16520.3 vertices=1525 deform_vertices=1465 rigid_vertices=60
submitted: GPU-skinned actor part race=632 file=d:\ymir work\monster\orc_scouter\orc_scouter.gr2 vid=9175 part=0 category=2 position=75012,-137438,16578.1 vertices=1400 deform_vertices=1298 rigid_vertices=102
material group=1 stage=0 alpha_test=0 blend=0 rigid=0 mesh=1 cull=0 depth_write=1 texture=d:\ymir work\monster\orc_scouter\orc_scouter.dds race=632 file=d:\ymir work\monster\orc_scouter\orc_scouter.gr2 vid=9175 part=0 category=2 position=75012,-137438,16578.1 vertices=1400 deform_vertices=1298 rigid_vertices=102
material group=0 stage=0 alpha_test=0 blend=0 rigid=1 mesh=0 cull=0 depth_write=1 texture=d:\ymir work\monster\orc_scouter\orc_scouter_stick.dds race=632 file=d:\ymir work\monster\orc_scouter\orc_scouter.gr2 vid=9175 part=0 category=2 position=75012,-137438,16578.1 vertices=1400 deform_vertices=1298 rigid_vertices=102
submitted: GPU-skinned actor part race=603 file=d:\ymir work\monster\orc_knight\orc_knight.gr2 vid=9177 part=0 category=2 position=75382,-137818,16521.6 vertices=1857 deform_vertices=1356 rigid_vertices=501
material group=0 stage=2 alpha_test=0 blend=0 rigid=0 mesh=0 cull=0 depth_write=1 texture=d:\ymir work\monster\orc_knight\orc_knight.dds race=603 file=d:\ymir work\monster\orc_knight\orc_knight.gr2 vid=9177 part=0 category=2 position=75382,-137818,16521.6 vertices=1857 deform_vertices=1356 rigid_vertices=501
material group=0 stage=2 alpha_test=0 blend=0 rigid=1 mesh=1 cull=0 depth_write=1 texture=d:\ymir work\monster\orc_knight\orc_knight.dds race=603 file=d:\ymir work\monster\orc_knight\orc_knight.gr2 vid=9177 part=0 category=2 position=75382,-137818,16521.6 vertices=1857 deform_vertices=1356 rigid_vertices=501
submitted: GPU-skinned actor part race=602 file=d:\ymir work\monster\orc_scouter\orc_scouter.gr2 vid=9178 part=0 category=2 position=75407.3,-137474,16573.9 vertices=1400 deform_vertices=1298 rigid_vertices=102
material group=1 stage=2 alpha_test=0 blend=0 rigid=0 mesh=1 cull=0 depth_write=1 texture=d:\ymir work\monster\orc_scouter\orc_scouter.dds race=602 file=d:\ymir work\monster\orc_scouter\orc_scouter.gr2 vid=9178 part=0 category=2 position=75407.3,-137474,16573.9 vertices=1400 deform_vertices=1298 rigid_vertices=102
material group=0 stage=2 alpha_test=0 blend=0 rigid=1 mesh=0 cull=0 depth_write=1 texture=d:\ymir work\monster\orc_scouter\orc_scouter_stick.dds race=602 file=d:\ymir work\monster\orc_scouter\orc_scouter.gr2 vid=9178 part=0 category=2 position=75407.3,-137474,16573.9 vertices=1400 deform_vertices=1298 rigid_vertices=102
submitted: GPU-skinned actor part race=633 file=d:\ymir work\monster\orc_knight\orc_knight.gr2 vid=9172 part=0 category=2 position=75837,-137060,16561.7 vertices=1857 deform_vertices=1356 rigid_vertices=501
material group=0 stage=0 alpha_test=0 blend=0 rigid=0 mesh=0 cull=0 depth_write=1 texture=d:\ymir work\monster\orc_knight\orc_knight.dds race=633 file=d:\ymir work\monster\orc_knight\orc_knight.gr2 vid=9172 part=0 category=2 position=75837,-137060,16561.7 vertices=1857 deform_vertices=1356 rigid_vertices=501
material group=0 stage=0 alpha_test=0 blend=0 rigid=1 mesh=1 cull=0 depth_write=1 texture=d:\ymir work\monster\orc_knight\orc_knight.dds race=633 file=d:\ymir work\monster\orc_knight\orc_knight.gr2 vid=9172 part=0 category=2 position=75837,-137060,16561.7 vertices=1857 deform_vertices=1356 rigid_vertices=501
submitted: GPU-skinned actor part race=633 file=d:\ymir work\monster\orc_knight\orc_knight.gr2 vid=9173 part=0 category=2 position=75912,-137213,16577.5 vertices=1857 deform_vertices=1356 rigid_vertices=501
material group=0 stage=0 alpha_test=0 blend=0 rigid=0 mesh=0 cull=0 depth_write=1 texture=d:\ymir work\monster\orc_knight\orc_knight.dds race=633 file=d:\ymir work\monster\orc_knight\orc_knight.gr2 vid=9173 part=0 category=2 position=75912,-137213,16577.5 vertices=1857 deform_vertices=1356 rigid_vertices=501
material group=0 stage=0 alpha_test=0 blend=0 rigid=1 mesh=1 cull=0 depth_write=1 texture=d:\ymir work\monster\orc_knight\orc_knight.dds race=633 file=d:\ymir work\monster\orc_knight\orc_knight.gr2 vid=9173 part=0 category=2 position=75912,-137213,16577.5 vertices=1857 deform_vertices=1356 rigid_vertices=501
submitted: GPU-skinned actor part race=632 file=d:\ymir work\monster\orc_scouter\orc_scouter.gr2 vid=9174 part=0 category=2 position=75986,-137185,16576.3 vertices=1400 deform_vertices=1298 rigid_vertices=102
material group=1 stage=0 alpha_test=0 blend=0 rigid=0 mesh=1 cull=0 depth_write=1 texture=d:\ymir work\monster\orc_scouter\orc_scouter.dds race=632 file=d:\ymir work\monster\orc_scouter\orc_scouter.gr2 vid=9174 part=0 category=2 position=75986,-137185,16576.3 vertices=1400 deform_vertices=1298 rigid_vertices=102
material group=0 stage=0 alpha_test=0 blend=0 rigid=1 mesh=0 cull=0 depth_write=1 texture=d:\ymir work\monster\orc_scouter\orc_scouter_stick.dds race=632 file=d:\ymir work\monster\orc_scouter\orc_scouter.gr2 vid=9174 part=0 category=2 position=75986,-137185,16576.3 vertices=1400 deform_vertices=1298 rigid_vertices=102
submitted: GPU-skinned actor part race=632 file=d:\ymir work\monster\orc_scouter\orc_scouter.gr2 vid=9070 part=0 category=2 position=62633,-133084,16937.4 vertices=1400 deform_vertices=1298 rigid_vertices=102
material group=1 stage=0 alpha_test=0 blend=1 rigid=0 mesh=1 cull=0 depth_write=1 texture=d:\ymir work\monster\orc_scouter\orc_scouter.dds race=632 file=d:\ymir work\monster\orc_scouter\orc_scouter.gr2 vid=9070 part=0 category=2 position=62633,-133084,16937.4 vertices=1400 deform_vertices=1298 rigid_vertices=102
material group=0 stage=0 alpha_test=0 blend=1 rigid=1 mesh=0 cull=0 depth_write=1 texture=d:\ymir work\monster\orc_scouter\orc_scouter_stick.dds race=632 file=d:\ymir work\monster\orc_scouter\orc_scouter.gr2 vid=9070 part=0 category=2 position=62633,-133084,16937.4 vertices=1400 deform_vertices=1298 rigid_vertices=102
submitted: GPU-skinned actor part race=633 file=d:\ymir work\monster\orc_knight\orc_knight.gr2 vid=9067 part=0 category=2 position=62696,-132786,16905.9 vertices=1857 deform_vertices=1356 rigid_vertices=501
material group=0 stage=0 alpha_test=0 blend=1 rigid=0 mesh=0 cull=0 depth_write=1 texture=d:\ymir work\monster\orc_knight\orc_knight.dds race=633 file=d:\ymir work\monster\orc_knight\orc_knight.gr2 vid=9067 part=0 category=2 position=62696,-132786,16905.9 vertices=1857 deform_vertices=1356 rigid_vertices=501
material group=0 stage=0 alpha_test=0 blend=1 rigid=1 mesh=1 cull=0 depth_write=1 texture=d:\ymir work\monster\orc_knight\orc_knight.dds race=633 file=d:\ymir work\monster\orc_knight\orc_knight.gr2 vid=9067 part=0 category=2 position=62696,-132786,16905.9 vertices=1857 deform_vertices=1356 rigid_vertices=501
submitted: GPU-skinned actor part race=632 file=d:\ymir work\monster\orc_scouter\orc_scouter.gr2 vid=9068 part=0 category=2 position=62471,-132503,16894.7 vertices=1400 deform_vertices=1298 rigid_vertices=102
material group=1 stage=0 alpha_test=0 blend=1 rigid=0 mesh=1 cull=0 depth_write=1 texture=d:\ymir work\monster\orc_scouter\orc_scouter.dds race=632 file=d:\ymir work\monster\orc_scouter\orc_scouter.gr2 vid=9068 part=0 category=2 position=62471,-132503,16894.7 vertices=1400 deform_vertices=1298 rigid_vertices=102
material group=0 stage=0 alpha_test=0 blend=1 rigid=1 mesh=0 cull=0 depth_write=1 texture=d:\ymir work\monster\orc_scouter\orc_scouter_stick.dds race=632 file=d:\ymir work\monster\orc_scouter\orc_scouter.gr2 vid=9068 part=0 category=2 position=62471,-132503,16894.7 vertices=1400 deform_vertices=1298 rigid_vertices=102
submitted: GPU-skinned actor part race=632 file=d:\ymir work\monster\orc_scouter\orc_scouter.gr2 vid=9074 part=0 category=2 position=72964,-130415,16559.2 vertices=1400 deform_vertices=1298 rigid_vertices=102
material group=1 stage=0 alpha_test=0 blend=1 rigid=0 mesh=1 cull=0 depth_write=1 texture=d:\ymir work\monster\orc_scouter\orc_scouter.dds race=632 file=d:\ymir work\monster\orc_scouter\orc_scouter.gr2 vid=9074 part=0 category=2 position=72964,-130415,16559.2 vertices=1400 deform_vertices=1298 rigid_vertices=102
material group=0 stage=0 alpha_test=0 blend=1 rigid=1 mesh=0 cull=0 depth_write=1 texture=d:\ymir work\monster\orc_scouter\orc_scouter_stick.dds race=632 file=d:\ymir work\monster\orc_scouter\orc_scouter.gr2 vid=9074 part=0 category=2 position=72964,-130415,16559.2 vertices=1400 deform_vertices=1298 rigid_vertices=102
submitted: GPU-skinned actor part race=633 file=d:\ymir work\monster\orc_knight\orc_knight.gr2 vid=9072 part=0 category=2 position=72183.9,-129992,16512.9 vertices=1857 deform_vertices=1356 rigid_vertices=501
material group=0 stage=0 alpha_test=0 blend=1 rigid=0 mesh=0 cull=0 depth_write=1 texture=d:\ymir work\monster\orc_knight\orc_knight.dds race=633 file=d:\ymir work\monster\orc_knight\orc_knight.gr2 vid=9072 part=0 category=2 position=72183.9,-129992,16512.9 vertices=1857 deform_vertices=1356 rigid_vertices=501
material group=0 stage=0 alpha_test=0 blend=1 rigid=1 mesh=1 cull=0 depth_write=1 texture=d:\ymir work\monster\orc_knight\orc_knight.dds race=633 file=d:\ymir work\monster\orc_knight\orc_knight.gr2 vid=9072 part=0 category=2 position=72183.9,-129992,16512.9 vertices=1857 deform_vertices=1356 rigid_vertices=501
submitted: GPU-skinned actor part race=633 file=d:\ymir work\monster\orc_knight\orc_knight.gr2 vid=9071 part=0 category=2 position=73510,-130247,16573 vertices=1857 deform_vertices=1356 rigid_vertices=501
material group=0 stage=0 alpha_test=0 blend=1 rigid=0 mesh=0 cull=0 depth_write=1 texture=d:\ymir work\monster\orc_knight\orc_knight.dds race=633 file=d:\ymir work\monster\orc_knight\orc_knight.gr2 vid=9071 part=0 category=2 position=73510,-130247,16573 vertices=1857 deform_vertices=1356 rigid_vertices=501
material group=0 stage=0 alpha_test=0 blend=1 rigid=1 mesh=1 cull=0 depth_write=1 texture=d:\ymir work\monster\orc_knight\orc_knight.dds race=633 file=d:\ymir work\monster\orc_knight\orc_knight.gr2 vid=9071 part=0 category=2 position=73510,-130247,16573 vertices=1857 deform_vertices=1356 rigid_vertices=501
material group=1 stage=0 alpha_test=0 blend=0 rigid=0 mesh=1 cull=0 depth_write=1 texture=d:\ymir work\monster\orc_scouter\orc_scouter.dds race=632 file=d:\ymir work\monster\orc_scouter\orc_scouter.gr2 vid=9070 part=0 category=2 position=62633,-133084,16937.4 vertices=1400 deform_vertices=1298 rigid_vertices=102
material group=0 stage=0 alpha_test=0 blend=0 rigid=1 mesh=0 cull=0 depth_write=1 texture=d:\ymir work\monster\orc_scouter\orc_scouter_stick.dds race=632 file=d:\ymir work\monster\orc_scouter\orc_scouter.gr2 vid=9070 part=0 category=2 position=62633,-133084,16937.4 vertices=1400 deform_vertices=1298 rigid_vertices=102
material group=0 stage=0 alpha_test=0 blend=0 rigid=0 mesh=0 cull=0 depth_write=1 texture=d:\ymir work\monster\orc_knight\orc_knight.dds race=633 file=d:\ymir work\monster\orc_knight\orc_knight.gr2 vid=9067 part=0 category=2 position=62484.8,-132928,16921.3 vertices=1857 deform_vertices=1356 rigid_vertices=501
material group=0 stage=0 alpha_test=0 blend=0 rigid=1 mesh=1 cull=0 depth_write=1 texture=d:\ymir work\monster\orc_knight\orc_knight.dds race=633 file=d:\ymir work\monster\orc_knight\orc_knight.gr2 vid=9067 part=0 category=2 position=62484.8,-132928,16921.3 vertices=1857 deform_vertices=1356 rigid_vertices=501
material group=1 stage=0 alpha_test=0 blend=0 rigid=0 mesh=1 cull=0 depth_write=1 texture=d:\ymir work\monster\orc_scouter\orc_scouter.dds race=632 file=d:\ymir work\monster\orc_scouter\orc_scouter.gr2 vid=9074 part=0 category=2 position=72964,-130415,16559.2 vertices=1400 deform_vertices=1298 rigid_vertices=102
material group=0 stage=0 alpha_test=0 blend=0 rigid=1 mesh=0 cull=0 depth_write=1 texture=d:\ymir work\monster\orc_scouter\orc_scouter_stick.dds race=632 file=d:\ymir work\monster\orc_scouter\orc_scouter.gr2 vid=9074 part=0 category=2 position=72964,-130415,16559.2 vertices=1400 deform_vertices=1298 rigid_vertices=102
material group=0 stage=0 alpha_test=0 blend=0 rigid=0 mesh=0 cull=0 depth_write=1 texture=d:\ymir work\monster\orc_knight\orc_knight.dds race=633 file=d:\ymir work\monster\orc_knight\orc_knight.gr2 vid=9072 part=0 category=2 position=72329.5,-129993,16519 vertices=1857 deform_vertices=1356 rigid_vertices=501
material group=0 stage=0 alpha_test=0 blend=0 rigid=1 mesh=1 cull=0 depth_write=1 texture=d:\ymir work\monster\orc_knight\orc_knight.dds race=633 file=d:\ymir work\monster\orc_knight\orc_knight.gr2 vid=9072 part=0 category=2 position=72329.5,-129993,16519 vertices=1857 deform_vertices=1356 rigid_vertices=501
material group=1 stage=0 alpha_test=0 blend=0 rigid=0 mesh=1 cull=0 depth_write=1 texture=d:\ymir work\monster\orc_scouter\orc_scouter.dds race=632 file=d:\ymir work\monster\orc_scouter\orc_scouter.gr2 vid=9068 part=0 category=2 position=62471,-132503,16894.7 vertices=1400 deform_vertices=1298 rigid_vertices=102
material group=0 stage=0 alpha_test=0 blend=0 rigid=1 mesh=0 cull=0 depth_write=1 texture=d:\ymir work\monster\orc_scouter\orc_scouter_stick.dds race=632 file=d:\ymir work\monster\orc_scouter\orc_scouter.gr2 vid=9068 part=0 category=2 position=62471,-132503,16894.7 vertices=1400 deform_vertices=1298 rigid_vertices=102
material group=0 stage=0 alpha_test=0 blend=0 rigid=0 mesh=0 cull=0 depth_write=1 texture=d:\ymir work\monster\orc_knight\orc_knight.dds race=633 file=d:\ymir work\monster\orc_knight\orc_knight.gr2 vid=9071 part=0 category=2 position=73510,-130247,16573 vertices=1857 deform_vertices=1356 rigid_vertices=501
material group=0 stage=0 alpha_test=0 blend=0 rigid=1 mesh=1 cull=0 depth_write=1 texture=d:\ymir work\monster\orc_knight\orc_knight.dds race=633 file=d:\ymir work\monster\orc_knight\orc_knight.gr2 vid=9071 part=0 category=2 position=73510,-130247,16573 vertices=1857 deform_vertices=1356 rigid_vertices=501
submitted: GPU-skinned actor part race=632 file=d:\ymir work\monster\orc_scouter\orc_scouter.gr2 vid=9073 part=0 category=2 position=73663,-129960,16579.2 vertices=1400 deform_vertices=1298 rigid_vertices=102
material group=1 stage=0 alpha_test=0 blend=1 rigid=0 mesh=1 cull=0 depth_write=1 texture=d:\ymir work\monster\orc_scouter\orc_scouter.dds race=632 file=d:\ymir work\monster\orc_scouter\orc_scouter.gr2 vid=9073 part=0 category=2 position=73663,-129960,16579.2 vertices=1400 deform_vertices=1298 rigid_vertices=102
material group=0 stage=0 alpha_test=0 blend=1 rigid=1 mesh=0 cull=0 depth_write=1 texture=d:\ymir work\monster\orc_scouter\orc_scouter_stick.dds race=632 file=d:\ymir work\monster\orc_scouter\orc_scouter.gr2 vid=9073 part=0 category=2 position=73663,-129960,16579.2 vertices=1400 deform_vertices=1298 rigid_vertices=102
submitted: GPU-skinned actor part race=2103 file=d:\ymir work\monster2\giant_scorpion\giant_scorpion.gr2 vid=9045 part=0 category=2 position=76662,-131314,16668.5 vertices=1930 deform_vertices=1930 rigid_vertices=0
material group=0 stage=0 alpha_test=0 blend=1 rigid=0 mesh=0 cull=0 depth_write=1 texture=d:\ymir work\monster2\giant_scorpion\giant_scorpion.dds race=2103 file=d:\ymir work\monster2\giant_scorpion\giant_scorpion.gr2 vid=9045 part=0 category=2 position=76662,-131314,16668.5 vertices=1930 deform_vertices=1930 rigid_vertices=0
submitted: GPU-skinned actor part race=631 file=d:\ymir work\monster\orc_soldier\orc_soldier.gr2 vid=9043 part=0 category=2 position=76620,-130987,16693 vertices=1627 deform_vertices=1450 rigid_vertices=177
material group=1 stage=0 alpha_test=0 blend=1 rigid=0 mesh=1 cull=0 depth_write=1 texture=d:\ymir work\monster\orc_soldier\orc_soldier.dds race=631 file=d:\ymir work\monster\orc_soldier\orc_soldier.gr2 vid=9043 part=0 category=2 position=76620,-130987,16693 vertices=1627 deform_vertices=1450 rigid_vertices=177
material group=0 stage=0 alpha_test=0 blend=1 rigid=1 mesh=0 cull=0 depth_write=1 texture=d:\ymir work\monster\orc_soldier\orc_soldier_ax.dds race=631 file=d:\ymir work\monster\orc_soldier\orc_soldier.gr2 vid=9043 part=0 category=2 position=76620,-130987,16693 vertices=1627 deform_vertices=1450 rigid_vertices=177
submitted: GPU-skinned actor part race=631 file=d:\ymir work\monster\orc_soldier\orc_soldier.gr2 vid=9042 part=0 category=2 position=76305,-130169,16783.3 vertices=1627 deform_vertices=1450 rigid_vertices=177
material group=1 stage=0 alpha_test=0 blend=1 rigid=0 mesh=1 cull=0 depth_write=1 texture=d:\ymir work\monster\orc_soldier\orc_soldier.dds race=631 file=d:\ymir work\monster\orc_soldier\orc_soldier.gr2 vid=9042 part=0 category=2 position=76305,-130169,16783.3 vertices=1627 deform_vertices=1450 rigid_vertices=177
material group=0 stage=0 alpha_test=0 blend=1 rigid=1 mesh=0 cull=0 depth_write=1 texture=d:\ymir work\monster\orc_soldier\orc_soldier_ax.dds race=631 file=d:\ymir work\monster\orc_soldier\orc_soldier.gr2 vid=9042 part=0 category=2 position=76305,-130169,16783.3 vertices=1627 deform_vertices=1450 rigid_vertices=177
material group=1 stage=3 alpha_test=0 blend=0 rigid=0 mesh=7 cull=0 depth_write=1 texture=d:\ymir work\pc\warrior\warrior_4-2.dds race=0 file=d:\ymir work\pc\warrior\warrior_4-1.gr2 vid=24602 part=0 category=4 position=68670.8,-139538,16338.8 vertices=2582 deform_vertices=2582 rigid_vertices=0
material group=1 stage=3 alpha_test=0 blend=0 rigid=0 mesh=6 cull=0 depth_write=1 texture=d:\ymir work\pc\warrior\warrior_4-2.dds race=0 file=d:\ymir work\pc\warrior\warrior_4-1.gr2 vid=24602 part=0 category=4 position=68670.8,-139538,16338.8 vertices=2582 deform_vertices=2582 rigid_vertices=0
material group=1 stage=3 alpha_test=0 blend=0 rigid=0 mesh=5 cull=0 depth_write=1 texture=d:\ymir work\pc\warrior\warrior_4-2.dds race=0 file=d:\ymir work\pc\warrior\warrior_4-1.gr2 vid=24602 part=0 category=4 position=68670.8,-139538,16338.8 vertices=2582 deform_vertices=2582 rigid_vertices=0
material group=1 stage=3 alpha_test=0 blend=0 rigid=0 mesh=4 cull=0 depth_write=1 texture=d:\ymir work\pc\warrior\warrior_4-2.dds race=0 file=d:\ymir work\pc\warrior\warrior_4-1.gr2 vid=24602 part=0 category=4 position=68670.8,-139538,16338.8 vertices=2582 deform_vertices=2582 rigid_vertices=0
material group=1 stage=3 alpha_test=0 blend=0 rigid=0 mesh=3 cull=0 depth_write=1 texture=d:\ymir work\pc\warrior\warrior_4-2.dds race=0 file=d:\ymir work\pc\warrior\warrior_4-1.gr2 vid=24602 part=0 category=4 position=68670.8,-139538,16338.8 vertices=2582 deform_vertices=2582 rigid_vertices=0
material group=1 stage=3 alpha_test=0 blend=0 rigid=0 mesh=2 cull=0 depth_write=1 texture=d:\ymir work\pc\warrior\warrior_4-2.dds race=0 file=d:\ymir work\pc\warrior\warrior_4-1.gr2 vid=24602 part=0 category=4 position=68670.8,-139538,16338.8 vertices=2582 deform_vertices=2582 rigid_vertices=0
material group=1 stage=3 alpha_test=0 blend=0 rigid=0 mesh=1 cull=0 depth_write=1 texture=d:\ymir work\pc\warrior\warrior_4-2.dds race=0 file=d:\ymir work\pc\warrior\warrior_4-1.gr2 vid=24602 part=0 category=4 position=68670.8,-139538,16338.8 vertices=2582 deform_vertices=2582 rigid_vertices=0
material group=0 stage=0 alpha_test=0 blend=0 rigid=0 mesh=0 cull=0 depth_write=1 texture=d:\ymir work\pc\warrior\warrior_face.dds race=0 file=d:\ymir work\pc\warrior\warrior_4-1.gr2 vid=24602 part=0 category=4 position=68670.8,-139538,16338.8 vertices=2582 deform_vertices=2582 rigid_vertices=0
material group=0 stage=3 alpha_test=0 blend=0 rigid=1 mesh=0 cull=0 depth_write=1 texture=d:\ymir work\item\weapon\weapon_choegogeup01_01.dds race=0 file=d:\ymir work\pc\warrior\warrior_4-1.gr2 vid=24602 part=1 category=4 position=68670.8,-139538,16338.8 vertices=625 deform_vertices=0 rigid_vertices=625
material group=0 stage=0 alpha_test=0 blend=0 rigid=0 mesh=0 cull=0 depth_write=1 texture=d:\ymir work\pc\warrior\warrior_hair_01.dds race=0 file=d:\ymir work\pc\warrior\warrior_4-1.gr2 vid=24602 part=4 category=4 position=68670.8,-139538,16338.8 vertices=427 deform_vertices=427 rigid_vertices=0
submitted: GPU-skinned actor part race=533 file=d:\ymir work\monster\barbarian_bow\barbarian_bow.gr2 vid=9546 part=0 category=2 position=67459,-139986,16353 vertices=736 deform_vertices=676 rigid_vertices=60
material group=0 stage=0 alpha_test=0 blend=0 rigid=0 mesh=0 cull=0 depth_write=1 texture=d:\ymir work\monster\barbarian_bow\barbarian_bow.dds race=533 file=d:\ymir work\monster\barbarian_bow\barbarian_bow.gr2 vid=9546 part=0 category=2 position=67459,-139986,16353 vertices=736 deform_vertices=676 rigid_vertices=60
material group=0 stage=0 alpha_test=0 blend=0 rigid=1 mesh=1 cull=0 depth_write=1 texture=d:\ymir work\monster\barbarian_bow\barbarian_bow.dds race=533 file=d:\ymir work\monster\barbarian_bow\barbarian_bow.gr2 vid=9546 part=0 category=2 position=67459,-139986,16353 vertices=736 deform_vertices=676 rigid_vertices=60
material group=1 stage=0 alpha_test=0 blend=0 rigid=0 mesh=1 cull=0 depth_write=1 texture=d:\ymir work\monster\orc_soldier\orc_soldier.dds race=631 file=d:\ymir work\monster\orc_soldier\orc_soldier.gr2 vid=9042 part=0 category=2 position=76305,-130169,16783.3 vertices=1627 deform_vertices=1450 rigid_vertices=177
material group=0 stage=0 alpha_test=0 blend=0 rigid=1 mesh=0 cull=0 depth_write=1 texture=d:\ymir work\monster\orc_soldier\orc_soldier_ax.dds race=631 file=d:\ymir work\monster\orc_soldier\orc_soldier.gr2 vid=9042 part=0 category=2 position=76305,-130169,16783.3 vertices=1627 deform_vertices=1450 rigid_vertices=177
material group=0 stage=0 alpha_test=0 blend=0 rigid=0 mesh=0 cull=0 depth_write=1 texture=d:\ymir work\monster2\giant_scorpion\giant_scorpion.dds race=2103 file=d:\ymir work\monster2\giant_scorpion\giant_scorpion.gr2 vid=9045 part=0 category=2 position=76662,-131314,16668.5 vertices=1930 deform_vertices=1930 rigid_vertices=0
material group=1 stage=0 alpha_test=0 blend=0 rigid=0 mesh=1 cull=0 depth_write=1 texture=d:\ymir work\monster\orc_soldier\orc_soldier.dds race=631 file=d:\ymir work\monster\orc_soldier\orc_soldier.gr2 vid=9043 part=0 category=2 position=76620,-130987,16693 vertices=1627 deform_vertices=1450 rigid_vertices=177
material group=0 stage=0 alpha_test=0 blend=0 rigid=1 mesh=0 cull=0 depth_write=1 texture=d:\ymir work\monster\orc_soldier\orc_soldier_ax.dds race=631 file=d:\ymir work\monster\orc_soldier\orc_soldier.gr2 vid=9043 part=0 category=2 position=76620,-130987,16693 vertices=1627 deform_vertices=1450 rigid_vertices=177
submitted: GPU-skinned actor part race=2103 file=d:\ymir work\monster2\giant_scorpion\giant_scorpion.gr2 vid=9044 part=0 category=2 position=76349,-130371,16751.2 vertices=1930 deform_vertices=1930 rigid_vertices=0
material group=0 stage=0 alpha_test=0 blend=0 rigid=0 mesh=0 cull=0 depth_write=1 texture=d:\ymir work\monster2\giant_scorpion\giant_scorpion.dds race=2103 file=d:\ymir work\monster2\giant_scorpion\giant_scorpion.gr2 vid=9044 part=0 category=2 position=76349,-130371,16751.2 vertices=1930 deform_vertices=1930 rigid_vertices=0
submitted: GPU-skinned actor part race=653 file=d:\ymir work\monster\orc_knight\orc_knight.gr2 vid=20403 part=0 category=2 position=78514,-134143,16650.5 vertices=1857 deform_vertices=1356 rigid_vertices=501
material group=0 stage=0 alpha_test=0 blend=1 rigid=0 mesh=0 cull=0 depth_write=1 texture=d:\ymir work\monster\orc_knight\orc_knight.dds race=653 file=d:\ymir work\monster\orc_knight\orc_knight.gr2 vid=20403 part=0 category=2 position=78514,-134143,16650.5 vertices=1857 deform_vertices=1356 rigid_vertices=501
material group=0 stage=0 alpha_test=0 blend=1 rigid=1 mesh=1 cull=0 depth_write=1 texture=d:\ymir work\monster\orc_knight\orc_knight.dds race=653 file=d:\ymir work\monster\orc_knight\orc_knight.gr2 vid=20403 part=0 category=2 position=78514,-134143,16650.5 vertices=1857 deform_vertices=1356 rigid_vertices=501
submitted: GPU-skinned actor part race=632 file=d:\ymir work\monster\orc_scouter\orc_scouter.gr2 vid=9089 part=0 category=2 position=77961,-133067,16651.5 vertices=1400 deform_vertices=1298 rigid_vertices=102
material group=1 stage=0 alpha_test=0 blend=1 rigid=0 mesh=1 cull=0 depth_write=1 texture=d:\ymir work\monster\orc_scouter\orc_scouter.dds race=632 file=d:\ymir work\monster\orc_scouter\orc_scouter.gr2 vid=9089 part=0 category=2 position=77961,-133067,16651.5 vertices=1400 deform_vertices=1298 rigid_vertices=102
material group=0 stage=0 alpha_test=0 blend=1 rigid=1 mesh=0 cull=0 depth_write=1 texture=d:\ymir work\monster\orc_scouter\orc_scouter_stick.dds race=632 file=d:\ymir work\monster\orc_scouter\orc_scouter.gr2 vid=9089 part=0 category=2 position=77961,-133067,16651.5 vertices=1400 deform_vertices=1298 rigid_vertices=102
submitted: GPU-skinned actor part race=653 file=d:\ymir work\monster\orc_knight\orc_knight.gr2 vid=20404 part=0 category=2 position=78687,-133908,16650.5 vertices=1857 deform_vertices=1356 rigid_vertices=501
material group=0 stage=0 alpha_test=0 blend=1 rigid=0 mesh=0 cull=0 depth_write=1 texture=d:\ymir work\monster\orc_knight\orc_knight.dds race=653 file=d:\ymir work\monster\orc_knight\orc_knight.gr2 vid=20404 part=0 category=2 position=78687,-133908,16650.5 vertices=1857 deform_vertices=1356 rigid_vertices=501
material group=0 stage=0 alpha_test=0 blend=1 rigid=1 mesh=1 cull=0 depth_write=1 texture=d:\ymir work\monster\orc_knight\orc_knight.dds race=653 file=d:\ymir work\monster\orc_knight\orc_knight.gr2 vid=20404 part=0 category=2 position=78687,-133908,16650.5 vertices=1857 deform_vertices=1356 rigid_vertices=501
submitted: GPU-skinned actor part race=653 file=d:\ymir work\monster\orc_knight\orc_knight.gr2 vid=20402 part=0 category=2 position=79018,-134387,16650.5 vertices=1857 deform_vertices=1356 rigid_vertices=501
material group=0 stage=0 alpha_test=0 blend=1 rigid=0 mesh=0 cull=0 depth_write=1 texture=d:\ymir work\monster\orc_knight\orc_knight.dds race=653 file=d:\ymir work\monster\orc_knight\orc_knight.gr2 vid=20402 part=0 category=2 position=79018,-134387,16650.5 vertices=1857 deform_vertices=1356 rigid_vertices=501
material group=0 stage=0 alpha_test=0 blend=1 rigid=1 mesh=1 cull=0 depth_write=1 texture=d:\ymir work\monster\orc_knight\orc_knight.dds race=653 file=d:\ymir work\monster\orc_knight\orc_knight.gr2 vid=20402 part=0 category=2 position=79018,-134387,16650.5 vertices=1857 deform_vertices=1356 rigid_vertices=501
submitted: GPU-skinned actor part race=633 file=d:\ymir work\monster\orc_knight\orc_knight.gr2 vid=9088 part=0 category=2 position=78770,-132694,16694.2 vertices=1857 deform_vertices=1356 rigid_vertices=501
material group=0 stage=0 alpha_test=0 blend=1 rigid=0 mesh=0 cull=0 depth_write=1 texture=d:\ymir work\monster\orc_knight\orc_knight.dds race=633 file=d:\ymir work\monster\orc_knight\orc_knight.gr2 vid=9088 part=0 category=2 position=78770,-132694,16694.2 vertices=1857 deform_vertices=1356 rigid_vertices=501
material group=0 stage=0 alpha_test=0 blend=1 rigid=1 mesh=1 cull=0 depth_write=1 texture=d:\ymir work\monster\orc_knight\orc_knight.dds race=633 file=d:\ymir work\monster\orc_knight\orc_knight.gr2 vid=9088 part=0 category=2 position=78770,-132694,16694.2 vertices=1857 deform_vertices=1356 rigid_vertices=501
submitted: GPU-skinned actor part race=632 file=d:\ymir work\monster\orc_scouter\orc_scouter.gr2 vid=9091 part=0 category=2 position=78728,-132482,16722.9 vertices=1400 deform_vertices=1298 rigid_vertices=102
material group=1 stage=0 alpha_test=0 blend=1 rigid=0 mesh=1 cull=0 depth_write=1 texture=d:\ymir work\monster\orc_scouter\orc_scouter.dds race=632 file=d:\ymir work\monster\orc_scouter\orc_scouter.gr2 vid=9091 part=0 category=2 position=78728,-132482,16722.9 vertices=1400 deform_vertices=1298 rigid_vertices=102
material group=0 stage=0 alpha_test=0 blend=1 rigid=1 mesh=0 cull=0 depth_write=1 texture=d:\ymir work\monster\orc_scouter\orc_scouter_stick.dds race=632 file=d:\ymir work\monster\orc_scouter\orc_scouter.gr2 vid=9091 part=0 category=2 position=78728,-132482,16722.9 vertices=1400 deform_vertices=1298 rigid_vertices=102
submitted: GPU-skinned actor part race=632 file=d:\ymir work\monster\orc_scouter\orc_scouter.gr2 vid=9090 part=0 category=2 position=79111,-132254,16873.9 vertices=1400 deform_vertices=1298 rigid_vertices=102
material group=1 stage=0 alpha_test=0 blend=1 rigid=0 mesh=1 cull=0 depth_write=1 texture=d:\ymir work\monster\orc_scouter\orc_scouter.dds race=632 file=d:\ymir work\monster\orc_scouter\orc_scouter.gr2 vid=9090 part=0 category=2 position=79111,-132254,16873.9 vertices=1400 deform_vertices=1298 rigid_vertices=102
material group=0 stage=0 alpha_test=0 blend=1 rigid=1 mesh=0 cull=0 depth_write=1 texture=d:\ymir work\monster\orc_scouter\orc_scouter_stick.dds race=632 file=d:\ymir work\monster\orc_scouter\orc_scouter.gr2 vid=9090 part=0 category=2 position=79111,-132254,16873.9 vertices=1400 deform_vertices=1298 rigid_vertices=102
submitted: GPU-skinned actor part race=2103 file=d:\ymir work\monster2\giant_scorpion\giant_scorpion.gr2 vid=9138 part=0 category=2 position=81096,-135606,16621.3 vertices=1930 deform_vertices=1930 rigid_vertices=0
material group=0 stage=0 alpha_test=0 blend=1 rigid=0 mesh=0 cull=0 depth_write=1 texture=d:\ymir work\monster2\giant_scorpion\giant_scorpion.dds race=2103 file=d:\ymir work\monster2\giant_scorpion\giant_scorpion.gr2 vid=9138 part=0 category=2 position=81096,-135606,16621.3 vertices=1930 deform_vertices=1930 rigid_vertices=0
submitted: GPU-skinned actor part race=2103 file=d:\ymir work\monster2\giant_scorpion\giant_scorpion.gr2 vid=9137 part=0 category=2 position=80963,-135036,16626.2 vertices=1930 deform_vertices=1930 rigid_vertices=0
material group=0 stage=0 alpha_test=0 blend=1 rigid=0 mesh=0 cull=0 depth_write=1 texture=d:\ymir work\monster2\giant_scorpion\giant_scorpion.dds race=2103 file=d:\ymir work\monster2\giant_scorpion\giant_scorpion.gr2 vid=9137 part=0 category=2 position=80963,-135036,16626.2 vertices=1930 deform_vertices=1930 rigid_vertices=0
submitted: GPU-skinned actor part race=631 file=d:\ymir work\monster\orc_soldier\orc_soldier.gr2 vid=9135 part=0 category=2 position=80919,-134825,16631.7 vertices=1627 deform_vertices=1450 rigid_vertices=177
material group=1 stage=0 alpha_test=0 blend=1 rigid=0 mesh=1 cull=0 depth_write=1 texture=d:\ymir work\monster\orc_soldier\orc_soldier.dds race=631 file=d:\ymir work\monster\orc_soldier\orc_soldier.gr2 vid=9135 part=0 category=2 position=80919,-134825,16631.7 vertices=1627 deform_vertices=1450 rigid_vertices=177
material group=0 stage=0 alpha_test=0 blend=1 rigid=1 mesh=0 cull=0 depth_write=1 texture=d:\ymir work\monster\orc_soldier\orc_soldier_ax.dds race=631 file=d:\ymir work\monster\orc_soldier\orc_soldier.gr2 vid=9135 part=0 category=2 position=80919,-134825,16631.7 vertices=1627 deform_vertices=1450 rigid_vertices=177
submitted: GPU-skinned actor part race=631 file=d:\ymir work\monster\orc_soldier\orc_soldier.gr2 vid=9136 part=0 category=2 position=81046,-134879,16628.8 vertices=1627 deform_vertices=1450 rigid_vertices=177
material group=1 stage=0 alpha_test=0 blend=1 rigid=0 mesh=1 cull=0 depth_write=1 texture=d:\ymir work\monster\orc_soldier\orc_soldier.dds race=631 file=d:\ymir work\monster\orc_soldier\orc_soldier.gr2 vid=9136 part=0 category=2 position=81046,-134879,16628.8 vertices=1627 deform_vertices=1450 rigid_vertices=177
material group=0 stage=0 alpha_test=0 blend=1 rigid=1 mesh=0 cull=0 depth_write=1 texture=d:\ymir work\monster\orc_soldier\orc_soldier_ax.dds race=631 file=d:\ymir work\monster\orc_soldier\orc_soldier.gr2 vid=9136 part=0 category=2 position=81046,-134879,16628.8 vertices=1627 deform_vertices=1450 rigid_vertices=177
material group=0 stage=2 alpha_test=0 blend=0 rigid=0 mesh=0 cull=0 depth_write=1 texture=d:\ymir work\monster\orc_knight\orc_knight.dds race=653 file=d:\ymir work\monster\orc_knight\orc_knight.gr2 vid=20403 part=0 category=2 position=78514,-134143,16650.5 vertices=1857 deform_vertices=1356 rigid_vertices=501
material group=0 stage=2 alpha_test=0 blend=0 rigid=1 mesh=1 cull=0 depth_write=1 texture=d:\ymir work\monster\orc_knight\orc_knight.dds race=653 file=d:\ymir work\monster\orc_knight\orc_knight.gr2 vid=20403 part=0 category=2 position=78514,-134143,16650.5 vertices=1857 deform_vertices=1356 rigid_vertices=501
material group=1 stage=0 alpha_test=0 blend=0 rigid=0 mesh=1 cull=0 depth_write=1 texture=d:\ymir work\monster\orc_scouter\orc_scouter.dds race=632 file=d:\ymir work\monster\orc_scouter\orc_scouter.gr2 vid=9089 part=0 category=2 position=77961,-133067,16651.5 vertices=1400 deform_vertices=1298 rigid_vertices=102
material group=0 stage=0 alpha_test=0 blend=0 rigid=1 mesh=0 cull=0 depth_write=1 texture=d:\ymir work\monster\orc_scouter\orc_scouter_stick.dds race=632 file=d:\ymir work\monster\orc_scouter\orc_scouter.gr2 vid=9089 part=0 category=2 position=77961,-133067,16651.5 vertices=1400 deform_vertices=1298 rigid_vertices=102
material group=0 stage=2 alpha_test=0 blend=0 rigid=0 mesh=0 cull=0 depth_write=1 texture=d:\ymir work\monster\orc_knight\orc_knight.dds race=653 file=d:\ymir work\monster\orc_knight\orc_knight.gr2 vid=20402 part=0 category=2 position=78774.5,-134313,16650.5 vertices=1857 deform_vertices=1356 rigid_vertices=501
material group=0 stage=2 alpha_test=0 blend=0 rigid=1 mesh=1 cull=0 depth_write=1 texture=d:\ymir work\monster\orc_knight\orc_knight.dds race=653 file=d:\ymir work\monster\orc_knight\orc_knight.gr2 vid=20402 part=0 category=2 position=78774.5,-134313,16650.5 vertices=1857 deform_vertices=1356 rigid_vertices=501
material group=0 stage=2 alpha_test=0 blend=0 rigid=0 mesh=0 cull=0 depth_write=1 texture=d:\ymir work\monster\orc_knight\orc_knight.dds race=653 file=d:\ymir work\monster\orc_knight\orc_knight.gr2 vid=20404 part=0 category=2 position=78687,-133908,16650.5 vertices=1857 deform_vertices=1356 rigid_vertices=501
material group=0 stage=2 alpha_test=0 blend=0 rigid=1 mesh=1 cull=0 depth_write=1 texture=d:\ymir work\monster\orc_knight\orc_knight.dds race=653 file=d:\ymir work\monster\orc_knight\orc_knight.gr2 vid=20404 part=0 category=2 position=78687,-133908,16650.5 vertices=1857 deform_vertices=1356 rigid_vertices=501
material group=1 stage=0 alpha_test=0 blend=0 rigid=0 mesh=1 cull=0 depth_write=1 texture=d:\ymir work\monster\orc_scouter\orc_scouter.dds race=632 file=d:\ymir work\monster\orc_scouter\orc_scouter.gr2 vid=9091 part=0 category=2 position=78600.3,-132722,16681.6 vertices=1400 deform_vertices=1298 rigid_vertices=102
material group=0 stage=0 alpha_test=0 blend=0 rigid=1 mesh=0 cull=0 depth_write=1 texture=d:\ymir work\monster\orc_scouter\orc_scouter_stick.dds race=632 file=d:\ymir work\monster\orc_scouter\orc_scouter.gr2 vid=9091 part=0 category=2 position=78600.3,-132722,16681.6 vertices=1400 deform_vertices=1298 rigid_vertices=102
material group=0 stage=0 alpha_test=0 blend=0 rigid=0 mesh=0 cull=0 depth_write=1 texture=d:\ymir work\monster\orc_knight\orc_knight.dds race=633 file=d:\ymir work\monster\orc_knight\orc_knight.gr2 vid=9088 part=0 category=2 position=78770,-132694,16694.2 vertices=1857 deform_vertices=1356 rigid_vertices=501
material group=0 stage=0 alpha_test=0 blend=0 rigid=1 mesh=1 cull=0 depth_write=1 texture=d:\ymir work\monster\orc_knight\orc_knight.dds race=633 file=d:\ymir work\monster\orc_knight\orc_knight.gr2 vid=9088 part=0 category=2 position=78770,-132694,16694.2 vertices=1857 deform_vertices=1356 rigid_vertices=501
material group=1 stage=0 alpha_test=0 blend=0 rigid=0 mesh=1 cull=0 depth_write=1 texture=d:\ymir work\monster\orc_scouter\orc_scouter.dds race=632 file=d:\ymir work\monster\orc_scouter\orc_scouter.gr2 vid=9090 part=0 category=2 position=79111,-132254,16873.9 vertices=1400 deform_vertices=1298 rigid_vertices=102
material group=0 stage=0 alpha_test=0 blend=0 rigid=1 mesh=0 cull=0 depth_write=1 texture=d:\ymir work\monster\orc_scouter\orc_scouter_stick.dds race=632 file=d:\ymir work\monster\orc_scouter\orc_scouter.gr2 vid=9090 part=0 category=2 position=79111,-132254,16873.9 vertices=1400 deform_vertices=1298 rigid_vertices=102
material group=0 stage=0 alpha_test=0 blend=0 rigid=0 mesh=0 cull=0 depth_write=1 texture=d:\ymir work\monster2\giant_scorpion\giant_scorpion.dds race=2103 file=d:\ymir work\monster2\giant_scorpion\giant_scorpion.gr2 vid=9138 part=0 category=2 position=81096,-135606,16621.3 vertices=1930 deform_vertices=1930 rigid_vertices=0
material group=0 stage=0 alpha_test=0 blend=0 rigid=0 mesh=0 cull=0 depth_write=1 texture=d:\ymir work\monster2\giant_scorpion\giant_scorpion.dds race=2103 file=d:\ymir work\monster2\giant_scorpion\giant_scorpion.gr2 vid=9137 part=0 category=2 position=80963,-135036,16626.2 vertices=1930 deform_vertices=1930 rigid_vertices=0
material group=1 stage=0 alpha_test=0 blend=0 rigid=0 mesh=1 cull=0 depth_write=1 texture=d:\ymir work\monster\orc_soldier\orc_soldier.dds race=631 file=d:\ymir work\monster\orc_soldier\orc_soldier.gr2 vid=9135 part=0 category=2 position=80919,-134825,16631.7 vertices=1627 deform_vertices=1450 rigid_vertices=177
material group=0 stage=0 alpha_test=0 blend=0 rigid=1 mesh=0 cull=0 depth_write=1 texture=d:\ymir work\monster\orc_soldier\orc_soldier_ax.dds race=631 file=d:\ymir work\monster\orc_soldier\orc_soldier.gr2 vid=9135 part=0 category=2 position=80919,-134825,16631.7 vertices=1627 deform_vertices=1450 rigid_vertices=177
material group=1 stage=0 alpha_test=0 blend=0 rigid=0 mesh=1 cull=0 depth_write=1 texture=d:\ymir work\monster\orc_soldier\orc_soldier.dds race=631 file=d:\ymir work\monster\orc_soldier\orc_soldier.gr2 vid=9136 part=0 category=2 position=81046,-134879,16628.8 vertices=1627 deform_vertices=1450 rigid_vertices=177
material group=0 stage=0 alpha_test=0 blend=0 rigid=1 mesh=0 cull=0 depth_write=1 texture=d:\ymir work\monster\orc_soldier\orc_soldier_ax.dds race=631 file=d:\ymir work\monster\orc_soldier\orc_soldier.gr2 vid=9136 part=0 category=2 position=81046,-134879,16628.8 vertices=1627 deform_vertices=1450 rigid_vertices=177
submitted: GPU-skinned actor part race=603 file=d:\ymir work\monster\orc_knight\orc_knight.gr2 vid=9058 part=0 category=2 position=81367,-129998,16901.9 vertices=1857 deform_vertices=1356 rigid_vertices=501
material group=0 stage=0 alpha_test=0 blend=1 rigid=0 mesh=0 cull=0 depth_write=1 texture=d:\ymir work\monster\orc_knight\orc_knight.dds race=603 file=d:\ymir work\monster\orc_knight\orc_knight.gr2 vid=9058 part=0 category=2 position=81367,-129998,16901.9 vertices=1857 deform_vertices=1356 rigid_vertices=501
material group=0 stage=0 alpha_test=0 blend=1 rigid=1 mesh=1 cull=0 depth_write=1 texture=d:\ymir work\monster\orc_knight\orc_knight.dds race=603 file=d:\ymir work\monster\orc_knight\orc_knight.gr2 vid=9058 part=0 category=2 position=81367,-129998,16901.9 vertices=1857 deform_vertices=1356 rigid_vertices=501
material group=0 stage=2 alpha_test=0 blend=0 rigid=0 mesh=0 cull=0 depth_write=1 texture=d:\ymir work\monster\orc_knight\orc_knight.dds race=603 file=d:\ymir work\monster\orc_knight\orc_knight.gr2 vid=9058 part=0 category=2 position=81367,-129998,16901.9 vertices=1857 deform_vertices=1356 rigid_vertices=501
material group=0 stage=2 alpha_test=0 blend=0 rigid=1 mesh=1 cull=0 depth_write=1 texture=d:\ymir work\monster\orc_knight\orc_knight.dds race=603 file=d:\ymir work\monster\orc_knight\orc_knight.gr2 vid=9058 part=0 category=2 position=81367,-129998,16901.9 vertices=1857 deform_vertices=1356 rigid_vertices=501
submitted: GPU-skinned actor part race=604 file=d:\ymir work\monster\orc_magician\orc_magician.gr2 vid=9057 part=0 category=2 position=81758,-129443,17064.6 vertices=1525 deform_vertices=1465 rigid_vertices=60
material group=0 stage=0 alpha_test=0 blend=1 rigid=0 mesh=0 cull=0 depth_write=1 texture=d:\ymir work\monster\orc_magician\orc_magician.dds race=604 file=d:\ymir work\monster\orc_magician\orc_magician.gr2 vid=9057 part=0 category=2 position=81758,-129443,17064.6 vertices=1525 deform_vertices=1465 rigid_vertices=60
material group=0 stage=0 alpha_test=0 blend=1 rigid=1 mesh=1 cull=0 depth_write=1 texture=d:\ymir work\monster\orc_magician\orc_magician.dds race=604 file=d:\ymir work\monster\orc_magician\orc_magician.gr2 vid=9057 part=0 category=2 position=81758,-129443,17064.6 vertices=1525 deform_vertices=1465 rigid_vertices=60
submitted: GPU-skinned actor part race=602 file=d:\ymir work\monster\orc_scouter\orc_scouter.gr2 vid=9059 part=0 category=2 position=82073,-129660,16942.9 vertices=1400 deform_vertices=1298 rigid_vertices=102
material group=1 stage=0 alpha_test=0 blend=1 rigid=0 mesh=1 cull=0 depth_write=1 texture=d:\ymir work\monster\orc_scouter\orc_scouter.dds race=602 file=d:\ymir work\monster\orc_scouter\orc_scouter.gr2 vid=9059 part=0 category=2 position=82073,-129660,16942.9 vertices=1400 deform_vertices=1298 rigid_vertices=102
material group=0 stage=0 alpha_test=0 blend=1 rigid=1 mesh=0 cull=0 depth_write=1 texture=d:\ymir work\monster\orc_scouter\orc_scouter_stick.dds race=602 file=d:\ymir work\monster\orc_scouter\orc_scouter.gr2 vid=9059 part=0 category=2 position=82073,-129660,16942.9 vertices=1400 deform_vertices=1298 rigid_vertices=102
material group=0 stage=2 alpha_test=0 blend=0 rigid=0 mesh=0 cull=0 depth_write=1 texture=d:\ymir work\monster\orc_magician\orc_magician.dds race=604 file=d:\ymir work\monster\orc_magician\orc_magician.gr2 vid=9057 part=0 category=2 position=81758,-129443,17064.6 vertices=1525 deform_vertices=1465 rigid_vertices=60
material group=0 stage=2 alpha_test=0 blend=0 rigid=1 mesh=1 cull=0 depth_write=1 texture=d:\ymir work\monster\orc_magician\orc_magician.dds race=604 file=d:\ymir work\monster\orc_magician\orc_magician.gr2 vid=9057 part=0 category=2 position=81758,-129443,17064.6 vertices=1525 deform_vertices=1465 rigid_vertices=60
material group=1 stage=2 alpha_test=0 blend=0 rigid=0 mesh=1 cull=0 depth_write=1 texture=d:\ymir work\monster\orc_scouter\orc_scouter.dds race=602 file=d:\ymir work\monster\orc_scouter\orc_scouter.gr2 vid=9059 part=0 category=2 position=82073,-129660,16942.9 vertices=1400 deform_vertices=1298 rigid_vertices=102
material group=0 stage=2 alpha_test=0 blend=0 rigid=1 mesh=0 cull=0 depth_write=1 texture=d:\ymir work\monster\orc_scouter\orc_scouter_stick.dds race=602 file=d:\ymir work\monster\orc_scouter\orc_scouter.gr2 vid=9059 part=0 category=2 position=82073,-129660,16942.9 vertices=1400 deform_vertices=1298 rigid_vertices=102
submitted: GPU-skinned actor part race=653 file=d:\ymir work\monster\orc_knight\orc_knight.gr2 vid=9159 part=0 category=2 position=81963,-136514,16606.1 vertices=1857 deform_vertices=1356 rigid_vertices=501
material group=0 stage=2 alpha_test=0 blend=0 rigid=0 mesh=0 cull=0 depth_write=1 texture=d:\ymir work\monster\orc_knight\orc_knight.dds race=653 file=d:\ymir work\monster\orc_knight\orc_knight.gr2 vid=9159 part=0 category=2 position=81963,-136514,16606.1 vertices=1857 deform_vertices=1356 rigid_vertices=501
material group=0 stage=2 alpha_test=0 blend=0 rigid=1 mesh=1 cull=0 depth_write=1 texture=d:\ymir work\monster\orc_knight\orc_knight.dds race=653 file=d:\ymir work\monster\orc_knight\orc_knight.gr2 vid=9159 part=0 category=2 position=81963,-136514,16606.1 vertices=1857 deform_vertices=1356 rigid_vertices=501
submitted: GPU-skinned actor part race=653 file=d:\ymir work\monster\orc_knight\orc_knight.gr2 vid=9157 part=0 category=2 position=81792,-137026,16599.7 vertices=1857 deform_vertices=1356 rigid_vertices=501
material group=0 stage=2 alpha_test=0 blend=0 rigid=0 mesh=0 cull=0 depth_write=1 texture=d:\ymir work\monster\orc_knight\orc_knight.dds race=653 file=d:\ymir work\monster\orc_knight\orc_knight.gr2 vid=9157 part=0 category=2 position=81792,-137026,16599.7 vertices=1857 deform_vertices=1356 rigid_vertices=501
material group=0 stage=2 alpha_test=0 blend=0 rigid=1 mesh=1 cull=0 depth_write=1 texture=d:\ymir work\monster\orc_knight\orc_knight.dds race=653 file=d:\ymir work\monster\orc_knight\orc_knight.gr2 vid=9157 part=0 category=2 position=81792,-137026,16599.7 vertices=1857 deform_vertices=1356 rigid_vertices=501
submitted: GPU-skinned actor part race=653 file=d:\ymir work\monster\orc_knight\orc_knight.gr2 vid=9158 part=0 category=2 position=81655,-137407,16595.7 vertices=1857 deform_vertices=1356 rigid_vertices=501
material group=0 stage=2 alpha_test=0 blend=0 rigid=0 mesh=0 cull=0 depth_write=1 texture=d:\ymir work\monster\orc_knight\orc_knight.dds race=653 file=d:\ymir work\monster\orc_knight\orc_knight.gr2 vid=9158 part=0 category=2 position=81655,-137407,16595.7 vertices=1857 deform_vertices=1356 rigid_vertices=501
material group=0 stage=2 alpha_test=0 blend=0 rigid=1 mesh=1 cull=0 depth_write=1 texture=d:\ymir work\monster\orc_knight\orc_knight.dds race=653 file=d:\ymir work\monster\orc_knight\orc_knight.gr2 vid=9158 part=0 category=2 position=81655,-137407,16595.7 vertices=1857 deform_vertices=1356 rigid_vertices=501
submitted: GPU-skinned actor part race=631 file=d:\ymir work\monster\orc_soldier\orc_soldier.gr2 vid=9179 part=0 category=2 position=82188,-138106,16589.5 vertices=1627 deform_vertices=1450 rigid_vertices=177
material group=1 stage=0 alpha_test=0 blend=0 rigid=0 mesh=1 cull=0 depth_write=1 texture=d:\ymir work\monster\orc_soldier\orc_soldier.dds race=631 file=d:\ymir work\monster\orc_soldier\orc_soldier.gr2 vid=9179 part=0 category=2 position=82188,-138106,16589.5 vertices=1627 deform_vertices=1450 rigid_vertices=177
material group=0 stage=0 alpha_test=0 blend=0 rigid=1 mesh=0 cull=0 depth_write=1 texture=d:\ymir work\monster\orc_soldier\orc_soldier_ax.dds race=631 file=d:\ymir work\monster\orc_soldier\orc_soldier.gr2 vid=9179 part=0 category=2 position=82188,-138106,16589.5 vertices=1627 deform_vertices=1450 rigid_vertices=177
submitted: GPU-skinned actor part race=2103 file=d:\ymir work\monster2\giant_scorpion\giant_scorpion.gr2 vid=9182 part=0 category=2 position=82503,-137810,16589.5 vertices=1930 deform_vertices=1930 rigid_vertices=0
material group=0 stage=0 alpha_test=0 blend=0 rigid=0 mesh=0 cull=0 depth_write=1 texture=d:\ymir work\monster2\giant_scorpion\giant_scorpion.dds race=2103 file=d:\ymir work\monster2\giant_scorpion\giant_scorpion.gr2 vid=9182 part=0 category=2 position=82503,-137810,16589.5 vertices=1930 deform_vertices=1930 rigid_vertices=0
submitted: GPU-skinned actor part race=2103 file=d:\ymir work\monster2\giant_scorpion\giant_scorpion.gr2 vid=9181 part=0 category=2 position=82158,-138297,16589.7 vertices=1930 deform_vertices=1930 rigid_vertices=0
material group=0 stage=0 alpha_test=0 blend=0 rigid=0 mesh=0 cull=0 depth_write=1 texture=d:\ymir work\monster2\giant_scorpion\giant_scorpion.dds race=2103 file=d:\ymir work\monster2\giant_scorpion\giant_scorpion.gr2 vid=9181 part=0 category=2 position=82158,-138297,16589.7 vertices=1930 deform_vertices=1930 rigid_vertices=0
submitted: GPU-skinned actor part race=631 file=d:\ymir work\monster\orc_soldier\orc_soldier.gr2 vid=9180 part=0 category=2 position=82584,-138507,16601.4 vertices=1627 deform_vertices=1450 rigid_vertices=177
material group=1 stage=0 alpha_test=0 blend=0 rigid=0 mesh=1 cull=0 depth_write=1 texture=d:\ymir work\monster\orc_soldier\orc_soldier.dds race=631 file=d:\ymir work\monster\orc_soldier\orc_soldier.gr2 vid=9180 part=0 category=2 position=82584,-138507,16601.4 vertices=1627 deform_vertices=1450 rigid_vertices=177
material group=0 stage=0 alpha_test=0 blend=0 rigid=1 mesh=0 cull=0 depth_write=1 texture=d:\ymir work\monster\orc_soldier\orc_soldier_ax.dds race=631 file=d:\ymir work\monster\orc_soldier\orc_soldier.gr2 vid=9180 part=0 category=2 position=82584,-138507,16601.4 vertices=1627 deform_vertices=1450 rigid_vertices=177
submitted: GPU-skinned actor part race=602 file=d:\ymir work\monster\orc_scouter\orc_scouter.gr2 vid=9189 part=0 category=2 position=78925,-139024,16542.3 vertices=1400 deform_vertices=1298 rigid_vertices=102
material group=1 stage=2 alpha_test=0 blend=0 rigid=0 mesh=1 cull=0 depth_write=1 texture=d:\ymir work\monster\orc_scouter\orc_scouter.dds race=602 file=d:\ymir work\monster\orc_scouter\orc_scouter.gr2 vid=9189 part=0 category=2 position=78925,-139024,16542.3 vertices=1400 deform_vertices=1298 rigid_vertices=102
material group=0 stage=2 alpha_test=0 blend=0 rigid=1 mesh=0 cull=0 depth_write=1 texture=d:\ymir work\monster\orc_scouter\orc_scouter_stick.dds race=602 file=d:\ymir work\monster\orc_scouter\orc_scouter.gr2 vid=9189 part=0 category=2 position=78925,-139024,16542.3 vertices=1400 deform_vertices=1298 rigid_vertices=102
submitted: GPU-skinned actor part race=603 file=d:\ymir work\monster\orc_knight\orc_knight.gr2 vid=9188 part=0 category=2 position=78470,-139332,16543.4 vertices=1857 deform_vertices=1356 rigid_vertices=501
material group=0 stage=2 alpha_test=0 blend=0 rigid=0 mesh=0 cull=0 depth_write=1 texture=d:\ymir work\monster\orc_knight\orc_knight.dds race=603 file=d:\ymir work\monster\orc_knight\orc_knight.gr2 vid=9188 part=0 category=2 position=78470,-139332,16543.4 vertices=1857 deform_vertices=1356 rigid_vertices=501
material group=0 stage=2 alpha_test=0 blend=0 rigid=1 mesh=1 cull=0 depth_write=1 texture=d:\ymir work\monster\orc_knight\orc_knight.dds race=603 file=d:\ymir work\monster\orc_knight\orc_knight.gr2 vid=9188 part=0 category=2 position=78470,-139332,16543.4 vertices=1857 deform_vertices=1356 rigid_vertices=501
submitted: GPU-skinned actor part race=604 file=d:\ymir work\monster\orc_magician\orc_magician.gr2 vid=9187 part=0 category=2 position=78217,-139324,16567.7 vertices=1525 deform_vertices=1465 rigid_vertices=60
material group=0 stage=2 alpha_test=0 blend=0 rigid=0 mesh=0 cull=0 depth_write=1 texture=d:\ymir work\monster\orc_magician\orc_magician.dds race=604 file=d:\ymir work\monster\orc_magician\orc_magician.gr2 vid=9187 part=0 category=2 position=78217,-139324,16567.7 vertices=1525 deform_vertices=1465 rigid_vertices=60
material group=0 stage=2 alpha_test=0 blend=0 rigid=1 mesh=1 cull=0 depth_write=1 texture=d:\ymir work\monster\orc_magician\orc_magician.dds race=604 file=d:\ymir work\monster\orc_magician\orc_magician.gr2 vid=9187 part=0 category=2 position=78217,-139324,16567.7 vertices=1525 deform_vertices=1465 rigid_vertices=60
submitted: GPU-skinned actor part race=651 file=d:\ymir work\monster\orc_soldier\orc_soldier.gr2 vid=20392 part=0 category=2 position=71988.5,-136226,16466.1 vertices=777 deform_vertices=700 rigid_vertices=77
material group=1 stage=2 alpha_test=0 blend=0 rigid=0 mesh=1 cull=0 depth_write=1 texture=d:\ymir work\monster\orc_soldier\orc_soldier.dds race=651 file=d:\ymir work\monster\orc_soldier\orc_soldier.gr2 vid=20392 part=0 category=2 position=71988.5,-136226,16466.1 vertices=777 deform_vertices=700 rigid_vertices=77
material group=0 stage=2 alpha_test=0 blend=0 rigid=1 mesh=0 cull=0 depth_write=1 texture=d:\ymir work\monster\orc_soldier\orc_soldier_ax.dds race=651 file=d:\ymir work\monster\orc_soldier\orc_soldier.gr2 vid=20392 part=0 category=2 position=71988.5,-136226,16466.1 vertices=777 deform_vertices=700 rigid_vertices=77
submitted: GPU-skinned actor part race=651 file=d:\ymir work\monster\orc_soldier\orc_soldier.gr2 vid=20393 part=0 category=2 position=72172,-136020,16477.1 vertices=777 deform_vertices=700 rigid_vertices=77
material group=1 stage=2 alpha_test=0 blend=0 rigid=0 mesh=1 cull=0 depth_write=1 texture=d:\ymir work\monster\orc_soldier\orc_soldier.dds race=651 file=d:\ymir work\monster\orc_soldier\orc_soldier.gr2 vid=20393 part=0 category=2 position=72172,-136020,16477.1 vertices=777 deform_vertices=700 rigid_vertices=77
material group=0 stage=2 alpha_test=0 blend=0 rigid=1 mesh=0 cull=0 depth_write=1 texture=d:\ymir work\monster\orc_soldier\orc_soldier_ax.dds race=651 file=d:\ymir work\monster\orc_soldier\orc_soldier.gr2 vid=20393 part=0 category=2 position=72172,-136020,16477.1 vertices=777 deform_vertices=700 rigid_vertices=77
material group=1 stage=0 alpha_test=0 blend=1 rigid=0 mesh=1 cull=0 depth_write=1 texture=d:\ymir work\monster\orc_scouter\orc_scouter.dds race=602 file=d:\ymir work\monster\orc_scouter\orc_scouter.gr2 vid=9178 part=0 category=2 position=74833.6,-136851,16568.5 vertices=1400 deform_vertices=1298 rigid_vertices=102
material group=0 stage=0 alpha_test=0 blend=1 rigid=1 mesh=0 cull=0 depth_write=1 texture=d:\ymir work\monster\orc_scouter\orc_scouter_stick.dds race=602 file=d:\ymir work\monster\orc_scouter\orc_scouter.gr2 vid=9178 part=0 category=2 position=74833.6,-136851,16568.5 vertices=1400 deform_vertices=1298 rigid_vertices=102
material group=0 stage=0 alpha_test=0 blend=1 rigid=0 mesh=0 cull=0 depth_write=1 texture=d:\ymir work\monster\orc_knight\orc_knight.dds race=603 file=d:\ymir work\monster\orc_knight\orc_knight.gr2 vid=9177 part=0 category=2 position=75594.4,-137210,16585 vertices=1857 deform_vertices=1356 rigid_vertices=501
material group=0 stage=0 alpha_test=0 blend=1 rigid=1 mesh=1 cull=0 depth_write=1 texture=d:\ymir work\monster\orc_knight\orc_knight.dds race=603 file=d:\ymir work\monster\orc_knight\orc_knight.gr2 vid=9177 part=0 category=2 position=75594.4,-137210,16585 vertices=1857 deform_vertices=1356 rigid_vertices=501
material group=0 stage=0 alpha_test=0 blend=1 rigid=0 mesh=0 cull=0 depth_write=1 texture=d:\ymir work\monster\orc_magician\orc_magician.dds race=604 file=d:\ymir work\monster\orc_magician\orc_magician.gr2 vid=9176 part=0 category=2 position=74313.7,-137533,16542.1 vertices=1525 deform_vertices=1465 rigid_vertices=60
material group=0 stage=0 alpha_test=0 blend=1 rigid=1 mesh=1 cull=0 depth_write=1 texture=d:\ymir work\monster\orc_magician\orc_magician.dds race=604 file=d:\ymir work\monster\orc_magician\orc_magician.gr2 vid=9176 part=0 category=2 position=74313.7,-137533,16542.1 vertices=1525 deform_vertices=1465 rigid_vertices=60
submitted: GPU-skinned actor part race=633 file=d:\ymir work\monster\orc_knight\orc_knight.gr2 vid=24609 part=0 category=2 position=75119,-138478,16550.9 vertices=1857 deform_vertices=1356 rigid_vertices=501
material group=0 stage=0 alpha_test=0 blend=1 rigid=0 mesh=0 cull=0 depth_write=1 texture=d:\ymir work\monster\orc_knight\orc_knight.dds race=633 file=d:\ymir work\monster\orc_knight\orc_knight.gr2 vid=24609 part=0 category=2 position=75119,-138478,16550.9 vertices=1857 deform_vertices=1356 rigid_vertices=501
material group=0 stage=0 alpha_test=0 blend=1 rigid=1 mesh=1 cull=0 depth_write=1 texture=d:\ymir work\monster\orc_knight\orc_knight.dds race=633 file=d:\ymir work\monster\orc_knight\orc_knight.gr2 vid=24609 part=0 category=2 position=75119,-138478,16550.9 vertices=1857 deform_vertices=1356 rigid_vertices=501
submitted: GPU-skinned actor part race=632 file=d:\ymir work\monster\orc_scouter\orc_scouter.gr2 vid=24612 part=0 category=2 position=75537,-138500,16551.7 vertices=1400 deform_vertices=1298 rigid_vertices=102
material group=1 stage=0 alpha_test=0 blend=1 rigid=0 mesh=1 cull=0 depth_write=1 texture=d:\ymir work\monster\orc_scouter\orc_scouter.dds race=632 file=d:\ymir work\monster\orc_scouter\orc_scouter.gr2 vid=24612 part=0 category=2 position=75537,-138500,16551.7 vertices=1400 deform_vertices=1298 rigid_vertices=102
material group=0 stage=0 alpha_test=0 blend=1 rigid=1 mesh=0 cull=0 depth_write=1 texture=d:\ymir work\monster\orc_scouter\orc_scouter_stick.dds race=632 file=d:\ymir work\monster\orc_scouter\orc_scouter.gr2 vid=24612 part=0 category=2 position=75537,-138500,16551.7 vertices=1400 deform_vertices=1298 rigid_vertices=102
submitted: GPU-skinned actor part race=633 file=d:\ymir work\monster\orc_knight\orc_knight.gr2 vid=24610 part=0 category=2 position=75595,-138701,16566.6 vertices=1857 deform_vertices=1356 rigid_vertices=501
material group=0 stage=0 alpha_test=0 blend=1 rigid=0 mesh=0 cull=0 depth_write=1 texture=d:\ymir work\monster\orc_knight\orc_knight.dds race=633 file=d:\ymir work\monster\orc_knight\orc_knight.gr2 vid=24610 part=0 category=2 position=75595,-138701,16566.6 vertices=1857 deform_vertices=1356 rigid_vertices=501
material group=0 stage=0 alpha_test=0 blend=1 rigid=1 mesh=1 cull=0 depth_write=1 texture=d:\ymir work\monster\orc_knight\orc_knight.dds race=633 file=d:\ymir work\monster\orc_knight\orc_knight.gr2 vid=24610 part=0 category=2 position=75595,-138701,16566.6 vertices=1857 deform_vertices=1356 rigid_vertices=501
submitted: GPU-skinned actor part race=632 file=d:\ymir work\monster\orc_scouter\orc_scouter.gr2 vid=24611 part=0 category=2 position=75843,-138899,16574.3 vertices=1400 deform_vertices=1298 rigid_vertices=102
material group=1 stage=0 alpha_test=0 blend=1 rigid=0 mesh=1 cull=0 depth_write=1 texture=d:\ymir work\monster\orc_scouter\orc_scouter.dds race=632 file=d:\ymir work\monster\orc_scouter\orc_scouter.gr2 vid=24611 part=0 category=2 position=75843,-138899,16574.3 vertices=1400 deform_vertices=1298 rigid_vertices=102
material group=0 stage=0 alpha_test=0 blend=1 rigid=1 mesh=0 cull=0 depth_write=1 texture=d:\ymir work\monster\orc_scouter\orc_scouter_stick.dds race=632 file=d:\ymir work\monster\orc_scouter\orc_scouter.gr2 vid=24611 part=0 category=2 position=75843,-138899,16574.3 vertices=1400 deform_vertices=1298 rigid_vertices=102
material group=0 stage=0 alpha_test=0 blend=0 rigid=0 mesh=0 cull=0 depth_write=1 texture=d:\ymir work\monster\orc_knight\orc_knight.dds race=633 file=d:\ymir work\monster\orc_knight\orc_knight.gr2 vid=24609 part=0 category=2 position=75119,-138478,16550.9 vertices=1857 deform_vertices=1356 rigid_vertices=501
material group=0 stage=0 alpha_test=0 blend=0 rigid=1 mesh=1 cull=0 depth_write=1 texture=d:\ymir work\monster\orc_knight\orc_knight.dds race=633 file=d:\ymir work\monster\orc_knight\orc_knight.gr2 vid=24609 part=0 category=2 position=75119,-138478,16550.9 vertices=1857 deform_vertices=1356 rigid_vertices=501
material group=1 stage=0 alpha_test=0 blend=0 rigid=0 mesh=1 cull=0 depth_write=1 texture=d:\ymir work\monster\orc_scouter\orc_scouter.dds race=632 file=d:\ymir work\monster\orc_scouter\orc_scouter.gr2 vid=24612 part=0 category=2 position=75537,-138500,16551.7 vertices=1400 deform_vertices=1298 rigid_vertices=102
material group=0 stage=0 alpha_test=0 blend=0 rigid=1 mesh=0 cull=0 depth_write=1 texture=d:\ymir work\monster\orc_scouter\orc_scouter_stick.dds race=632 file=d:\ymir work\monster\orc_scouter\orc_scouter.gr2 vid=24612 part=0 category=2 position=75537,-138500,16551.7 vertices=1400 deform_vertices=1298 rigid_vertices=102
material group=0 stage=0 alpha_test=0 blend=0 rigid=0 mesh=0 cull=0 depth_write=1 texture=d:\ymir work\monster\orc_knight\orc_knight.dds race=633 file=d:\ymir work\monster\orc_knight\orc_knight.gr2 vid=24610 part=0 category=2 position=75595,-138701,16566.6 vertices=1857 deform_vertices=1356 rigid_vertices=501
material group=0 stage=0 alpha_test=0 blend=0 rigid=1 mesh=1 cull=0 depth_write=1 texture=d:\ymir work\monster\orc_knight\orc_knight.dds race=633 file=d:\ymir work\monster\orc_knight\orc_knight.gr2 vid=24610 part=0 category=2 position=75595,-138701,16566.6 vertices=1857 deform_vertices=1356 rigid_vertices=501
material group=1 stage=0 alpha_test=0 blend=0 rigid=0 mesh=1 cull=0 depth_write=1 texture=d:\ymir work\monster\orc_scouter\orc_scouter.dds race=632 file=d:\ymir work\monster\orc_scouter\orc_scouter.gr2 vid=24611 part=0 category=2 position=75843,-138899,16574.3 vertices=1400 deform_vertices=1298 rigid_vertices=102
material group=0 stage=0 alpha_test=0 blend=0 rigid=1 mesh=0 cull=0 depth_write=1 texture=d:\ymir work\monster\orc_scouter\orc_scouter_stick.dds race=632 file=d:\ymir work\monster\orc_scouter\orc_scouter.gr2 vid=24611 part=0 category=2 position=75843,-138899,16574.3 vertices=1400 deform_vertices=1298 rigid_vertices=102
material group=1 stage=0 alpha_test=0 blend=0 rigid=0 mesh=1 cull=0 depth_write=1 texture=d:\ymir work\monster\orc_scouter\orc_scouter.dds race=632 file=d:\ymir work\monster\orc_scouter\orc_scouter.gr2 vid=9073 part=0 category=2 position=73820,-130296,16580.6 vertices=1400 deform_vertices=1298 rigid_vertices=102
material group=0 stage=0 alpha_test=0 blend=0 rigid=1 mesh=0 cull=0 depth_write=1 texture=d:\ymir work\monster\orc_scouter\orc_scouter_stick.dds race=632 file=d:\ymir work\monster\orc_scouter\orc_scouter.gr2 vid=9073 part=0 category=2 position=73820,-130296,16580.6 vertices=1400 deform_vertices=1298 rigid_vertices=102
submitted: GPU-skinned actor part race=633 file=d:\ymir work\monster\orc_knight\orc_knight.gr2 vid=24610 part=0 category=2 position=75595,-138701,16566.6 vertices=948 deform_vertices=814 rigid_vertices=134
material group=0 stage=0 alpha_test=0 blend=0 rigid=0 mesh=0 cull=0 depth_write=1 texture=d:\ymir work\monster\orc_knight\orc_knight.dds race=633 file=d:\ymir work\monster\orc_knight\orc_knight.gr2 vid=24610 part=0 category=2 position=75595,-138701,16566.6 vertices=948 deform_vertices=814 rigid_vertices=134
material group=0 stage=0 alpha_test=0 blend=0 rigid=1 mesh=1 cull=0 depth_write=1 texture=d:\ymir work\monster\orc_knight\orc_knight.dds race=633 file=d:\ymir work\monster\orc_knight\orc_knight.gr2 vid=24610 part=0 category=2 position=75595,-138701,16566.6 vertices=948 deform_vertices=814 rigid_vertices=134
submitted: GPU-skinned actor part race=651 file=d:\ymir work\monster\orc_soldier\orc_soldier.gr2 vid=9051 part=0 category=2 position=70273,-131897,16583.8 vertices=1627 deform_vertices=1450 rigid_vertices=177
material group=1 stage=2 alpha_test=0 blend=0 rigid=0 mesh=1 cull=0 depth_write=1 texture=d:\ymir work\monster\orc_soldier\orc_soldier.dds race=651 file=d:\ymir work\monster\orc_soldier\orc_soldier.gr2 vid=9051 part=0 category=2 position=70273,-131897,16583.8 vertices=1627 deform_vertices=1450 rigid_vertices=177
material group=0 stage=2 alpha_test=0 blend=0 rigid=1 mesh=0 cull=0 depth_write=1 texture=d:\ymir work\monster\orc_soldier\orc_soldier_ax.dds race=651 file=d:\ymir work\monster\orc_soldier\orc_soldier.gr2 vid=9051 part=0 category=2 position=70273,-131897,16583.8 vertices=1627 deform_vertices=1450 rigid_vertices=177
submitted: GPU-skinned actor part race=651 file=d:\ymir work\monster\orc_soldier\orc_soldier.gr2 vid=9050 part=0 category=2 position=70072,-131287,16672.7 vertices=1627 deform_vertices=1450 rigid_vertices=177
material group=1 stage=2 alpha_test=0 blend=0 rigid=0 mesh=1 cull=0 depth_write=1 texture=d:\ymir work\monster\orc_soldier\orc_soldier.dds race=651 file=d:\ymir work\monster\orc_soldier\orc_soldier.gr2 vid=9050 part=0 category=2 position=70072,-131287,16672.7 vertices=1627 deform_vertices=1450 rigid_vertices=177
material group=0 stage=2 alpha_test=0 blend=0 rigid=1 mesh=0 cull=0 depth_write=1 texture=d:\ymir work\monster\orc_soldier\orc_soldier_ax.dds race=651 file=d:\ymir work\monster\orc_soldier\orc_soldier.gr2 vid=9050 part=0 category=2 position=70072,-131287,16672.7 vertices=1627 deform_vertices=1450 rigid_vertices=177
submitted: GPU-skinned actor part race=651 file=d:\ymir work\monster\orc_soldier\orc_soldier.gr2 vid=9052 part=0 category=2 position=69720,-131244,16729.5 vertices=1627 deform_vertices=1450 rigid_vertices=177
material group=1 stage=2 alpha_test=0 blend=0 rigid=0 mesh=1 cull=0 depth_write=1 texture=d:\ymir work\monster\orc_soldier\orc_soldier.dds race=651 file=d:\ymir work\monster\orc_soldier\orc_soldier.gr2 vid=9052 part=0 category=2 position=69720,-131244,16729.5 vertices=1627 deform_vertices=1450 rigid_vertices=177
material group=0 stage=2 alpha_test=0 blend=0 rigid=1 mesh=0 cull=0 depth_write=1 texture=d:\ymir work\monster\orc_soldier\orc_soldier_ax.dds race=651 file=d:\ymir work\monster\orc_soldier\orc_soldier.gr2 vid=9052 part=0 category=2 position=69720,-131244,16729.5 vertices=1627 deform_vertices=1450 rigid_vertices=177
submitted: GPU-skinned actor part race=653 file=d:\ymir work\monster\orc_knight\orc_knight.gr2 vid=9080 part=0 category=2 position=70310,-132831,16572.8 vertices=1857 deform_vertices=1356 rigid_vertices=501
material group=0 stage=2 alpha_test=0 blend=0 rigid=0 mesh=0 cull=0 depth_write=1 texture=d:\ymir work\monster\orc_knight\orc_knight.dds race=653 file=d:\ymir work\monster\orc_knight\orc_knight.gr2 vid=9080 part=0 category=2 position=70310,-132831,16572.8 vertices=1857 deform_vertices=1356 rigid_vertices=501
material group=0 stage=2 alpha_test=0 blend=0 rigid=1 mesh=1 cull=0 depth_write=1 texture=d:\ymir work\monster\orc_knight\orc_knight.dds race=653 file=d:\ymir work\monster\orc_knight\orc_knight.gr2 vid=9080 part=0 category=2 position=70310,-132831,16572.8 vertices=1857 deform_vertices=1356 rigid_vertices=501
submitted: GPU-skinned actor part race=653 file=d:\ymir work\monster\orc_knight\orc_knight.gr2 vid=9081 part=0 category=2 position=70061,-132549,16595 vertices=1857 deform_vertices=1356 rigid_vertices=501
material group=0 stage=2 alpha_test=0 blend=0 rigid=0 mesh=0 cull=0 depth_write=1 texture=d:\ymir work\monster\orc_knight\orc_knight.dds race=653 file=d:\ymir work\monster\orc_knight\orc_knight.gr2 vid=9081 part=0 category=2 position=70061,-132549,16595 vertices=1857 deform_vertices=1356 rigid_vertices=501
material group=0 stage=2 alpha_test=0 blend=0 rigid=1 mesh=1 cull=0 depth_write=1 texture=d:\ymir work\monster\orc_knight\orc_knight.dds race=653 file=d:\ymir work\monster\orc_knight\orc_knight.gr2 vid=9081 part=0 category=2 position=70061,-132549,16595 vertices=1857 deform_vertices=1356 rigid_vertices=501
submitted: GPU-skinned actor part race=653 file=d:\ymir work\monster\orc_knight\orc_knight.gr2 vid=9079 part=0 category=2 position=69668,-132483,16624.7 vertices=1857 deform_vertices=1356 rigid_vertices=501
material group=0 stage=2 alpha_test=0 blend=0 rigid=0 mesh=0 cull=0 depth_write=1 texture=d:\ymir work\monster\orc_knight\orc_knight.dds race=653 file=d:\ymir work\monster\orc_knight\orc_knight.gr2 vid=9079 part=0 category=2 position=69668,-132483,16624.7 vertices=1857 deform_vertices=1356 rigid_vertices=501
material group=0 stage=2 alpha_test=0 blend=0 rigid=1 mesh=1 cull=0 depth_write=1 texture=d:\ymir work\monster\orc_knight\orc_knight.dds race=653 file=d:\ymir work\monster\orc_knight\orc_knight.gr2 vid=9079 part=0 category=2 position=69668,-132483,16624.7 vertices=1857 deform_vertices=1356 rigid_vertices=501
submitted: GPU-skinned actor part race=632 file=d:\ymir work\monster\orc_scouter\orc_scouter.gr2 vid=24611 part=0 category=2 position=76454.4,-138677,16548.5 vertices=752 deform_vertices=699 rigid_vertices=53
material group=1 stage=0 alpha_test=0 blend=0 rigid=0 mesh=1 cull=0 depth_write=1 texture=d:\ymir work\monster\orc_scouter\orc_scouter.dds race=632 file=d:\ymir work\monster\orc_scouter\orc_scouter.gr2 vid=24611 part=0 category=2 position=76454.4,-138677,16548.5 vertices=752 deform_vertices=699 rigid_vertices=53
material group=0 stage=0 alpha_test=0 blend=0 rigid=1 mesh=0 cull=0 depth_write=1 texture=d:\ymir work\monster\orc_scouter\orc_scouter_stick.dds race=632 file=d:\ymir work\monster\orc_scouter\orc_scouter.gr2 vid=24611 part=0 category=2 position=76454.4,-138677,16548.5 vertices=752 deform_vertices=699 rigid_vertices=53
submitted: GPU-skinned actor part race=631 file=d:\ymir work\monster\orc_soldier\orc_soldier.gr2 vid=24605 part=0 category=2 position=72527,-136261,16485.9 vertices=1627 deform_vertices=1450 rigid_vertices=177
material group=1 stage=0 alpha_test=0 blend=0 rigid=0 mesh=1 cull=0 depth_write=1 texture=d:\ymir work\monster\orc_soldier\orc_soldier.dds race=631 file=d:\ymir work\monster\orc_soldier\orc_soldier.gr2 vid=24605 part=0 category=2 position=72527,-136261,16485.9 vertices=1627 deform_vertices=1450 rigid_vertices=177
material group=0 stage=0 alpha_test=0 blend=0 rigid=1 mesh=0 cull=0 depth_write=1 texture=d:\ymir work\monster\orc_soldier\orc_soldier_ax.dds race=631 file=d:\ymir work\monster\orc_soldier\orc_soldier.gr2 vid=24605 part=0 category=2 position=72527,-136261,16485.9 vertices=1627 deform_vertices=1450 rigid_vertices=177
submitted: GPU-skinned actor part race=633 file=d:\ymir work\monster\orc_knight\orc_knight.gr2 vid=20613 part=0 category=2 position=68301,-132806,16654.2 vertices=1857 deform_vertices=1356 rigid_vertices=501
material group=0 stage=0 alpha_test=0 blend=0 rigid=0 mesh=0 cull=0 depth_write=1 texture=d:\ymir work\monster\orc_knight\orc_knight.dds race=633 file=d:\ymir work\monster\orc_knight\orc_knight.gr2 vid=20613 part=0 category=2 position=68301,-132806,16654.2 vertices=1857 deform_vertices=1356 rigid_vertices=501
material group=0 stage=0 alpha_test=0 blend=0 rigid=1 mesh=1 cull=0 depth_write=1 texture=d:\ymir work\monster\orc_knight\orc_knight.dds race=633 file=d:\ymir work\monster\orc_knight\orc_knight.gr2 vid=20613 part=0 category=2 position=68301,-132806,16654.2 vertices=1857 deform_vertices=1356 rigid_vertices=501
submitted: GPU-skinned actor part race=631 file=d:\ymir work\monster\orc_soldier\orc_soldier.gr2 vid=24606 part=0 category=2 position=72272,-136411,16475.3 vertices=1627 deform_vertices=1450 rigid_vertices=177
material group=1 stage=0 alpha_test=0 blend=0 rigid=0 mesh=1 cull=0 depth_write=1 texture=d:\ymir work\monster\orc_soldier\orc_soldier.dds race=631 file=d:\ymir work\monster\orc_soldier\orc_soldier.gr2 vid=24606 part=0 category=2 position=72272,-136411,16475.3 vertices=1627 deform_vertices=1450 rigid_vertices=177
material group=0 stage=0 alpha_test=0 blend=0 rigid=1 mesh=0 cull=0 depth_write=1 texture=d:\ymir work\monster\orc_soldier\orc_soldier_ax.dds race=631 file=d:\ymir work\monster\orc_soldier\orc_soldier.gr2 vid=24606 part=0 category=2 position=72272,-136411,16475.3 vertices=1627 deform_vertices=1450 rigid_vertices=177
submitted: GPU-skinned actor part race=2103 file=d:\ymir work\monster2\giant_scorpion\giant_scorpion.gr2 vid=24607 part=0 category=2 position=72090,-136694,16463.8 vertices=1930 deform_vertices=1930 rigid_vertices=0
material group=0 stage=0 alpha_test=0 blend=0 rigid=0 mesh=0 cull=0 depth_write=1 texture=d:\ymir work\monster2\giant_scorpion\giant_scorpion.dds race=2103 file=d:\ymir work\monster2\giant_scorpion\giant_scorpion.gr2 vid=24607 part=0 category=2 position=72090,-136694,16463.8 vertices=1930 deform_vertices=1930 rigid_vertices=0
submitted: GPU-skinned actor part race=2103 file=d:\ymir work\monster2\giant_scorpion\giant_scorpion.gr2 vid=24608 part=0 category=2 position=71602,-136310,16448.8 vertices=1930 deform_vertices=1930 rigid_vertices=0
material group=0 stage=0 alpha_test=0 blend=0 rigid=0 mesh=0 cull=0 depth_write=1 texture=d:\ymir work\monster2\giant_scorpion\giant_scorpion.dds race=2103 file=d:\ymir work\monster2\giant_scorpion\giant_scorpion.gr2 vid=24608 part=0 category=2 position=71602,-136310,16448.8 vertices=1930 deform_vertices=1930 rigid_vertices=0
submitted: GPU-skinned actor part race=632 file=d:\ymir work\monster\orc_scouter\orc_scouter.gr2 vid=20614 part=0 category=2 position=68267,-133953,16874.6 vertices=1400 deform_vertices=1298 rigid_vertices=102
material group=1 stage=0 alpha_test=0 blend=0 rigid=0 mesh=1 cull=0 depth_write=1 texture=d:\ymir work\monster\orc_scouter\orc_scouter.dds race=632 file=d:\ymir work\monster\orc_scouter\orc_scouter.gr2 vid=20614 part=0 category=2 position=68267,-133953,16874.6 vertices=1400 deform_vertices=1298 rigid_vertices=102
material group=0 stage=0 alpha_test=0 blend=0 rigid=1 mesh=0 cull=0 depth_write=1 texture=d:\ymir work\monster\orc_scouter\orc_scouter_stick.dds race=632 file=d:\ymir work\monster\orc_scouter\orc_scouter.gr2 vid=20614 part=0 category=2 position=68267,-133953,16874.6 vertices=1400 deform_vertices=1298 rigid_vertices=102
submitted: GPU-skinned actor part race=633 file=d:\ymir work\monster\orc_knight\orc_knight.gr2 vid=20612 part=0 category=2 position=67764,-133402,16780.7 vertices=1857 deform_vertices=1356 rigid_vertices=501
material group=0 stage=0 alpha_test=0 blend=0 rigid=0 mesh=0 cull=0 depth_write=1 texture=d:\ymir work\monster\orc_knight\orc_knight.dds race=633 file=d:\ymir work\monster\orc_knight\orc_knight.gr2 vid=20612 part=0 category=2 position=67764,-133402,16780.7 vertices=1857 deform_vertices=1356 rigid_vertices=501
material group=0 stage=0 alpha_test=0 blend=0 rigid=1 mesh=1 cull=0 depth_write=1 texture=d:\ymir work\monster\orc_knight\orc_knight.dds race=633 file=d:\ymir work\monster\orc_knight\orc_knight.gr2 vid=20612 part=0 category=2 position=67764,-133402,16780.7 vertices=1857 deform_vertices=1356 rigid_vertices=501
submitted: GPU-skinned actor part race=632 file=d:\ymir work\monster\orc_scouter\orc_scouter.gr2 vid=20615 part=0 category=2 position=67432,-133334,16749 vertices=1400 deform_vertices=1298 rigid_vertices=102
material group=1 stage=0 alpha_test=0 blend=0 rigid=0 mesh=1 cull=0 depth_write=1 texture=d:\ymir work\monster\orc_scouter\orc_scouter.dds race=632 file=d:\ymir work\monster\orc_scouter\orc_scouter.gr2 vid=20615 part=0 category=2 position=67432,-133334,16749 vertices=1400 deform_vertices=1298 rigid_vertices=102
material group=0 stage=0 alpha_test=0 blend=0 rigid=1 mesh=0 cull=0 depth_write=1 texture=d:\ymir work\monster\orc_scouter\orc_scouter_stick.dds race=632 file=d:\ymir work\monster\orc_scouter\orc_scouter.gr2 vid=20615 part=0 category=2 position=67432,-133334,16749 vertices=1400 deform_vertices=1298 rigid_vertices=102
submitted: GPU-skinned actor part race=633 file=d:\ymir work\monster\orc_knight\orc_knight.gr2 vid=9116 part=0 category=2 position=66488,-133122,16754.4 vertices=1857 deform_vertices=1356 rigid_vertices=501
material group=0 stage=0 alpha_test=0 blend=0 rigid=0 mesh=0 cull=0 depth_write=1 texture=d:\ymir work\monster\orc_knight\orc_knight.dds race=633 file=d:\ymir work\monster\orc_knight\orc_knight.gr2 vid=9116 part=0 category=2 position=66488,-133122,16754.4 vertices=1857 deform_vertices=1356 rigid_vertices=501
material group=0 stage=0 alpha_test=0 blend=0 rigid=1 mesh=1 cull=0 depth_write=1 texture=d:\ymir work\monster\orc_knight\orc_knight.dds race=633 file=d:\ymir work\monster\orc_knight\orc_knight.gr2 vid=9116 part=0 category=2 position=66488,-133122,16754.4 vertices=1857 deform_vertices=1356 rigid_vertices=501
submitted: GPU-skinned actor part race=633 file=d:\ymir work\monster\orc_knight\orc_knight.gr2 vid=9115 part=0 category=2 position=66795,-133321,16752.4 vertices=1857 deform_vertices=1356 rigid_vertices=501
material group=0 stage=0 alpha_test=0 blend=0 rigid=0 mesh=0 cull=0 depth_write=1 texture=d:\ymir work\monster\orc_knight\orc_knight.dds race=633 file=d:\ymir work\monster\orc_knight\orc_knight.gr2 vid=9115 part=0 category=2 position=66795,-133321,16752.4 vertices=1857 deform_vertices=1356 rigid_vertices=501
material group=0 stage=0 alpha_test=0 blend=0 rigid=1 mesh=1 cull=0 depth_write=1 texture=d:\ymir work\monster\orc_knight\orc_knight.dds race=633 file=d:\ymir work\monster\orc_knight\orc_knight.gr2 vid=9115 part=0 category=2 position=66795,-133321,16752.4 vertices=1857 deform_vertices=1356 rigid_vertices=501
submitted: GPU-skinned actor part race=632 file=d:\ymir work\monster\orc_scouter\orc_scouter.gr2 vid=9118 part=0 category=2 position=66647,-133536,16761.6 vertices=1400 deform_vertices=1298 rigid_vertices=102
material group=1 stage=0 alpha_test=0 blend=0 rigid=0 mesh=1 cull=0 depth_write=1 texture=d:\ymir work\monster\orc_scouter\orc_scouter.dds race=632 file=d:\ymir work\monster\orc_scouter\orc_scouter.gr2 vid=9118 part=0 category=2 position=66647,-133536,16761.6 vertices=1400 deform_vertices=1298 rigid_vertices=102
material group=0 stage=0 alpha_test=0 blend=0 rigid=1 mesh=0 cull=0 depth_write=1 texture=d:\ymir work\monster\orc_scouter\orc_scouter_stick.dds race=632 file=d:\ymir work\monster\orc_scouter\orc_scouter.gr2 vid=9118 part=0 category=2 position=66647,-133536,16761.6 vertices=1400 deform_vertices=1298 rigid_vertices=102
submitted: GPU-skinned actor part race=632 file=d:\ymir work\monster\orc_scouter\orc_scouter.gr2 vid=9117 part=0 category=2 position=66594,-133186,16755 vertices=1400 deform_vertices=1298 rigid_vertices=102
material group=1 stage=0 alpha_test=0 blend=0 rigid=0 mesh=1 cull=0 depth_write=1 texture=d:\ymir work\monster\orc_scouter\orc_scouter.dds race=632 file=d:\ymir work\monster\orc_scouter\orc_scouter.gr2 vid=9117 part=0 category=2 position=66594,-133186,16755 vertices=1400 deform_vertices=1298 rigid_vertices=102
material group=0 stage=0 alpha_test=0 blend=0 rigid=1 mesh=0 cull=0 depth_write=1 texture=d:\ymir work\monster\orc_scouter\orc_scouter_stick.dds race=632 file=d:\ymir work\monster\orc_scouter\orc_scouter.gr2 vid=9117 part=0 category=2 position=66594,-133186,16755 vertices=1400 deform_vertices=1298 rigid_vertices=102
submitted: GPU-skinned actor part race=2103 file=d:\ymir work\monster2\giant_scorpion\giant_scorpion.gr2 vid=9125 part=0 category=2 position=65518.1,-133554,16818.1 vertices=1930 deform_vertices=1930 rigid_vertices=0
material group=0 stage=0 alpha_test=0 blend=0 rigid=0 mesh=0 cull=0 depth_write=1 texture=d:\ymir work\monster2\giant_scorpion\giant_scorpion.dds race=2103 file=d:\ymir work\monster2\giant_scorpion\giant_scorpion.gr2 vid=9125 part=0 category=2 position=65518.1,-133554,16818.1 vertices=1930 deform_vertices=1930 rigid_vertices=0
submitted: GPU-skinned actor part race=631 file=d:\ymir work\monster\orc_soldier\orc_soldier.gr2 vid=9124 part=0 category=2 position=64566,-133211,16809.6 vertices=1627 deform_vertices=1450 rigid_vertices=177
material group=1 stage=0 alpha_test=0 blend=0 rigid=0 mesh=1 cull=0 depth_write=1 texture=d:\ymir work\monster\orc_soldier\orc_soldier.dds race=631 file=d:\ymir work\monster\orc_soldier\orc_soldier.gr2 vid=9124 part=0 category=2 position=64566,-133211,16809.6 vertices=1627 deform_vertices=1450 rigid_vertices=177
material group=0 stage=0 alpha_test=0 blend=0 rigid=1 mesh=0 cull=0 depth_write=1 texture=d:\ymir work\monster\orc_soldier\orc_soldier_ax.dds race=631 file=d:\ymir work\monster\orc_soldier\orc_soldier.gr2 vid=9124 part=0 category=2 position=64566,-133211,16809.6 vertices=1627 deform_vertices=1450 rigid_vertices=177
submitted: GPU-skinned actor part race=2103 file=d:\ymir work\monster2\giant_scorpion\giant_scorpion.gr2 vid=9126 part=0 category=2 position=64553.9,-133100,16797.8 vertices=1930 deform_vertices=1930 rigid_vertices=0
material group=0 stage=0 alpha_test=0 blend=0 rigid=0 mesh=0 cull=0 depth_write=1 texture=d:\ymir work\monster2\giant_scorpion\giant_scorpion.dds race=2103 file=d:\ymir work\monster2\giant_scorpion\giant_scorpion.gr2 vid=9126 part=0 category=2 position=64553.9,-133100,16797.8 vertices=1930 deform_vertices=1930 rigid_vertices=0
submitted: GPU-skinned actor part race=632 file=d:\ymir work\monster\orc_scouter\orc_scouter.gr2 vid=9175 part=0 category=2 position=76411,-137838,16572.4 vertices=752 deform_vertices=699 rigid_vertices=53
material group=1 stage=0 alpha_test=0 blend=0 rigid=0 mesh=1 cull=0 depth_write=1 texture=d:\ymir work\monster\orc_scouter\orc_scouter.dds race=632 file=d:\ymir work\monster\orc_scouter\orc_scouter.gr2 vid=9175 part=0 category=2 position=76411,-137838,16572.4 vertices=752 deform_vertices=699 rigid_vertices=53
material group=0 stage=0 alpha_test=0 blend=0 rigid=1 mesh=0 cull=0 depth_write=1 texture=d:\ymir work\monster\orc_scouter\orc_scouter_stick.dds race=632 file=d:\ymir work\monster\orc_scouter\orc_scouter.gr2 vid=9175 part=0 category=2 position=76411,-137838,16572.4 vertices=752 deform_vertices=699 rigid_vertices=53
submitted: GPU-skinned actor part race=631 file=d:\ymir work\monster\orc_soldier\orc_soldier.gr2 vid=9123 part=0 category=2 position=65053,-133668,16782 vertices=1627 deform_vertices=1450 rigid_vertices=177
material group=1 stage=0 alpha_test=0 blend=0 rigid=0 mesh=1 cull=0 depth_write=1 texture=d:\ymir work\monster\orc_soldier\orc_soldier.dds race=631 file=d:\ymir work\monster\orc_soldier\orc_soldier.gr2 vid=9123 part=0 category=2 position=65053,-133668,16782 vertices=1627 deform_vertices=1450 rigid_vertices=177
material group=0 stage=0 alpha_test=0 blend=0 rigid=1 mesh=0 cull=0 depth_write=1 texture=d:\ymir work\monster\orc_soldier\orc_soldier_ax.dds race=631 file=d:\ymir work\monster\orc_soldier\orc_soldier.gr2 vid=9123 part=0 category=2 position=65053,-133668,16782 vertices=1627 deform_vertices=1450 rigid_vertices=177
submitted: GPU-skinned actor part race=633 file=d:\ymir work\monster\orc_knight\orc_knight.gr2 vid=9172 part=0 category=2 position=75970,-137399,16583.2 vertices=948 deform_vertices=814 rigid_vertices=134
material group=0 stage=0 alpha_test=0 blend=0 rigid=0 mesh=0 cull=0 depth_write=1 texture=d:\ymir work\monster\orc_knight\orc_knight.dds race=633 file=d:\ymir work\monster\orc_knight\orc_knight.gr2 vid=9172 part=0 category=2 position=75970,-137399,16583.2 vertices=948 deform_vertices=814 rigid_vertices=134
material group=0 stage=0 alpha_test=0 blend=0 rigid=1 mesh=1 cull=0 depth_write=1 texture=d:\ymir work\monster\orc_knight\orc_knight.dds race=633 file=d:\ymir work\monster\orc_knight\orc_knight.gr2 vid=9172 part=0 category=2 position=75970,-137399,16583.2 vertices=948 deform_vertices=814 rigid_vertices=134
submitted: GPU-skinned actor part race=10011 file=d:\ymir work\npc\warp\warp.gr2 vid=9527 part=0 category=5 position=64000,-143600,16412.5 vertices=43 deform_vertices=43 rigid_vertices=0
material group=0 stage=0 alpha_test=0 blend=1 rigid=0 mesh=0 cull=0 depth_write=1 texture=d:\ymir work\npc\warp\warp.tga race=10011 file=d:\ymir work\npc\warp\warp.gr2 vid=9527 part=0 category=5 position=64000,-143600,16412.5 vertices=43 deform_vertices=43 rigid_vertices=0
submitted: GPU-skinned actor part race=651 file=d:\ymir work\monster\orc_soldier\orc_soldier.gr2 vid=20389 part=0 category=2 position=74893,-138508,16548.8 vertices=777 deform_vertices=700 rigid_vertices=77
material group=1 stage=2 alpha_test=0 blend=0 rigid=0 mesh=1 cull=0 depth_write=1 texture=d:\ymir work\monster\orc_soldier\orc_soldier.dds race=651 file=d:\ymir work\monster\orc_soldier\orc_soldier.gr2 vid=20389 part=0 category=2 position=74893,-138508,16548.8 vertices=777 deform_vertices=700 rigid_vertices=77
material group=0 stage=2 alpha_test=0 blend=0 rigid=1 mesh=0 cull=0 depth_write=1 texture=d:\ymir work\monster\orc_soldier\orc_soldier_ax.dds race=651 file=d:\ymir work\monster\orc_soldier\orc_soldier.gr2 vid=20389 part=0 category=2 position=74893,-138508,16548.8 vertices=777 deform_vertices=700 rigid_vertices=77
submitted: GPU-skinned actor part race=651 file=d:\ymir work\monster\orc_soldier\orc_soldier.gr2 vid=20387 part=0 category=2 position=74666,-138618,16572.5 vertices=777 deform_vertices=700 rigid_vertices=77
material group=1 stage=2 alpha_test=0 blend=0 rigid=0 mesh=1 cull=0 depth_write=1 texture=d:\ymir work\monster\orc_soldier\orc_soldier.dds race=651 file=d:\ymir work\monster\orc_soldier\orc_soldier.gr2 vid=20387 part=0 category=2 position=74666,-138618,16572.5 vertices=777 deform_vertices=700 rigid_vertices=77
material group=0 stage=2 alpha_test=0 blend=0 rigid=1 mesh=0 cull=0 depth_write=1 texture=d:\ymir work\monster\orc_soldier\orc_soldier_ax.dds race=651 file=d:\ymir work\monster\orc_soldier\orc_soldier.gr2 vid=20387 part=0 category=2 position=74666,-138618,16572.5 vertices=777 deform_vertices=700 rigid_vertices=77
submitted: GPU-skinned actor part race=651 file=d:\ymir work\monster\orc_soldier\orc_soldier.gr2 vid=20388 part=0 category=2 position=74634,-138638,16599 vertices=777 deform_vertices=700 rigid_vertices=77
material group=1 stage=2 alpha_test=0 blend=0 rigid=0 mesh=1 cull=0 depth_write=1 texture=d:\ymir work\monster\orc_soldier\orc_soldier.dds race=651 file=d:\ymir work\monster\orc_soldier\orc_soldier.gr2 vid=20388 part=0 category=2 position=74634,-138638,16599 vertices=777 deform_vertices=700 rigid_vertices=77
material group=0 stage=2 alpha_test=0 blend=0 rigid=1 mesh=0 cull=0 depth_write=1 texture=d:\ymir work\monster\orc_soldier\orc_soldier_ax.dds race=651 file=d:\ymir work\monster\orc_soldier\orc_soldier.gr2 vid=20388 part=0 category=2 position=74634,-138638,16599 vertices=777 deform_vertices=700 rigid_vertices=77
submitted: GPU-skinned actor part race=632 file=d:\ymir work\monster\orc_scouter\orc_scouter.gr2 vid=24612 part=0 category=2 position=74477,-138527,16537 vertices=752 deform_vertices=699 rigid_vertices=53
material group=1 stage=0 alpha_test=0 blend=0 rigid=0 mesh=1 cull=0 depth_write=1 texture=d:\ymir work\monster\orc_scouter\orc_scouter.dds race=632 file=d:\ymir work\monster\orc_scouter\orc_scouter.gr2 vid=24612 part=0 category=2 position=74477,-138527,16537 vertices=752 deform_vertices=699 rigid_vertices=53
material group=0 stage=0 alpha_test=0 blend=0 rigid=1 mesh=0 cull=0 depth_write=1 texture=d:\ymir work\monster\orc_scouter\orc_scouter_stick.dds race=632 file=d:\ymir work\monster\orc_scouter\orc_scouter.gr2 vid=24612 part=0 category=2 position=74477,-138527,16537 vertices=752 deform_vertices=699 rigid_vertices=53
material group=0 stage=0 alpha_test=2 blend=0 rigid=0 mesh=0 cull=0 depth_write=1 texture=d:\ymir work\npc\warp\warp.tga race=10011 file=d:\ymir work\npc\warp\warp.gr2 vid=9527 part=0 category=5 position=64000,-143600,16412.5 vertices=43 deform_vertices=43 rigid_vertices=0
submitted: GPU-skinned actor part race=633 file=d:\ymir work\monster\orc_knight\orc_knight.gr2 vid=24609 part=0 category=2 position=73761,-138736,16518.7 vertices=948 deform_vertices=814 rigid_vertices=134
material group=0 stage=0 alpha_test=0 blend=0 rigid=0 mesh=0 cull=0 depth_write=1 texture=d:\ymir work\monster\orc_knight\orc_knight.dds race=633 file=d:\ymir work\monster\orc_knight\orc_knight.gr2 vid=24609 part=0 category=2 position=73761,-138736,16518.7 vertices=948 deform_vertices=814 rigid_vertices=134
material group=0 stage=0 alpha_test=0 blend=0 rigid=1 mesh=1 cull=0 depth_write=1 texture=d:\ymir work\monster\orc_knight\orc_knight.dds race=633 file=d:\ymir work\monster\orc_knight\orc_knight.gr2 vid=24609 part=0 category=2 position=73761,-138736,16518.7 vertices=948 deform_vertices=814 rigid_vertices=134
submitted: GPU-skinned actor part race=2103 file=d:\ymir work\monster2\giant_scorpion\giant_scorpion.gr2 vid=9181 part=0 category=2 position=83478,-138471,16644.6 vertices=1930 deform_vertices=1930 rigid_vertices=0
material group=0 stage=0 alpha_test=0 blend=1 rigid=0 mesh=0 cull=0 depth_write=1 texture=d:\ymir work\monster2\giant_scorpion\giant_scorpion.dds race=2103 file=d:\ymir work\monster2\giant_scorpion\giant_scorpion.gr2 vid=9181 part=0 category=2 position=83478,-138471,16644.6 vertices=1930 deform_vertices=1930 rigid_vertices=0
submitted: GPU-skinned actor part race=2103 file=d:\ymir work\monster2\giant_scorpion\giant_scorpion.gr2 vid=9182 part=0 category=2 position=83509,-138579,16661.4 vertices=1930 deform_vertices=1930 rigid_vertices=0
material group=0 stage=0 alpha_test=0 blend=1 rigid=0 mesh=0 cull=0 depth_write=1 texture=d:\ymir work\monster2\giant_scorpion\giant_scorpion.dds race=2103 file=d:\ymir work\monster2\giant_scorpion\giant_scorpion.gr2 vid=9182 part=0 category=2 position=83509,-138579,16661.4 vertices=1930 deform_vertices=1930 rigid_vertices=0
submitted: GPU-skinned actor part race=631 file=d:\ymir work\monster\orc_soldier\orc_soldier.gr2 vid=9179 part=0 category=2 position=83713,-138794,16675.9 vertices=1627 deform_vertices=1450 rigid_vertices=177
material group=1 stage=0 alpha_test=0 blend=1 rigid=0 mesh=1 cull=0 depth_write=1 texture=d:\ymir work\monster\orc_soldier\orc_soldier.dds race=631 file=d:\ymir work\monster\orc_soldier\orc_soldier.gr2 vid=9179 part=0 category=2 position=83713,-138794,16675.9 vertices=1627 deform_vertices=1450 rigid_vertices=177
material group=0 stage=0 alpha_test=0 blend=1 rigid=1 mesh=0 cull=0 depth_write=1 texture=d:\ymir work\monster\orc_soldier\orc_soldier_ax.dds race=631 file=d:\ymir work\monster\orc_soldier\orc_soldier.gr2 vid=9179 part=0 category=2 position=83713,-138794,16675.9 vertices=1627 deform_vertices=1450 rigid_vertices=177
submitted: GPU-skinned actor part race=653 file=d:\ymir work\monster\orc_knight\orc_knight.gr2 vid=20616 part=0 category=2 position=84547,-133634,16748.8 vertices=1857 deform_vertices=1356 rigid_vertices=501
material group=0 stage=0 alpha_test=0 blend=1 rigid=0 mesh=0 cull=0 depth_write=1 texture=d:\ymir work\monster\orc_knight\orc_knight.dds race=653 file=d:\ymir work\monster\orc_knight\orc_knight.gr2 vid=20616 part=0 category=2 position=84547,-133634,16748.8 vertices=1857 deform_vertices=1356 rigid_vertices=501
material group=0 stage=0 alpha_test=0 blend=1 rigid=1 mesh=1 cull=0 depth_write=1 texture=d:\ymir work\monster\orc_knight\orc_knight.dds race=653 file=d:\ymir work\monster\orc_knight\orc_knight.gr2 vid=20616 part=0 category=2 position=84547,-133634,16748.8 vertices=1857 deform_vertices=1356 rigid_vertices=501
submitted: GPU-skinned actor part race=653 file=d:\ymir work\monster\orc_knight\orc_knight.gr2 vid=20617 part=0 category=2 position=84964,-134470,16746.9 vertices=1857 deform_vertices=1356 rigid_vertices=501
material group=0 stage=0 alpha_test=0 blend=1 rigid=0 mesh=0 cull=0 depth_write=1 texture=d:\ymir work\monster\orc_knight\orc_knight.dds race=653 file=d:\ymir work\monster\orc_knight\orc_knight.gr2 vid=20617 part=0 category=2 position=84964,-134470,16746.9 vertices=1857 deform_vertices=1356 rigid_vertices=501
material group=0 stage=0 alpha_test=0 blend=1 rigid=1 mesh=1 cull=0 depth_write=1 texture=d:\ymir work\monster\orc_knight\orc_knight.dds race=653 file=d:\ymir work\monster\orc_knight\orc_knight.gr2 vid=20617 part=0 category=2 position=84964,-134470,16746.9 vertices=1857 deform_vertices=1356 rigid_vertices=501
submitted: GPU-skinned actor part race=653 file=d:\ymir work\monster\orc_knight\orc_knight.gr2 vid=20618 part=0 category=2 position=84185,-132833,16749.9 vertices=1857 deform_vertices=1356 rigid_vertices=501
material group=0 stage=0 alpha_test=0 blend=1 rigid=0 mesh=0 cull=0 depth_write=1 texture=d:\ymir work\monster\orc_knight\orc_knight.dds race=653 file=d:\ymir work\monster\orc_knight\orc_knight.gr2 vid=20618 part=0 category=2 position=84185,-132833,16749.9 vertices=1857 deform_vertices=1356 rigid_vertices=501
material group=0 stage=0 alpha_test=0 blend=1 rigid=1 mesh=1 cull=0 depth_write=1 texture=d:\ymir work\monster\orc_knight\orc_knight.dds race=653 file=d:\ymir work\monster\orc_knight\orc_knight.gr2 vid=20618 part=0 category=2 position=84185,-132833,16749.9 vertices=1857 deform_vertices=1356 rigid_vertices=501
submitted: GPU-skinned actor part race=651 file=d:\ymir work\monster\orc_soldier\orc_soldier.gr2 vid=9028 part=0 category=2 position=83367,-128355,17081.6 vertices=1627 deform_vertices=1450 rigid_vertices=177
material group=1 stage=0 alpha_test=0 blend=1 rigid=0 mesh=1 cull=0 depth_write=1 texture=d:\ymir work\monster\orc_soldier\orc_soldier.dds race=651 file=d:\ymir work\monster\orc_soldier\orc_soldier.gr2 vid=9028 part=0 category=2 position=83367,-128355,17081.6 vertices=1627 deform_vertices=1450 rigid_vertices=177
material group=0 stage=0 alpha_test=0 blend=1 rigid=1 mesh=0 cull=0 depth_write=1 texture=d:\ymir work\monster\orc_soldier\orc_soldier_ax.dds race=651 file=d:\ymir work\monster\orc_soldier\orc_soldier.gr2 vid=9028 part=0 category=2 position=83367,-128355,17081.6 vertices=1627 deform_vertices=1450 rigid_vertices=177
submitted: GPU-skinned actor part race=651 file=d:\ymir work\monster\orc_soldier\orc_soldier.gr2 vid=9029 part=0 category=2 position=83323,-128204,17088 vertices=1627 deform_vertices=1450 rigid_vertices=177
material group=1 stage=0 alpha_test=0 blend=1 rigid=0 mesh=1 cull=0 depth_write=1 texture=d:\ymir work\monster\orc_soldier\orc_soldier.dds race=651 file=d:\ymir work\monster\orc_soldier\orc_soldier.gr2 vid=9029 part=0 category=2 position=83323,-128204,17088 vertices=1627 deform_vertices=1450 rigid_vertices=177
material group=0 stage=0 alpha_test=0 blend=1 rigid=1 mesh=0 cull=0 depth_write=1 texture=d:\ymir work\monster\orc_soldier\orc_soldier_ax.dds race=651 file=d:\ymir work\monster\orc_soldier\orc_soldier.gr2 vid=9029 part=0 category=2 position=83323,-128204,17088 vertices=1627 deform_vertices=1450 rigid_vertices=177
submitted: GPU-skinned actor part race=651 file=d:\ymir work\monster\orc_soldier\orc_soldier.gr2 vid=9027 part=0 category=2 position=83365,-127604,17097.8 vertices=1627 deform_vertices=1450 rigid_vertices=177
material group=1 stage=0 alpha_test=0 blend=1 rigid=0 mesh=1 cull=0 depth_write=1 texture=d:\ymir work\monster\orc_soldier\orc_soldier.dds race=651 file=d:\ymir work\monster\orc_soldier\orc_soldier.gr2 vid=9027 part=0 category=2 position=83365,-127604,17097.8 vertices=1627 deform_vertices=1450 rigid_vertices=177
material group=0 stage=0 alpha_test=0 blend=1 rigid=1 mesh=0 cull=0 depth_write=1 texture=d:\ymir work\monster\orc_soldier\orc_soldier_ax.dds race=651 file=d:\ymir work\monster\orc_soldier\orc_soldier.gr2 vid=9027 part=0 category=2 position=83365,-127604,17097.8 vertices=1627 deform_vertices=1450 rigid_vertices=177
submitted: GPU-skinned actor part race=653 file=d:\ymir work\monster\orc_knight\orc_knight.gr2 vid=20606 part=0 category=2 position=88803,-134128,16766.9 vertices=1857 deform_vertices=1356 rigid_vertices=501
material group=0 stage=0 alpha_test=0 blend=1 rigid=0 mesh=0 cull=0 depth_write=1 texture=d:\ymir work\monster\orc_knight\orc_knight.dds race=653 file=d:\ymir work\monster\orc_knight\orc_knight.gr2 vid=20606 part=0 category=2 position=88803,-134128,16766.9 vertices=1857 deform_vertices=1356 rigid_vertices=501
material group=0 stage=0 alpha_test=0 blend=1 rigid=1 mesh=1 cull=0 depth_write=1 texture=d:\ymir work\monster\orc_knight\orc_knight.dds race=653 file=d:\ymir work\monster\orc_knight\orc_knight.gr2 vid=20606 part=0 category=2 position=88803,-134128,16766.9 vertices=1857 deform_vertices=1356 rigid_vertices=501
submitted: GPU-skinned actor part race=633 file=d:\ymir work\monster\orc_knight\orc_knight.gr2 vid=9173 part=0 category=2 position=76567,-136847,16551.8 vertices=948 deform_vertices=814 rigid_vertices=134
material group=0 stage=0 alpha_test=0 blend=0 rigid=0 mesh=0 cull=0 depth_write=1 texture=d:\ymir work\monster\orc_knight\orc_knight.dds race=633 file=d:\ymir work\monster\orc_knight\orc_knight.gr2 vid=9173 part=0 category=2 position=76567,-136847,16551.8 vertices=948 deform_vertices=814 rigid_vertices=134
material group=0 stage=0 alpha_test=0 blend=0 rigid=1 mesh=1 cull=0 depth_write=1 texture=d:\ymir work\monster\orc_knight\orc_knight.dds race=633 file=d:\ymir work\monster\orc_knight\orc_knight.gr2 vid=9173 part=0 category=2 position=76567,-136847,16551.8 vertices=948 deform_vertices=814 rigid_vertices=134
material group=0 stage=0 alpha_test=0 blend=0 rigid=0 mesh=0 cull=0 depth_write=1 texture=d:\ymir work\monster2\giant_scorpion\giant_scorpion.dds race=2103 file=d:\ymir work\monster2\giant_scorpion\giant_scorpion.gr2 vid=9181 part=0 category=2 position=83478,-138471,16644.6 vertices=1930 deform_vertices=1930 rigid_vertices=0
material group=0 stage=0 alpha_test=0 blend=0 rigid=0 mesh=0 cull=0 depth_write=1 texture=d:\ymir work\monster2\giant_scorpion\giant_scorpion.dds race=2103 file=d:\ymir work\monster2\giant_scorpion\giant_scorpion.gr2 vid=9182 part=0 category=2 position=83509,-138579,16661.4 vertices=1930 deform_vertices=1930 rigid_vertices=0
material group=1 stage=0 alpha_test=0 blend=0 rigid=0 mesh=1 cull=0 depth_write=1 texture=d:\ymir work\monster\orc_soldier\orc_soldier.dds race=631 file=d:\ymir work\monster\orc_soldier\orc_soldier.gr2 vid=9179 part=0 category=2 position=83713,-138794,16675.9 vertices=1627 deform_vertices=1450 rigid_vertices=177
material group=0 stage=0 alpha_test=0 blend=0 rigid=1 mesh=0 cull=0 depth_write=1 texture=d:\ymir work\monster\orc_soldier\orc_soldier_ax.dds race=631 file=d:\ymir work\monster\orc_soldier\orc_soldier.gr2 vid=9179 part=0 category=2 position=83713,-138794,16675.9 vertices=1627 deform_vertices=1450 rigid_vertices=177
material group=0 stage=2 alpha_test=0 blend=0 rigid=0 mesh=0 cull=0 depth_write=1 texture=d:\ymir work\monster\orc_knight\orc_knight.dds race=653 file=d:\ymir work\monster\orc_knight\orc_knight.gr2 vid=20616 part=0 category=2 position=84547,-133634,16748.8 vertices=1857 deform_vertices=1356 rigid_vertices=501
material group=0 stage=2 alpha_test=0 blend=0 rigid=1 mesh=1 cull=0 depth_write=1 texture=d:\ymir work\monster\orc_knight\orc_knight.dds race=653 file=d:\ymir work\monster\orc_knight\orc_knight.gr2 vid=20616 part=0 category=2 position=84547,-133634,16748.8 vertices=1857 deform_vertices=1356 rigid_vertices=501
material group=0 stage=2 alpha_test=0 blend=0 rigid=0 mesh=0 cull=0 depth_write=1 texture=d:\ymir work\monster\orc_knight\orc_knight.dds race=653 file=d:\ymir work\monster\orc_knight\orc_knight.gr2 vid=20617 part=0 category=2 position=84964,-134470,16746.9 vertices=1857 deform_vertices=1356 rigid_vertices=501
material group=0 stage=2 alpha_test=0 blend=0 rigid=1 mesh=1 cull=0 depth_write=1 texture=d:\ymir work\monster\orc_knight\orc_knight.dds race=653 file=d:\ymir work\monster\orc_knight\orc_knight.gr2 vid=20617 part=0 category=2 position=84964,-134470,16746.9 vertices=1857 deform_vertices=1356 rigid_vertices=501
material group=0 stage=2 alpha_test=0 blend=0 rigid=0 mesh=0 cull=0 depth_write=1 texture=d:\ymir work\monster\orc_knight\orc_knight.dds race=653 file=d:\ymir work\monster\orc_knight\orc_knight.gr2 vid=20618 part=0 category=2 position=84185,-132833,16749.9 vertices=1857 deform_vertices=1356 rigid_vertices=501
material group=0 stage=2 alpha_test=0 blend=0 rigid=1 mesh=1 cull=0 depth_write=1 texture=d:\ymir work\monster\orc_knight\orc_knight.dds race=653 file=d:\ymir work\monster\orc_knight\orc_knight.gr2 vid=20618 part=0 category=2 position=84185,-132833,16749.9 vertices=1857 deform_vertices=1356 rigid_vertices=501
material group=1 stage=2 alpha_test=0 blend=0 rigid=0 mesh=1 cull=0 depth_write=1 texture=d:\ymir work\monster\orc_soldier\orc_soldier.dds race=651 file=d:\ymir work\monster\orc_soldier\orc_soldier.gr2 vid=9028 part=0 category=2 position=83367,-128355,17081.6 vertices=1627 deform_vertices=1450 rigid_vertices=177
material group=0 stage=2 alpha_test=0 blend=0 rigid=1 mesh=0 cull=0 depth_write=1 texture=d:\ymir work\monster\orc_soldier\orc_soldier_ax.dds race=651 file=d:\ymir work\monster\orc_soldier\orc_soldier.gr2 vid=9028 part=0 category=2 position=83367,-128355,17081.6 vertices=1627 deform_vertices=1450 rigid_vertices=177
material group=1 stage=2 alpha_test=0 blend=0 rigid=0 mesh=1 cull=0 depth_write=1 texture=d:\ymir work\monster\orc_soldier\orc_soldier.dds race=651 file=d:\ymir work\monster\orc_soldier\orc_soldier.gr2 vid=9029 part=0 category=2 position=83323,-128204,17088 vertices=1627 deform_vertices=1450 rigid_vertices=177
material group=0 stage=2 alpha_test=0 blend=0 rigid=1 mesh=0 cull=0 depth_write=1 texture=d:\ymir work\monster\orc_soldier\orc_soldier_ax.dds race=651 file=d:\ymir work\monster\orc_soldier\orc_soldier.gr2 vid=9029 part=0 category=2 position=83323,-128204,17088 vertices=1627 deform_vertices=1450 rigid_vertices=177
material group=1 stage=2 alpha_test=0 blend=0 rigid=0 mesh=1 cull=0 depth_write=1 texture=d:\ymir work\monster\orc_soldier\orc_soldier.dds race=651 file=d:\ymir work\monster\orc_soldier\orc_soldier.gr2 vid=9027 part=0 category=2 position=83365,-127604,17097.8 vertices=1627 deform_vertices=1450 rigid_vertices=177
material group=0 stage=2 alpha_test=0 blend=0 rigid=1 mesh=0 cull=0 depth_write=1 texture=d:\ymir work\monster\orc_soldier\orc_soldier_ax.dds race=651 file=d:\ymir work\monster\orc_soldier\orc_soldier.gr2 vid=9027 part=0 category=2 position=83365,-127604,17097.8 vertices=1627 deform_vertices=1450 rigid_vertices=177
submitted: GPU-skinned actor part race=653 file=d:\ymir work\monster\orc_knight\orc_knight.gr2 vid=20605 part=0 category=2 position=89209,-133977,16801.9 vertices=1857 deform_vertices=1356 rigid_vertices=501
material group=0 stage=0 alpha_test=0 blend=1 rigid=0 mesh=0 cull=0 depth_write=1 texture=d:\ymir work\monster\orc_knight\orc_knight.dds race=653 file=d:\ymir work\monster\orc_knight\orc_knight.gr2 vid=20605 part=0 category=2 position=89209,-133977,16801.9 vertices=1857 deform_vertices=1356 rigid_vertices=501
material group=0 stage=0 alpha_test=0 blend=1 rigid=1 mesh=1 cull=0 depth_write=1 texture=d:\ymir work\monster\orc_knight\orc_knight.dds race=653 file=d:\ymir work\monster\orc_knight\orc_knight.gr2 vid=20605 part=0 category=2 position=89209,-133977,16801.9 vertices=1857 deform_vertices=1356 rigid_vertices=501
submitted: GPU-skinned actor part race=632 file=d:\ymir work\monster\orc_scouter\orc_scouter.gr2 vid=21642 part=0 category=2 position=88808,-132811,16869.6 vertices=1400 deform_vertices=1298 rigid_vertices=102
material group=1 stage=0 alpha_test=0 blend=1 rigid=0 mesh=1 cull=0 depth_write=1 texture=d:\ymir work\monster\orc_scouter\orc_scouter.dds race=632 file=d:\ymir work\monster\orc_scouter\orc_scouter.gr2 vid=21642 part=0 category=2 position=88808,-132811,16869.6 vertices=1400 deform_vertices=1298 rigid_vertices=102
material group=0 stage=0 alpha_test=0 blend=1 rigid=1 mesh=0 cull=0 depth_write=1 texture=d:\ymir work\monster\orc_scouter\orc_scouter_stick.dds race=632 file=d:\ymir work\monster\orc_scouter\orc_scouter.gr2 vid=21642 part=0 category=2 position=88808,-132811,16869.6 vertices=1400 deform_vertices=1298 rigid_vertices=102
submitted: GPU-skinned actor part race=653 file=d:\ymir work\monster\orc_knight\orc_knight.gr2 vid=20604 part=0 category=2 position=89216,-133580,16816.3 vertices=1857 deform_vertices=1356 rigid_vertices=501
material group=0 stage=0 alpha_test=0 blend=1 rigid=0 mesh=0 cull=0 depth_write=1 texture=d:\ymir work\monster\orc_knight\orc_knight.dds race=653 file=d:\ymir work\monster\orc_knight\orc_knight.gr2 vid=20604 part=0 category=2 position=89216,-133580,16816.3 vertices=1857 deform_vertices=1356 rigid_vertices=501
material group=0 stage=0 alpha_test=0 blend=1 rigid=1 mesh=1 cull=0 depth_write=1 texture=d:\ymir work\monster\orc_knight\orc_knight.dds race=653 file=d:\ymir work\monster\orc_knight\orc_knight.gr2 vid=20604 part=0 category=2 position=89216,-133580,16816.3 vertices=1857 deform_vertices=1356 rigid_vertices=501
submitted: GPU-skinned actor part race=633 file=d:\ymir work\monster\orc_knight\orc_knight.gr2 vid=21640 part=0 category=2 position=88966.1,-132817,16891.5 vertices=1857 deform_vertices=1356 rigid_vertices=501
material group=0 stage=0 alpha_test=0 blend=1 rigid=0 mesh=0 cull=0 depth_write=1 texture=d:\ymir work\monster\orc_knight\orc_knight.dds race=633 file=d:\ymir work\monster\orc_knight\orc_knight.gr2 vid=21640 part=0 category=2 position=88966.1,-132817,16891.5 vertices=1857 deform_vertices=1356 rigid_vertices=501
material group=0 stage=0 alpha_test=0 blend=1 rigid=1 mesh=1 cull=0 depth_write=1 texture=d:\ymir work\monster\orc_knight\orc_knight.dds race=633 file=d:\ymir work\monster\orc_knight\orc_knight.gr2 vid=21640 part=0 category=2 position=88966.1,-132817,16891.5 vertices=1857 deform_vertices=1356 rigid_vertices=501
material group=1 stage=0 alpha_test=0 blend=0 rigid=0 mesh=1 cull=0 depth_write=1 texture=d:\ymir work\monster\orc_scouter\orc_scouter.dds race=632 file=d:\ymir work\monster\orc_scouter\orc_scouter.gr2 vid=21642 part=0 category=2 position=88808,-132811,16869.6 vertices=1400 deform_vertices=1298 rigid_vertices=102
material group=0 stage=0 alpha_test=0 blend=0 rigid=1 mesh=0 cull=0 depth_write=1 texture=d:\ymir work\monster\orc_scouter\orc_scouter_stick.dds race=632 file=d:\ymir work\monster\orc_scouter\orc_scouter.gr2 vid=21642 part=0 category=2 position=88808,-132811,16869.6 vertices=1400 deform_vertices=1298 rigid_vertices=102
material group=0 stage=2 alpha_test=0 blend=0 rigid=0 mesh=0 cull=0 depth_write=1 texture=d:\ymir work\monster\orc_knight\orc_knight.dds race=653 file=d:\ymir work\monster\orc_knight\orc_knight.gr2 vid=20604 part=0 category=2 position=89216,-133580,16816.3 vertices=1857 deform_vertices=1356 rigid_vertices=501
material group=0 stage=2 alpha_test=0 blend=0 rigid=1 mesh=1 cull=0 depth_write=1 texture=d:\ymir work\monster\orc_knight\orc_knight.dds race=653 file=d:\ymir work\monster\orc_knight\orc_knight.gr2 vid=20604 part=0 category=2 position=89216,-133580,16816.3 vertices=1857 deform_vertices=1356 rigid_vertices=501
submitted: GPU-skinned actor part race=633 file=d:\ymir work\monster\orc_knight\orc_knight.gr2 vid=21641 part=0 category=2 position=89313,-132673,16961.4 vertices=1857 deform_vertices=1356 rigid_vertices=501
material group=0 stage=0 alpha_test=0 blend=1 rigid=0 mesh=0 cull=0 depth_write=1 texture=d:\ymir work\monster\orc_knight\orc_knight.dds race=633 file=d:\ymir work\monster\orc_knight\orc_knight.gr2 vid=21641 part=0 category=2 position=89313,-132673,16961.4 vertices=1857 deform_vertices=1356 rigid_vertices=501
material group=0 stage=0 alpha_test=0 blend=1 rigid=1 mesh=1 cull=0 depth_write=1 texture=d:\ymir work\monster\orc_knight\orc_knight.dds race=633 file=d:\ymir work\monster\orc_knight\orc_knight.gr2 vid=21641 part=0 category=2 position=89313,-132673,16961.4 vertices=1857 deform_vertices=1356 rigid_vertices=501
material group=0 stage=2 alpha_test=0 blend=0 rigid=0 mesh=0 cull=0 depth_write=1 texture=d:\ymir work\monster\orc_knight\orc_knight.dds race=653 file=d:\ymir work\monster\orc_knight\orc_knight.gr2 vid=20606 part=0 category=2 position=88803,-134128,16766.9 vertices=1857 deform_vertices=1356 rigid_vertices=501
material group=0 stage=2 alpha_test=0 blend=0 rigid=1 mesh=1 cull=0 depth_write=1 texture=d:\ymir work\monster\orc_knight\orc_knight.dds race=653 file=d:\ymir work\monster\orc_knight\orc_knight.gr2 vid=20606 part=0 category=2 position=88803,-134128,16766.9 vertices=1857 deform_vertices=1356 rigid_vertices=501
material group=0 stage=2 alpha_test=0 blend=0 rigid=0 mesh=0 cull=0 depth_write=1 texture=d:\ymir work\monster\orc_knight\orc_knight.dds race=653 file=d:\ymir work\monster\orc_knight\orc_knight.gr2 vid=20605 part=0 category=2 position=89209,-133977,16801.9 vertices=1857 deform_vertices=1356 rigid_vertices=501
material group=0 stage=2 alpha_test=0 blend=0 rigid=1 mesh=1 cull=0 depth_write=1 texture=d:\ymir work\monster\orc_knight\orc_knight.dds race=653 file=d:\ymir work\monster\orc_knight\orc_knight.gr2 vid=20605 part=0 category=2 position=89209,-133977,16801.9 vertices=1857 deform_vertices=1356 rigid_vertices=501
material group=0 stage=0 alpha_test=0 blend=0 rigid=0 mesh=0 cull=0 depth_write=1 texture=d:\ymir work\monster\orc_knight\orc_knight.dds race=633 file=d:\ymir work\monster\orc_knight\orc_knight.gr2 vid=21640 part=0 category=2 position=88793.7,-132677,16895 vertices=1857 deform_vertices=1356 rigid_vertices=501
material group=0 stage=0 alpha_test=0 blend=0 rigid=1 mesh=1 cull=0 depth_write=1 texture=d:\ymir work\monster\orc_knight\orc_knight.dds race=633 file=d:\ymir work\monster\orc_knight\orc_knight.gr2 vid=21640 part=0 category=2 position=88793.7,-132677,16895 vertices=1857 deform_vertices=1356 rigid_vertices=501
submitted: GPU-skinned actor part race=632 file=d:\ymir work\monster\orc_scouter\orc_scouter.gr2 vid=21643 part=0 category=2 position=89391,-132580,16979.7 vertices=1400 deform_vertices=1298 rigid_vertices=102
material group=1 stage=0 alpha_test=0 blend=1 rigid=0 mesh=1 cull=0 depth_write=1 texture=d:\ymir work\monster\orc_scouter\orc_scouter.dds race=632 file=d:\ymir work\monster\orc_scouter\orc_scouter.gr2 vid=21643 part=0 category=2 position=89391,-132580,16979.7 vertices=1400 deform_vertices=1298 rigid_vertices=102
material group=0 stage=0 alpha_test=0 blend=1 rigid=1 mesh=0 cull=0 depth_write=1 texture=d:\ymir work\monster\orc_scouter\orc_scouter_stick.dds race=632 file=d:\ymir work\monster\orc_scouter\orc_scouter.gr2 vid=21643 part=0 category=2 position=89391,-132580,16979.7 vertices=1400 deform_vertices=1298 rigid_vertices=102
submitted: GPU-skinned actor part race=2103 file=d:\ymir work\monster2\giant_scorpion\giant_scorpion.gr2 vid=20622 part=0 category=2 position=86581,-137925,16772.8 vertices=1930 deform_vertices=1930 rigid_vertices=0
material group=0 stage=0 alpha_test=0 blend=0 rigid=0 mesh=0 cull=0 depth_write=1 texture=d:\ymir work\monster2\giant_scorpion\giant_scorpion.dds race=2103 file=d:\ymir work\monster2\giant_scorpion\giant_scorpion.gr2 vid=20622 part=0 category=2 position=86581,-137925,16772.8 vertices=1930 deform_vertices=1930 rigid_vertices=0
submitted: GPU-skinned actor part race=631 file=d:\ymir work\monster\orc_soldier\orc_soldier.gr2 vid=20620 part=0 category=2 position=86403,-138289,16790.9 vertices=1627 deform_vertices=1450 rigid_vertices=177
material group=1 stage=0 alpha_test=0 blend=0 rigid=0 mesh=1 cull=0 depth_write=1 texture=d:\ymir work\monster\orc_soldier\orc_soldier.dds race=631 file=d:\ymir work\monster\orc_soldier\orc_soldier.gr2 vid=20620 part=0 category=2 position=86403,-138289,16790.9 vertices=1627 deform_vertices=1450 rigid_vertices=177
material group=0 stage=0 alpha_test=0 blend=0 rigid=1 mesh=0 cull=0 depth_write=1 texture=d:\ymir work\monster\orc_soldier\orc_soldier_ax.dds race=631 file=d:\ymir work\monster\orc_soldier\orc_soldier.gr2 vid=20620 part=0 category=2 position=86403,-138289,16790.9 vertices=1627 deform_vertices=1450 rigid_vertices=177
submitted: GPU-skinned actor part race=631 file=d:\ymir work\monster\orc_soldier\orc_soldier.gr2 vid=20621 part=0 category=2 position=86799,-138421,16797.1 vertices=1627 deform_vertices=1450 rigid_vertices=177
material group=1 stage=0 alpha_test=0 blend=0 rigid=0 mesh=1 cull=0 depth_write=1 texture=d:\ymir work\monster\orc_soldier\orc_soldier.dds race=631 file=d:\ymir work\monster\orc_soldier\orc_soldier.gr2 vid=20621 part=0 category=2 position=86799,-138421,16797.1 vertices=1627 deform_vertices=1450 rigid_vertices=177
material group=0 stage=0 alpha_test=0 blend=0 rigid=1 mesh=0 cull=0 depth_write=1 texture=d:\ymir work\monster\orc_soldier\orc_soldier_ax.dds race=631 file=d:\ymir work\monster\orc_soldier\orc_soldier.gr2 vid=20621 part=0 category=2 position=86799,-138421,16797.1 vertices=1627 deform_vertices=1450 rigid_vertices=177
submitted: GPU-skinned actor part race=631 file=d:\ymir work\monster\orc_soldier\orc_soldier.gr2 vid=20619 part=0 category=2 position=87150,-138555,16799.9 vertices=1627 deform_vertices=1450 rigid_vertices=177
material group=1 stage=0 alpha_test=0 blend=0 rigid=0 mesh=1 cull=0 depth_write=1 texture=d:\ymir work\monster\orc_soldier\orc_soldier.dds race=631 file=d:\ymir work\monster\orc_soldier\orc_soldier.gr2 vid=20619 part=0 category=2 position=87150,-138555,16799.9 vertices=1627 deform_vertices=1450 rigid_vertices=177
material group=0 stage=0 alpha_test=0 blend=0 rigid=1 mesh=0 cull=0 depth_write=1 texture=d:\ymir work\monster\orc_soldier\orc_soldier_ax.dds race=631 file=d:\ymir work\monster\orc_soldier\orc_soldier.gr2 vid=20619 part=0 category=2 position=87150,-138555,16799.9 vertices=1627 deform_vertices=1450 rigid_vertices=177
material group=0 stage=0 alpha_test=0 blend=0 rigid=0 mesh=0 cull=0 depth_write=1 texture=d:\ymir work\monster\orc_knight\orc_knight.dds race=633 file=d:\ymir work\monster\orc_knight\orc_knight.gr2 vid=21641 part=0 category=2 position=89313,-132673,16961.4 vertices=1857 deform_vertices=1356 rigid_vertices=501
material group=0 stage=0 alpha_test=0 blend=0 rigid=1 mesh=1 cull=0 depth_write=1 texture=d:\ymir work\monster\orc_knight\orc_knight.dds race=633 file=d:\ymir work\monster\orc_knight\orc_knight.gr2 vid=21641 part=0 category=2 position=89313,-132673,16961.4 vertices=1857 deform_vertices=1356 rigid_vertices=501
submitted: GPU-skinned actor part race=602 file=d:\ymir work\monster\orc_scouter\orc_scouter.gr2 vid=21646 part=0 category=2 position=89585,-131512,17029 vertices=1400 deform_vertices=1298 rigid_vertices=102
material group=1 stage=0 alpha_test=0 blend=1 rigid=0 mesh=1 cull=0 depth_write=1 texture=d:\ymir work\monster\orc_scouter\orc_scouter.dds race=602 file=d:\ymir work\monster\orc_scouter\orc_scouter.gr2 vid=21646 part=0 category=2 position=89585,-131512,17029 vertices=1400 deform_vertices=1298 rigid_vertices=102
material group=0 stage=0 alpha_test=0 blend=1 rigid=1 mesh=0 cull=0 depth_write=1 texture=d:\ymir work\monster\orc_scouter\orc_scouter_stick.dds race=602 file=d:\ymir work\monster\orc_scouter\orc_scouter.gr2 vid=21646 part=0 category=2 position=89585,-131512,17029 vertices=1400 deform_vertices=1298 rigid_vertices=102
submitted: GPU-skinned actor part race=633 file=d:\ymir work\monster\orc_knight\orc_knight.gr2 vid=9046 part=0 category=2 position=89499,-131020,17019.7 vertices=1857 deform_vertices=1356 rigid_vertices=501
material group=0 stage=0 alpha_test=0 blend=1 rigid=0 mesh=0 cull=0 depth_write=1 texture=d:\ymir work\monster\orc_knight\orc_knight.dds race=633 file=d:\ymir work\monster\orc_knight\orc_knight.gr2 vid=9046 part=0 category=2 position=89499,-131020,17019.7 vertices=1857 deform_vertices=1356 rigid_vertices=501
material group=0 stage=0 alpha_test=0 blend=1 rigid=1 mesh=1 cull=0 depth_write=1 texture=d:\ymir work\monster\orc_knight\orc_knight.dds race=633 file=d:\ymir work\monster\orc_knight\orc_knight.gr2 vid=9046 part=0 category=2 position=89499,-131020,17019.7 vertices=1857 deform_vertices=1356 rigid_vertices=501
submitted: GPU-skinned actor part race=632 file=d:\ymir work\monster\orc_scouter\orc_scouter.gr2 vid=9048 part=0 category=2 position=89390,-130612,17019.2 vertices=1400 deform_vertices=1298 rigid_vertices=102
material group=1 stage=0 alpha_test=0 blend=1 rigid=0 mesh=1 cull=0 depth_write=1 texture=d:\ymir work\monster\orc_scouter\orc_scouter.dds race=632 file=d:\ymir work\monster\orc_scouter\orc_scouter.gr2 vid=9048 part=0 category=2 position=89390,-130612,17019.2 vertices=1400 deform_vertices=1298 rigid_vertices=102
material group=0 stage=0 alpha_test=0 blend=1 rigid=1 mesh=0 cull=0 depth_write=1 texture=d:\ymir work\monster\orc_scouter\orc_scouter_stick.dds race=632 file=d:\ymir work\monster\orc_scouter\orc_scouter.gr2 vid=9048 part=0 category=2 position=89390,-130612,17019.2 vertices=1400 deform_vertices=1298 rigid_vertices=102
submitted: GPU-skinned actor part race=604 file=d:\ymir work\monster\orc_magician\orc_magician.gr2 vid=21644 part=0 category=2 position=89580,-130632,17008.9 vertices=1525 deform_vertices=1465 rigid_vertices=60
material group=0 stage=0 alpha_test=0 blend=1 rigid=0 mesh=0 cull=0 depth_write=1 texture=d:\ymir work\monster\orc_magician\orc_magician.dds race=604 file=d:\ymir work\monster\orc_magician\orc_magician.gr2 vid=21644 part=0 category=2 position=89580,-130632,17008.9 vertices=1525 deform_vertices=1465 rigid_vertices=60
material group=0 stage=0 alpha_test=0 blend=1 rigid=1 mesh=1 cull=0 depth_write=1 texture=d:\ymir work\monster\orc_magician\orc_magician.dds race=604 file=d:\ymir work\monster\orc_magician\orc_magician.gr2 vid=21644 part=0 category=2 position=89580,-130632,17008.9 vertices=1525 deform_vertices=1465 rigid_vertices=60
material group=0 stage=0 alpha_test=0 blend=0 rigid=0 mesh=0 cull=0 depth_write=1 texture=d:\ymir work\monster\orc_knight\orc_knight.dds race=633 file=d:\ymir work\monster\orc_knight\orc_knight.gr2 vid=9046 part=0 category=2 position=89416.5,-131274,17029 vertices=1857 deform_vertices=1356 rigid_vertices=501
material group=0 stage=0 alpha_test=0 blend=0 rigid=1 mesh=1 cull=0 depth_write=1 texture=d:\ymir work\monster\orc_knight\orc_knight.dds race=633 file=d:\ymir work\monster\orc_knight\orc_knight.gr2 vid=9046 part=0 category=2 position=89416.5,-131274,17029 vertices=1857 deform_vertices=1356 rigid_vertices=501
material group=1 stage=0 alpha_test=0 blend=0 rigid=0 mesh=1 cull=0 depth_write=1 texture=d:\ymir work\monster\orc_scouter\orc_scouter.dds race=632 file=d:\ymir work\monster\orc_scouter\orc_scouter.gr2 vid=9048 part=0 category=2 position=89390,-130612,17019.2 vertices=1400 deform_vertices=1298 rigid_vertices=102
material group=0 stage=0 alpha_test=0 blend=0 rigid=1 mesh=0 cull=0 depth_write=1 texture=d:\ymir work\monster\orc_scouter\orc_scouter_stick.dds race=632 file=d:\ymir work\monster\orc_scouter\orc_scouter.gr2 vid=9048 part=0 category=2 position=89390,-130612,17019.2 vertices=1400 deform_vertices=1298 rigid_vertices=102
material group=1 stage=2 alpha_test=0 blend=0 rigid=0 mesh=1 cull=0 depth_write=1 texture=d:\ymir work\monster\orc_scouter\orc_scouter.dds race=602 file=d:\ymir work\monster\orc_scouter\orc_scouter.gr2 vid=21646 part=0 category=2 position=89662.4,-131338,17019.8 vertices=1400 deform_vertices=1298 rigid_vertices=102
material group=0 stage=2 alpha_test=0 blend=0 rigid=1 mesh=0 cull=0 depth_write=1 texture=d:\ymir work\monster\orc_scouter\orc_scouter_stick.dds race=602 file=d:\ymir work\monster\orc_scouter\orc_scouter.gr2 vid=21646 part=0 category=2 position=89662.4,-131338,17019.8 vertices=1400 deform_vertices=1298 rigid_vertices=102
material group=0 stage=2 alpha_test=0 blend=0 rigid=0 mesh=0 cull=0 depth_write=1 texture=d:\ymir work\monster\orc_magician\orc_magician.dds race=604 file=d:\ymir work\monster\orc_magician\orc_magician.gr2 vid=21644 part=0 category=2 position=89580,-130632,17008.9 vertices=1525 deform_vertices=1465 rigid_vertices=60
material group=0 stage=2 alpha_test=0 blend=0 rigid=1 mesh=1 cull=0 depth_write=1 texture=d:\ymir work\monster\orc_magician\orc_magician.dds race=604 file=d:\ymir work\monster\orc_magician\orc_magician.gr2 vid=21644 part=0 category=2 position=89580,-130632,17008.9 vertices=1525 deform_vertices=1465 rigid_vertices=60
